OBJECTID;LAND;BEZ;LOR;STRASSE;UJAHR;UMONAT;USTUNDE;UWOCHENTAG;UKATEGORIE;UART;UTYP1;ULICHTVERH;IstRad;IstPKW;IstFuss;IstKrad;IstGkfz;IstSonstige;USTRZUSTAND;LINREFX;LINREFY;XGCSWGS84;YGCSWGS84\
50458;11;3;3061435;Conrad-Blenkle-Stra\'dfe;2019;4;17;3;3;5;2;0;1;1;0;0;0;0;0;801518,4407;5829102,62;13,44576;52,52839\
50459;11;10;10010204;Wuhletalstra\'dfe;2019;11;5;6;2;5;3;2;0;1;0;0;0;0;0;808897,3951;5833398,142;13,55818;52,56276\
50460;11;4;4041134;Bismarckallee;2019;10;11;3;2;0;1;0;0;0;0;1;0;0;0;791014,3052;5824659,463;13,28747;52,49427\
50461;11;7;7070701;Kettinger Stra\'dfe/Schillerstra\'dfe;2019;9;16;2;2;5;3;0;0;1;0;1;0;0;1;799678,1367;5815247,722;13,40627;52,40522\
50463;11;4;4020208;Kranzallee;2019;6;7;2;3;2;6;0;0;1;0;0;0;0;0;788346,0774;5826030,168;13,24947;52,50798\
50464;11;7;7070701;Kettinger Stra\'dfe/Schillerstra\'dfe;2019;8;14;4;3;2;6;0;0;1;0;0;0;0;1;799229,4992;5816329,158;13,40066;52,41516\
50465;11;5;5020628;Graetschelsteig;2019;4;19;3;3;2;7;0;1;1;0;0;0;0;0;784035,3235;5826575,963;13,18659;52,51513\
50466;11;2;2050602;Samariterviertel;2019;11;17;4;3;6;4;2;0;1;1;0;0;0;1;802685,7532;5827676,261;13,46161;52,51496\
50467;11;1;1022202;Heidestra\'dfe;2019;6;9;5;3;2;1;0;0;1;0;0;0;0;0;796317,1383;5828827,802;13,36906;52,52878\
50468;11;4;4020313;K\'f6nigin-Elisabeth-Stra\'dfe;2019;9;10;2;3;5;2;0;1;0;0;0;1;0;0;790514,0274;5826374,665;13,28162;52,50991\
50469;11;7;7020203;Kaiser-Wilhelm-Platz;2019;12;18;2;3;5;3;2;1;1;0;0;0;0;1;795794,936;5824126,932;13,35721;52,48693\
50470;11;1;1011202;Unter den Linden Nord;2019;8;9;4;3;3;2;0;0;1;0;1;0;0;0;796917,3784;5827467,61;13,37667;52,51626\
50471;11;10;10010207;Marzahner Promenade;2019;10;19;4;3;2;7;2;0;1;0;0;0;0;0;807965,934;5831210,966;13,54245;52,54369\
50472;11;8;8020619;Buschkrugallee Nord;2019;8;6;4;3;3;6;1;0;1;0;1;0;0;0;802276,3871;5821961,769;13,45041;52,46397\
50473;11;3;3061332;Helmholtzplatz;2019;9;18;6;3;2;6;0;0;1;0;0;0;0;1;799933,929;5830209,502;13,42347;52,53919\
50474;11;7;7030303;Grazer Platz;2019;4;20;2;3;3;6;1;0;1;0;0;0;0;0;795337,846;5822754,61;13,34928;52,47487\
50475;11;11;11030721;R\'fcdigerstra\'dfe;2019;10;17;3;3;3;6;1;0;1;0;0;1;0;1;804316,1011;5827510,343;13,48541;52,51257\
50476;11;4;4010101;Jungfernheide;2019;9;13;2;3;8;1;0;0;1;0;0;0;0;0;790973,9418;5828992,753;13,29067;52,53314\
50478;11;1;1011104;K\'f6rnerstra\'dfe;2019;6;21;2;3;0;1;2;1;0;0;0;0;0;0;796247,0997;5825925,559;13,36545;52,50281\
50479;11;1;1011105;N\'f6rdlicher Landwehrkanal;2019;8;15;4;3;5;2;0;1;1;0;0;0;0;0;796420,2339;5826327,806;13,36835;52,50632\
50480;11;3;3050923;Wei\'dfenseer Spitze;2019;4;18;2;3;6;4;0;1;0;1;0;0;0;0;800301,2907;5831678,598;13,4302;52,55216\
50481;11;2;2050602;Samariterviertel;2019;11;1;7;3;5;3;2;0;1;0;0;0;0;0;802148,9601;5827734,648;13,45378;52,51578\
50482;11;5;5020524;Weinmeisterhornweg;2019;6;19;2;3;2;6;0;0;1;0;0;0;0;0;782197,9865;5824998,343;13,15825;52,50194\
50483;11;1;1011102;Gro\'dfer Tiergarten;2019;9;9;2;2;5;2;0;1;1;0;0;0;0;1;796450,2777;5827390,273;13,36974;52,51582\
50484;11;4;4010102;Pl\'f6tzensee;2019;12;15;4;3;2;6;0;0;1;0;0;0;0;0;793456,2688;5829747,198;13,32783;52,53857\
50485;11;7;7040401;Neu-Tempelhof;2019;8;12;3;3;2;6;0;0;1;0;0;0;1;0;797827,0869;5822414,179;13,38552;52,47047\
50486;11;3;3061332;Helmholtzplatz;2019;4;9;2;3;0;2;0;0;1;0;0;0;1;1;799975,0225;5830201,053;13,42406;52,53909\
50487;11;7;7040402;Lindenhofsiedlung;2019;10;19;6;3;2;6;2;0;1;0;0;0;0;0;796472,6164;5822575,939;13,36578;52,47266\
50488;11;10;10010309;Springpfuhl;2019;9;11;1;3;3;6;0;1;1;0;0;0;0;0;807653,7135;5829957,125;13,5367;52,53263\
50489;11;2;2040701;Andreasviertel;2019;8;9;3;3;3;2;0;0;0;0;1;1;0;0;800456,0741;5827947,485;13,4291;52,51863\
50490;11;1;1011303;Alexanderplatzviertel;2019;4;11;2;3;5;3;0;1;0;0;0;1;0;1;799123,2126;5827663,403;13,40926;52,51681\
50491;11;7;7030303;Grazer Platz;2019;10;13;3;3;5;7;0;0;1;0;0;0;0;1;795679,7813;5823173,24;13,35467;52,47844\
50492;11;2;2050602;Samariterviertel;2019;6;17;4;2;3;6;0;1;0;0;0;0;0;0;803373,2976;5827605,844;13,47165;52,51395\
50493;11;4;4020209;Eichkamp;2019;9;16;1;3;2;6;0;0;1;0;0;0;0;0;789745,0425;5824735,361;13,26889;52,49563\
50494;11;1;1033203;Humboldthain Nordwest;2019;12;22;4;3;6;4;2;0;1;1;0;0;0;0;796342,4704;5830079,197;13,37055;52,53999\
50495;11;3;3061429;Greifswalder Stra\'dfe;2019;6;23;2;3;5;3;2;1;1;0;0;0;0;1;800953,0387;5830502,712;13,43871;52,54126\
50496;11;8;8020619;Buschkrugallee Nord;2019;4;11;2;3;3;6;0;0;1;0;0;0;1;1;802157,563;5821904,716;13,44862;52,46353\
50497;11;2;2020202;Rathaus Yorckstra\'dfe;2019;11;15;7;3;3;6;0;0;1;0;1;0;0;1;797901,634;5825143,822;13,38905;52,4949\
50498;11;2;2050602;Samariterviertel;2019;6;13;2;2;6;4;0;1;0;1;0;0;0;0;802842,211;5827675,87;13,46391;52,51487\
50499;11;1;1011102;Gro\'dfer Tiergarten;2019;11;18;4;3;5;3;2;1;0;0;1;0;0;1;795800,8619;5827269,446;13,36009;52,51509\
50500;11;7;7060601;Marienfelder Allee Nordwest;2019;8;7;3;3;5;3;0;1;1;0;0;0;0;0;796913,2353;5816488,094;13,36684;52,41785\
50501;11;12;12103218;Teichstra\'dfe;2019;4;22;7;2;5;2;2;0;1;0;1;0;0;0;794559,293;5833808,298;13,34765;52,57438\
50502;11;3;3061126;Arnimplatz;2019;10;18;7;2;5;2;2;0;1;0;1;0;0;0;799196,5186;5831441,779;13,41374;52,55064\
50503;11;7;7040401;Neu-Tempelhof;2019;9;14;1;3;3;6;0;0;1;0;0;0;0;0;797794,4614;5823140,095;13,38569;52,47699\
50505;11;12;12103115;Breitkopfbecken;2019;6;16;2;3;1;5;0;1;1;0;0;0;1;0;795372,3246;5833713,012;13,35952;52,57309\
50506;11;3;3061429;Greifswalder Stra\'dfe;2019;8;15;3;3;5;3;0;1;1;0;0;0;0;0;801175,0255;5830811,222;13,44226;52,5439\
50507;11;7;7070701;Kettinger Stra\'dfe/Schillerstra\'dfe;2019;4;17;7;3;2;6;0;0;1;0;0;0;0;0;799461,4034;5815770,561;13,40356;52,41003\
50508;11;3;3061131;Falkplatz;2019;6;15;7;3;0;1;0;1;0;0;0;0;0;0;799197,8984;5831042,543;13,4134;52,54706\
50509;11;1;1011304;Karl-Marx-Allee;2019;9;23;1;3;6;4;2;0;1;1;0;0;0;1;800020,007;5828096,834;13,42283;52,52021\
50510;11;4;4010101;Jungfernheide;2019;12;12;1;2;2;6;0;0;1;0;0;0;0;1;790876,6417;5828953,21;13,2892;52,53284\
50511;11;4;4020311;Reichsstra\'dfe;2019;6;9;2;2;5;3;0;1;0;0;0;1;0;0;789801,7343;5826261,233;13,27105;52,50928\
50512;11;4;4020313;K\'f6nigin-Elisabeth-Stra\'dfe;2019;8;15;3;3;5;2;0;0;1;0;0;0;0;0;790523,7956;5826394,917;13,28178;52,51009\
50513;11;4;4030622;Richard-Wagner-Stra\'dfe;2019;11;10;2;3;6;7;0;0;1;1;0;0;0;1;792073,0963;5826651,419;13,30477;52,51156\
50514;11;11;11030721;R\'fcdigerstra\'dfe;2019;8;15;3;3;5;2;0;1;0;0;0;1;0;0;803737,2933;5827585,098;13,47698;52,51356\
50515;11;3;3040818;Pankow S\'fcd;2019;4;11;6;3;5;3;0;1;1;0;0;0;0;0;799131,138;5832326,271;13,41357;52,5586\
50516;11;10;10010204;Wuhletalstra\'dfe;2019;10;11;1;2;5;3;0;0;1;0;0;0;1;0;808903,9273;5833413,708;13,55829;52,56289\
50517;11;4;4020310;Park Ruhwald;2019;9;14;7;3;2;6;0;0;1;0;0;0;0;0;790401,1975;5827910,807;13,2813;52,52375\
50519;11;2;2050601;Hausburgviertel;2019;6;8;2;3;5;2;0;1;0;0;0;1;0;0;801641,132;5828895,333;13,44737;52,52647\
50520;11;7;7040401;Neu-Tempelhof;2019;8;15;2;3;0;7;0;1;0;0;0;0;0;0;797777,7283;5823819,948;13,38605;52,4831\
50521;11;4;4020311;Reichsstra\'dfe;2019;4;19;6;2;6;4;0;1;0;1;0;0;0;0;789859,7965;5826230,244;13,27188;52,50897\
50522;11;2;2050602;Samariterviertel;2019;11;10;3;3;5;2;0;1;1;0;0;0;0;0;802592,0568;5827701,53;13,46026;52,51524\
50523;11;1;1011202;Unter den Linden Nord;2019;6;18;3;3;0;6;0;1;0;0;0;0;1;0;797244,8936;5827533,792;13,38154;52,51668\
50524;11;3;3071639;B\'f6tzowstra\'dfe;2019;9;12;7;3;2;6;0;0;1;0;0;0;1;0;800442,5103;5829678,583;13,43046;52,53415\
50525;11;2;2010101;Askanischer Platz;2019;12;1;7;3;2;6;2;0;1;0;0;0;0;1;797087,661;5825778,259;13,37767;52,50103\
50526;11;7;7020203;Kaiser-Wilhelm-Platz;2019;8;19;2;3;0;6;0;0;1;0;1;0;0;0;795661,398;5823954,139;13,3551;52,48545\
50527;11;2;2020202;Rathaus Yorckstra\'dfe;2019;10;10;3;3;2;2;0;1;0;0;0;0;1;0;797899,2026;5825428,51;13,38927;52,49745\
50528;11;4;4020310;Park Ruhwald;2019;9;12;7;2;2;6;0;0;1;0;0;0;0;0;790485,5766;5828472,748;13,28303;52,52874\
50529;11;1;1033203;Humboldthain Nordwest;2019;8;15;2;3;5;2;0;1;1;0;0;0;0;0;796285,7975;5830277,485;13,3699;52,5418\
50530;11;2;2020202;Rathaus Yorckstra\'dfe;2019;4;20;6;3;3;6;1;0;1;0;0;0;0;0;797899,9775;5825342,688;13,38921;52,49668\
50531;11;4;4041133;G\'fcterbahnhof Grunewald;2019;10;12;2;3;2;6;0;0;1;0;0;0;1;0;790547,7734;5825192,117;13,28108;52,49929\
50532;11;3;3071639;B\'f6tzowstra\'dfe;2019;6;22;1;3;0;7;2;1;0;0;0;0;0;0;800118,0762;5829112,295;13,42518;52,52925\
50533;11;3;3061332;Helmholtzplatz;2019;9;20;7;3;0;6;1;0;1;0;1;0;0;0;799415,9909;5830332,064;13,41596;52,54057\
50535;11;10;10040933;Mahlsdorf S\'fcd;2019;6;13;2;3;5;3;0;1;1;0;0;0;0;0;813337,299;5827199,225;13,61762;52,50467\
50536;11;6;6040701;Wannsee;2019;4;12;6;3;0;5;0;1;1;0;0;0;0;0;782904,5061;5815862,169;13,16088;52,41965\
50537;11;4;4020310;Park Ruhwald;2019;11;13;5;2;2;6;0;0;1;0;0;0;0;0;790480,2361;5828457,219;13,28294;52,5286\
50538;11;9;9010101;Elsenstra\'dfe;2019;6;12;1;3;5;2;0;1;1;0;0;0;0;0;802585,0186;5825068,876;13,45776;52,49165\
50539;11;4;4010101;Jungfernheide;2019;12;15;2;3;2;6;1;0;1;0;0;1;0;1;791273,3298;5829906,321;13,29587;52,54117\
50540;11;10;10010204;Wuhletalstra\'dfe;2019;8;12;2;3;5;3;0;0;1;0;0;0;0;0;808905,8771;5833417,549;13,55832;52,56293\
50541;11;1;1011102;Gro\'dfer Tiergarten;2019;4;10;5;2;5;2;0;1;0;0;1;0;0;0;796554,3067;5827804,02;13,37164;52,51948\
50542;11;7;6010209;Feuerbachstra\'dfe;2019;10;14;4;2;0;6;0;0;1;0;0;0;0;0;794458,0398;5821624,732;13,33537;52,46522\
50543;11;10;10030726;Alt-Biesdorf;2019;9;12;7;3;2;6;0;0;1;0;0;0;0;0;809293,6486;5827391,843;13,55842;52,50871\
50545;11;7;7050502;Fritz-Werner-Stra\'dfe;2019;8;12;2;3;3;6;0;0;1;0;0;1;0;0;797680,6525;5818714,409;13,38007;52,43739\
50546;11;4;4051551;Brabanter Platz;2019;4;18;5;3;3;6;0;0;1;0;0;1;0;0;792570,1623;5823390,039;13,30921;52,48206\
50547;11;1;1011303;Alexanderplatzviertel;2019;9;4;1;3;5;3;2;0;1;0;0;0;1;1;799788,8134;5828607,126;13,41989;52,52491\
50548;11;1;1011202;Unter den Linden Nord;2019;6;9;4;3;3;2;0;0;1;0;1;1;0;0;796920,2823;5827454,628;13,3767;52,51615\
50549;11;7;7040401;Neu-Tempelhof;2019;9;0;7;3;0;7;2;0;0;0;0;0;1;0;797783,7923;5823705,15;13,38604;52,48207\
50550;11;3;3040614;Pankow Zentrum;2019;12;9;6;3;1;5;0;0;1;0;0;1;0;0;798635,602;5832999,652;13,40689;52,56491\
50551;11;6;6040701;Wannsee;2019;6;15;1;3;1;5;0;1;1;0;0;0;0;0;783371,1207;5815994,474;13,16784;52,4206\
50552;11;1;1011303;Alexanderplatzviertel;2019;8;11;1;3;1;5;0;1;1;0;0;0;0;0;798712,7876;5827925,912;13,40346;52,51939\
50553;11;3;3050925;Komponistenviertel Wei\'dfensee;2019;4;17;5;3;1;5;0;1;1;0;0;0;0;0;802044,4813;5831477,616;13,45565;52,54939\
50554;11;1;1011303;Alexanderplatzviertel;2019;11;23;6;3;5;7;2;0;1;0;0;0;1;1;798698,5888;5827909,145;13,40324;52,51925\
50555;11;3;3040818;Pankow S\'fcd;2019;9;19;7;3;5;3;1;1;1;0;0;0;0;0;798705,807;5832902,57;13,40784;52,564\
50556;11;7;7060601;Marienfelder Allee Nordwest;2019;11;12;3;3;2;2;0;0;1;0;0;0;0;0;796608,831;5815997,411;13,36194;52,41361\
50557;11;1;1044201;Reinickendorfer Stra\'dfe;2019;8;15;7;3;5;2;0;0;1;0;0;0;0;0;796048,448;5831363,313;13,36737;52,55166\
50558;11;1;1011105;N\'f6rdlicher Landwehrkanal;2019;4;17;5;3;5;2;0;0;1;0;1;0;0;0;796467,9448;5826422,729;13,36914;52,50714\
50559;11;11;11040926;Weitlingstra\'dfe;2019;10;7;5;3;0;7;1;1;1;0;0;0;0;1;806431,8442;5827357,94;13,51635;52,51002\
50560;11;4;4030622;Richard-Wagner-Stra\'dfe;2019;9;16;7;3;5;2;0;0;1;0;0;0;1;0;792272,0671;5826684,843;13,30772;52,51176\
50562;11;4;4030623;Ernst-Reuter-Platz;2019;6;15;1;2;3;6;0;0;1;0;1;0;0;0;793312,1777;5826833,58;13,32314;52,51253\
50563;11;4;4030417;Schlo\'dfstra\'dfe;2019;6;14;1;3;3;6;0;1;0;0;0;0;0;0;791640,7005;5826578,761;13,29835;52,51114\
50564;11;7;7030303;Grazer Platz;2019;12;20;3;3;2;6;2;0;1;0;0;0;0;1;795753,515;5823099,571;13,35569;52,47774\
50565;11;3;3071639;B\'f6tzowstra\'dfe;2019;8;21;7;3;0;7;1;0;0;0;1;0;0;1;800067,3788;5829071,591;13,4244;52,52892\
50566;11;2;2020202;Rathaus Yorckstra\'dfe;2019;4;15;5;3;5;2;0;1;1;0;0;0;0;0;797898,7256;5825430,732;13,38927;52,49747\
50567;11;7;7070701;Kettinger Stra\'dfe/Schillerstra\'dfe;2019;10;17;5;2;6;7;0;0;1;1;0;0;0;0;799212,3491;5816424,978;13,40049;52,41603\
50568;11;4;4030417;Schlo\'dfstra\'dfe;2019;9;15;7;3;6;4;0;1;0;1;0;0;0;0;791841,9591;5826612,732;13,30134;52,51134\
50570;11;2;2040703;Wriezener Bahnhof/Entwicklungsgebiet;2019;8;3;7;2;0;4;2;0;0;1;1;0;0;1;801878,72;5826540,934;13,44873;52,50523\
50571;11;4;4030622;Richard-Wagner-Stra\'dfe;2019;4;16;5;2;5;2;0;1;1;0;0;0;0;0;792738,8413;5826741,842;13,31463;52,51202\
50572;11;2;2050802;Boxhagener Platz;2019;9;18;2;3;3;6;1;1;0;0;0;0;0;0;802027,6343;5826990,444;13,45132;52,50918\
50573;11;1;1011105;N\'f6rdlicher Landwehrkanal;2019;6;9;4;3;5;3;0;1;1;0;0;0;0;0;796775,2185;5826670,717;13,37387;52,5092\
50574;11;6;6030503;Zehlendorf Mitte;2019;9;16;6;3;0;2;0;1;1;0;0;0;0;0;789579,521;5817961,039;13,26058;52,43498\
50575;11;3;3040818;Pankow S\'fcd;2019;12;12;7;3;3;6;0;0;0;0;0;1;1;0;800060,309;5833694,437;13,42848;52,57036\
50576;11;6;6030503;Zehlendorf Mitte;2019;6;0;1;3;1;1;2;0;1;0;0;0;0;0;789733,66;5817963,408;13,26285;52,43492\
50577;11;3;3061131;Falkplatz;2019;4;15;5;3;6;4;0;1;0;1;0;0;0;0;799182,6296;5830889,965;13,41304;52,5457\
50578;11;2;2050602;Samariterviertel;2019;11;23;6;3;5;2;2;1;1;0;0;0;0;1;802149,0888;5827727,21;13,45377;52,51572\
50579;11;3;3071639;B\'f6tzowstra\'dfe;2019;11;17;3;3;2;6;2;0;1;0;0;0;0;0;800556,1758;5829815,705;13,43226;52,53532\
50580;11;7;7030303;Grazer Platz;2019;8;15;6;3;5;2;0;0;1;0;0;0;0;0;795642,1488;5823232,062;13,35417;52,47899\
50581;11;10;10010207;Marzahner Promenade;2019;4;9;5;3;6;4;0;0;1;1;0;0;0;0;808298,3701;5832010,787;13,54808;52,55067\
50582;11;1;1011202;Unter den Linden Nord;2019;10;16;5;3;4;7;0;1;0;0;0;0;1;0;798193,3008;5827681,868;13,39561;52,51749\
50583;11;4;4030417;Schlo\'dfstra\'dfe;2019;9;14;6;3;5;3;0;0;1;0;0;0;0;0;791746,93;5826596,722;13,29993;52,51125\
50585;11;3;3071633;Th\'e4lmannpark;2019;6;12;1;2;5;7;0;0;1;0;0;0;1;0;800153,3111;5830148,17;13,42664;52,53852\
50586;11;11;11030721;R\'fcdigerstra\'dfe;2019;8;18;5;3;6;4;0;0;1;1;0;0;0;0;803774,2595;5827581,225;13,47752;52,51351\
50587;11;2;2010101;Askanischer Platz;2019;4;14;4;3;0;2;0;0;1;1;0;0;0;0;797851,7122;5825505,102;13,38864;52,49816\
50588;11;4;4030623;Ernst-Reuter-Platz;2019;6;12;6;3;6;7;0;0;1;1;0;0;0;0;792975,4296;5826782,07;13,31814;52,51225\
50589;11;5;5020629;B\'f6rnicker Stra\'dfe;2019;9;14;6;3;2;6;0;0;1;0;0;0;1;0;785172,6282;5826271,773;13,20304;52,51181\
50590;11;11;11030721;R\'fcdigerstra\'dfe;2019;12;21;7;3;2;6;2;0;1;0;0;0;0;1;804467,5028;5827509,632;13,48764;52,51248\
50591;11;7;7020203;Kaiser-Wilhelm-Platz;2019;6;19;7;3;1;5;0;1;0;0;0;0;1;0;795820,2005;5824178,934;13,35763;52,48738\
50592;11;7;7040403;Manteuffelstra\'dfe;2019;8;17;5;3;0;6;0;0;1;0;0;0;1;0;797849,4279;5821462,688;13,385;52,46193\
50593;11;2;2050601;Hausburgviertel;2019;4;18;4;3;5;3;0;1;1;0;0;0;0;0;801666,9174;5828906,274;13,44776;52,52655\
50594;11;4;4030622;Richard-Wagner-Stra\'dfe;2019;11;13;1;3;2;6;0;0;1;0;0;0;1;1;792324,2852;5826672,146;13,30848;52,51161\
50595;11;2;2040703;Wriezener Bahnhof/Entwicklungsgebiet;2019;8;15;5;3;0;6;0;1;0;1;0;0;0;0;801801,3369;5826330,985;13,4474;52,5034\
50596;11;6;6040703;Nikolassee;2019;4;18;4;3;5;3;0;1;1;0;0;0;0;0;785697,0089;5816404,718;13,2023;52,42307\
50597;11;4;4041134;Bismarckallee;2019;10;11;6;3;2;6;0;0;1;0;0;0;1;0;790747,295;5824897,191;13,28376;52,49654\
50598;11;12;12231101;Hermsdorf;2019;9;8;6;3;5;3;0;1;1;0;0;0;0;0;791926,8619;5838837,031;13,31334;52,62088\
50600;11;7;7040401;Neu-Tempelhof;2019;6;13;7;3;2;6;0;0;1;0;0;0;0;0;797825,78;5822442,527;13,38553;52,47072\
50601;11;1;1011105;N\'f6rdlicher Landwehrkanal;2019;8;15;5;3;5;3;0;1;1;0;0;0;0;0;796446,5528;5826426,696;13,36883;52,50719\
50602;11;3;3010104;Lietzengraben;2019;4;17;4;3;2;6;0;0;1;0;0;0;0;0;801131,045;5838302,429;13,44841;52,61107\
50603;11;10;10010309;Springpfuhl;2019;11;15;2;3;1;5;1;0;1;0;1;0;0;1;807653,7665;5829953,426;13,5367;52,53259\
50604;11;7;7040401;Neu-Tempelhof;2019;6;20;3;3;1;5;0;1;1;0;0;0;0;0;797807,1694;5822854,121;13,38562;52,47442\
50605;11;11;11041027;Tierpark;2019;9;16;6;3;3;6;0;0;1;0;1;0;0;0;807467,6172;5827460,198;13,53166;52,51035\
50606;11;12;12103219;Sch\'e4fersee;2019;12;19;6;3;6;2;2;0;1;1;0;0;0;1;795752,2448;5832687,777;13,3642;52,56369\
50607;11;1;1033203;Humboldthain Nordwest;2019;8;8;5;3;2;2;0;0;1;0;0;0;0;0;796285,4956;5830276,614;13,36989;52,54179\
50608;11;7;7040403;Manteuffelstra\'dfe;2019;4;14;4;3;6;4;0;0;1;1;0;0;0;0;797827,0007;5820682,442;13,38397;52,45495\
50609;11;2;2050602;Samariterviertel;2019;10;17;2;3;6;4;2;0;1;1;0;0;0;1;803598,7267;5827581,365;13,47494;52,51361\
50610;11;7;7040406;Germaniagarten;2019;9;6;5;3;3;6;2;0;1;0;0;1;0;0;799682,6697;5821465,106;13,41191;52,46095\
50611;11;7;7050502;Fritz-Werner-Stra\'dfe;2019;8;10;5;3;5;3;0;1;1;0;0;0;0;0;797543,6043;5818275,463;13,37767;52,43352\
50612;11;10;10010102;Havemannstra\'dfe;2019;4;15;4;2;6;4;0;0;1;1;0;0;0;0;809443,4525;5834521,92;13,56726;52,57252\
50613;11;6;6030605;Botanischer Garten;2019;10;18;7;3;2;6;1;0;1;0;0;0;0;0;792496,1554;5819782,535;13,30496;52,44976\
50614;11;7;7040405;Rathaus Tempelhof;2019;6;23;7;3;3;6;2;0;1;0;0;0;0;0;798700,9526;5821988,786;13,39797;52,46618\
50615;11;7;7020202;Volkspark (Rudolf-Wilde-Park);2019;9;16;5;3;2;6;0;0;1;0;0;0;0;0;795229,6658;5823514,1;13,34837;52,48174\
50617;11;1;1022202;Heidestra\'dfe;2019;6;21;7;3;2;6;1;0;1;0;0;0;0;0;795906,0111;5829519,774;13,36364;52,53521\
50618;11;6;6040701;Wannsee;2019;4;9;4;3;5;2;0;0;1;0;0;0;0;0;783888,8671;5815954,176;13,1754;52,41997\
50619;11;1;1022202;Heidestra\'dfe;2019;11;7;4;3;2;6;0;0;1;0;0;0;0;0;796333,0107;5828828,596;13,3693;52,52878\
50620;11;12;12214125;Waldidyll/Flughafensee;2019;6;12;7;3;0;7;0;0;1;0;0;0;0;0;791805,9238;5831252,111;13,30488;52,55295\
50621;11;4;4020310;Park Ruhwald;2019;12;18;1;3;3;6;2;0;1;0;0;1;0;0;790451,5717;5828412,615;13,28248;52,52822\
50622;11;2;2040701;Andreasviertel;2019;8;7;5;3;1;6;0;0;1;0;0;0;0;0;800349,294;5827946,554;13,42753;52,51868\
50623;11;2;2050602;Samariterviertel;2019;4;8;4;2;0;2;0;1;1;0;0;0;0;0;802638,1833;5827696,658;13,46093;52,51517\
50624;11;7;7030303;Grazer Platz;2019;10;8;3;3;2;6;0;0;1;0;1;0;0;0;795196,7046;5822909,055;13,34735;52,47633\
50625;11;1;1011303;Alexanderplatzviertel;2019;9;15;5;3;3;6;0;0;1;0;0;0;0;0;799323,9245;5827946,396;13,41246;52,51924\
50627;11;2;2040502;Friedenstra\'dfe;2019;7;11;4;2;0;7;0;1;0;0;0;0;0;0;801101,1608;5827854,875;13,43849;52,51744\
50628;11;7;7030303;Grazer Platz;2019;4;11;3;2;2;6;0;0;1;0;0;1;0;0;795522,1803;5822676,783;13,35192;52,47408\
50629;11;4;4051551;Brabanter Platz;2019;9;14;7;3;2;6;0;0;1;0;0;0;0;1;792927,278;5823108,478;13,31421;52,47934\
50630;11;3;3050925;Komponistenviertel Wei\'dfensee;2019;6;9;3;3;3;6;0;1;0;0;0;0;1;0;801625,28;5831258,453;13,44928;52,54766\
50631;11;6;6030605;Botanischer Garten;2019;9;13;5;2;0;7;0;1;0;0;0;0;0;0;791258,3711;5818953,72;13,28608;52,44299\
50632;11;9;9010301;Baumschulenstra\'dfe;2019;12;14;6;3;3;6;0;0;1;0;0;0;1;1;804585,2809;5823115,895;13,48535;52,47303\
50633;11;1;1011204;Leipziger Stra\'dfe;2019;6;1;7;3;2;6;2;0;1;0;0;0;0;0;798817,9365;5827216,851;13,40437;52,51298\
50634;11;1;1011105;N\'f6rdlicher Landwehrkanal;2019;7;22;4;3;5;2;2;1;1;0;0;0;0;1;796420,2339;5826327,806;13,36835;52,50632\
50635;11;4;4041239;Stadion Wilmersdorf;2019;4;10;3;3;2;6;0;0;1;0;0;0;0;0;792237,8672;5823643,684;13,30455;52,48451\
50636;11;11;11030721;R\'fcdigerstra\'dfe;2019;11;7;4;2;5;2;0;1;1;0;0;0;0;1;804910,9235;5827464,538;13,49411;52,51183\
50637;11;5;5020524;Weinmeisterhornweg;2019;11;14;1;3;5;3;0;0;1;0;1;0;0;0;783586,0991;5826696,289;13,18009;52,51644\
50638;11;2;2050602;Samariterviertel;2019;7;14;4;3;0;6;0;1;0;0;0;0;0;0;803298,6276;5827613,424;13,47056;52,51406\
50639;11;3;2040501;Barnimkiez;2019;4;5;3;2;6;7;0;0;1;0;0;0;1;0;799924,4786;5828818,274;13,42207;52,52673\
50640;11;2;2050602;Samariterviertel;2019;10;10;4;3;6;7;0;0;0;1;0;0;1;1;803535,8601;5827604,205;13,47404;52,51385\
50641;11;2;2040503;Richard-Sorge-Viertel;2019;9;9;5;3;3;6;0;1;0;0;0;0;0;0;801423,4153;5827821,687;13,4432;52,51697\
50643;11;7;7050502;Fritz-Werner-Stra\'dfe;2019;5;6;6;3;5;3;0;0;1;0;0;0;0;0;798153,95;5819054,333;13,38732;52,44017\
50644;11;4;4020313;K\'f6nigin-Elisabeth-Stra\'dfe;2019;7;13;4;3;5;2;0;1;0;0;0;1;0;0;790539,6547;5826379,005;13,282;52,50994\
50645;11;6;6030503;Zehlendorf Mitte;2019;4;11;3;3;5;7;0;1;1;0;0;0;0;0;789806,2785;5817997,214;13,26394;52,43518\
50646;11;9;9010101;Elsenstra\'dfe;2019;6;20;5;3;6;4;0;1;0;1;0;0;0;0;802623,8516;5825153,023;13,45841;52,49238\
50647;11;7;7040406;Germaniagarten;2019;9;6;5;3;2;6;0;0;1;0;0;0;1;1;799900,908;5821458,253;13,4151;52,46077\
50648;11;3;3071639;B\'f6tzowstra\'dfe;2019;12;7;4;3;6;2;0;0;1;1;0;0;0;0;800362,7305;5829550,808;13,42918;52,53305\
50649;11;4;4030622;Richard-Wagner-Stra\'dfe;2019;5;13;6;3;5;2;0;1;1;0;0;0;0;0;792530,1872;5826706,702;13,31153;52,51181\