OBJECTID;LAND;BEZ;LOR;STRASSE;UJAHR;UMONAT;USTUNDE;UWOCHENTAG;UKATEGORIE;UART;UTYP1;ULICHTVERH;IstRad;IstPKW;IstFuss;IstKrad;IstGkfz;IstSonstige;USTRZUSTAND;LINREFX;LINREFY;XGCSWGS84;YGCSWGS84\
51036;11;1;1011102;Gro\'dfer Tiergarten;2019;5;16;6;3;5;2;0;0;1;0;0;0;1;0;796455,757;5827391,142;13,36982;52,51583\
51037;11;4;4030623;Ernst-Reuter-Platz;2019;4;17;3;3;5;2;0;1;1;0;0;0;0;0;793092,5534;5826823,302;13,3199;52,51256\
51038;11;1;1011202;Unter den Linden Nord;2019;11;5;2;3;8;1;0;1;0;0;0;0;0;0;797926,3962;5827647,242;13,39166;52,51732\
51039;11;7;7030303;Grazer Platz;2019;5;17;6;3;2;6;0;0;1;0;1;0;0;0;795497,7765;5822691,519;13,35158;52,47422\
51040;11;4;4030417;Schlo\'dfstra\'dfe;2019;11;5;7;3;0;3;2;0;1;0;0;0;1;0;791578,3933;5826568,226;13,29743;52,51108\
51041;11;2;3061435;Conrad-Blenkle-Stra\'dfe;2019;7;23;7;3;2;6;2;0;1;0;1;0;0;1;801652,4161;5828924,633;13,44756;52,52673\
51042;11;1;1022202;Heidestra\'dfe;2019;4;8;3;3;2;6;0;0;1;0;0;0;0;0;796160,7183;5829148,784;13,36705;52,53175\
51043;11;9;9010101;Elsenstra\'dfe;2019;10;17;2;3;3;6;2;0;1;0;1;0;0;0;802594,1696;5825112,021;13,45794;52,49203\
51044;11;4;4030622;Richard-Wagner-Stra\'dfe;2019;9;11;2;3;2;7;0;0;1;0;1;0;0;0;792058,022;5826627,717;13,30453;52,51136\
51046;11;11;11030721;R\'fcdigerstra\'dfe;2019;7;22;7;3;5;2;2;1;1;0;0;0;0;1;804236,394;5827518,617;13,48425;52,51269\
51047;11;8;8020619;Buschkrugallee Nord;2019;4;10;3;3;3;6;0;0;1;0;0;1;0;0;801964,1568;5821841,435;13,44572;52,46307\
51048;11;1;1011202;Unter den Linden Nord;2019;6;17;2;3;5;3;0;1;1;0;0;0;0;0;798121,0516;5827657,628;13,39453;52,51731\
51049;11;7;7050501;Rathausstra\'dfe;2019;9;11;2;3;5;2;0;0;1;0;0;1;0;0;797707,7723;5818784,224;13,38053;52,438\
51050;11;3;3020307;Buchholz;2019;12;4;3;3;8;1;2;0;0;0;0;0;1;1;801214,0582;5837883,665;13,44926;52,60727\
51051;11;7;7040403;Manteuffelstra\'dfe;2019;5;13;5;3;2;6;0;0;1;0;0;0;0;0;796876,3212;5822382,466;13,37154;52,4707\
51052;11;4;4030417;Schlo\'dfstra\'dfe;2019;7;19;7;3;6;4;0;1;0;1;0;0;0;0;791409,094;5826519,067;13,2949;52,51073\
51053;11;12;12103218;Teichstra\'dfe;2019;4;11;3;3;2;6;0;0;1;0;0;0;0;0;794556,7707;5833930,942;13,34772;52,57548\
51054;11;1;1011204;Leipziger Stra\'dfe;2019;11;10;3;3;3;6;0;0;1;0;0;0;0;1;798664,2733;5827054,413;13,40197;52,51161\
51055;11;12;12302212;Rollbergesiedlung;2019;11;18;7;3;2;2;2;0;1;0;0;0;0;0;792730,0962;5837421,634;13,32392;52,60776\
51056;11;9;9010401;Johannisthal West;2019;7;18;7;3;2;6;0;0;1;0;0;0;0;0;805709,3209;5818826,941;13,49792;52,43397\
51057;11;3;3061126;Arnimplatz;2019;4;19;3;2;5;2;1;1;1;0;0;0;0;0;799220,5024;5832049,386;13,41464;52,55607\
51058;11;4;4020313;K\'f6nigin-Elisabeth-Stra\'dfe;2019;10;11;3;2;5;2;0;1;1;0;0;0;0;0;790511,251;5826392,817;13,28159;52,51008\
51059;11;3;3061434;Anton-Saefkow-Park;2019;9;8;2;3;6;7;0;1;0;1;0;0;0;0;800810,4263;5829758,715;13,43594;52,53467\
51061;11;3;3071639;B\'f6tzowstra\'dfe;2019;5;11;5;2;2;6;0;0;1;0;0;0;0;0;800574,5294;5829845,134;13,43255;52,53557\
51062;11;2;2050602;Samariterviertel;2019;7;15;7;2;0;1;0;1;0;0;0;0;0;0;802175,1998;5827755,041;13,45418;52,51595\
51063;11;11;11030721;R\'fcdigerstra\'dfe;2019;4;11;3;2;2;6;0;0;1;0;0;0;0;0;803804,0482;5827578,336;13,47795;52,51346\
51064;11;11;11041022;Rosenfelder Ring;2019;11;18;5;2;2;6;2;0;1;0;0;0;1;1;806053,9238;5827375,202;13,51082;52,51039\
51065;11;3;3061434;Anton-Saefkow-Park;2019;6;8;5;3;5;3;0;1;1;0;0;0;0;0;800646,3417;5830008,817;13,43376;52,537\
51066;11;4;4030622;Richard-Wagner-Stra\'dfe;2019;9;8;2;3;6;4;0;0;1;1;0;0;0;0;792614,0555;5826720,811;13,31278;52,5119\
51067;11;12;12302212;Rollbergesiedlung;2019;12;8;3;2;6;2;0;0;1;1;0;0;0;0;792723,7812;5837429,719;13,32384;52,60784\
51068;11;12;12103219;Sch\'e4fersee;2019;7;13;7;3;2;2;0;0;1;0;0;0;0;0;795762,217;5832712,264;13,36437;52,56391\
51069;11;3;3061131;Falkplatz;2019;10;18;5;3;3;6;2;0;1;0;0;0;0;0;799141,3057;5830404,208;13,41199;52,54137\
51070;11;7;7020203;Kaiser-Wilhelm-Platz;2019;7;9;7;3;1;5;0;1;0;0;0;1;0;0;795252,4277;5823542,355;13,34873;52,48198\
51071;11;1;1033203;Humboldthain Nordwest;2019;9;8;6;3;5;3;0;1;1;0;0;0;0;0;796193,7143;5830186,924;13,36846;52,54103\
51072;11;4;4041133;G\'fcterbahnhof Grunewald;2019;4;7;3;2;2;6;0;0;1;0;1;0;0;0;790517,479;5825215,227;13,28066;52,49952\
51073;11;1;1011202;Unter den Linden Nord;2019;4;16;3;3;1;5;0;1;1;0;0;0;0;0;797616,8856;5827564,842;13,38704;52,51675\
51074;11;11;11030721;R\'fcdigerstra\'dfe;2019;11;4;4;2;6;4;2;0;0;1;1;0;0;1;803727,62;5827569,584;13,47682;52,51343\
51075;11;4;4051656;Hildegardstra\'dfe;2019;11;23;1;3;3;6;2;0;1;0;0;0;0;0;793547,4273;5822990,759;13,32321;52,47796\
51076;11;2;2050803;Stralauer Kiez;2019;7;16;6;3;5;3;0;1;0;0;0;0;0;0;802206,757;5826088,724;13,45313;52,501\
51077;11;2;2050602;Samariterviertel;2019;4;14;3;3;2;2;0;1;1;0;0;0;0;0;803088,988;5827651,019;13,46751;52,51451\
51078;11;7;7030303;Grazer Platz;2019;10;17;4;3;2;6;0;0;1;0;0;0;1;1;795896,7724;5822688,005;13,35743;52,47397\
51079;11;4;4020208;Kranzallee;2019;9;1;1;2;1;5;2;1;1;0;0;0;0;0;786743,8355;5825852,751;13,22577;52,50723\
51081;11;3;3040818;Pankow S\'fcd;2019;5;19;5;3;1;3;0;1;1;0;0;0;1;0;798890,3049;5832685,015;13,41035;52,56195\
51082;11;4;4020314;Messegel\'e4nde;2019;7;17;6;2;3;6;0;0;0;0;1;0;1;0;790518,8693;5825333,25;13,28078;52,50058\
51083;11;7;7030303;Grazer Platz;2019;4;14;3;3;0;6;0;0;1;0;1;0;0;0;795191,7583;5822938,255;13,3473;52,4766\
51084;11;2;2050602;Samariterviertel;2019;6;15;5;3;2;6;0;0;1;0;0;0;0;0;803177,332;5827625,39;13,46879;52,51423\
51085;11;7;7050501;Rathausstra\'dfe;2019;9;6;1;3;9;1;0;0;1;0;0;0;0;0;797953,466;5820021,671;13,38524;52,44895\
51086;11;2;2050602;Samariterviertel;2019;12;13;3;3;5;2;0;1;1;0;0;0;0;0;802578,1957;5827687,047;13,46004;52,51512\
51087;11;4;4030417;Schlo\'dfstra\'dfe;2019;5;18;5;3;5;2;0;1;1;0;0;0;0;0;791229,5489;5826510,171;13,29225;52,51075\
51088;11;2;2050602;Samariterviertel;2019;7;9;6;3;5;3;0;1;1;0;0;0;0;0;802577,1314;5827703,128;13,46004;52,51526\
51089;11;7;7060601;Marienfelder Allee Nordwest;2019;10;17;5;3;5;3;2;0;1;0;1;0;0;0;797055,3579;5816809,694;13,36921;52,42065\
51090;11;12;12103115;Breitkopfbecken;2019;7;19;5;3;1;1;0;1;1;0;0;0;0;0;795429,449;5833570,571;13,36024;52,57178\
51091;11;2;2020202;Rathaus Yorckstra\'dfe;2019;9;0;6;3;5;3;2;1;1;0;0;0;0;0;797862,4187;5825448,281;13,38875;52,49765\
51092;11;3;3050923;Wei\'dfenseer Spitze;2019;4;14;3;3;2;6;0;0;1;0;0;0;1;0;800297,1853;5831697,85;13,43015;52,55233\
51093;11;3;3040818;Pankow S\'fcd;2019;10;18;4;3;3;6;1;0;1;0;1;0;0;1;799138,228;5832315,269;13,41367;52,5585\
51094;11;2;2050602;Samariterviertel;2019;8;22;7;2;6;7;2;0;1;1;0;0;0;0;802567,3901;5827688,132;13,45988;52,51514\
51096;11;2;2040503;Richard-Sorge-Viertel;2019;5;17;5;3;5;2;0;1;1;0;0;0;0;0;801917,0677;5827771,612;13,45041;52,51624\
51097;11;1;1011102;Gro\'dfer Tiergarten;2019;7;13;5;3;0;7;0;1;0;0;0;0;0;0;795417,8655;5827218,214;13,35442;52,51484\
51098;11;2;2050601;Hausburgviertel;2019;4;20;2;3;5;5;1;1;1;0;0;0;0;0;801799,6064;5828639,069;13,44947;52,52408\
51099;11;2;2050803;Stralauer Kiez;2019;11;10;1;3;0;7;0;0;0;0;0;0;1;1;801804,6822;5826239,634;13,44737;52,50258\
51100;11;12;12103219;Sch\'e4fersee;2019;6;21;7;3;0;6;1;0;1;0;1;0;0;0;795749,3705;5832703,363;13,36417;52,56383\
51101;11;3;3061126;Arnimplatz;2019;12;13;5;3;0;7;0;0;1;0;0;0;0;0;799245,7476;5831882,352;13,41486;52,55456\
51102;11;1;1011303;Alexanderplatzviertel;2019;7;9;5;3;6;4;0;0;0;1;0;0;1;0;798684,4069;5827892,399;13,40302;52,51911\
51103;11;1;1044102;Schillerpark;2019;4;17;2;2;5;3;0;1;1;0;0;0;0;0;795878,1192;5832062,307;13,36549;52,55802\
51104;11;12;12231101;Hermsdorf;2019;10;11;7;3;2;6;0;0;1;0;0;0;1;0;792180,4175;5838398,462;13,31669;52,61681\
51105;11;7;7040403;Manteuffelstra\'dfe;2019;8;19;7;3;5;7;2;0;1;0;0;0;0;0;797869,7193;5820511,095;13,38445;52,45339\
51106;11;6;6010209;Feuerbachstra\'dfe;2019;7;11;5;3;5;2;0;0;1;0;0;0;0;0;793968,646;5821061,708;13,32769;52,46044\
51107;11;2;2020202;Rathaus Yorckstra\'dfe;2019;4;17;2;3;5;2;0;1;1;0;0;0;0;0;797883,9645;5825411,815;13,38904;52,49731\
51108;11;6;6030503;Zehlendorf Mitte;2019;10;14;4;3;2;6;0;0;1;0;0;0;0;0;790365,7235;5818432,574;13,27253;52,43879\
51109;11;4;4030622;Richard-Wagner-Stra\'dfe;2019;6;17;5;3;2;2;0;1;1;0;0;0;0;0;792374,6645;5826680,555;13,30923;52,51166\
51110;11;2;2050602;Samariterviertel;2019;8;20;7;3;5;3;2;0;1;0;0;0;0;0;802797,3836;5827665,067;13,46324;52,5148\
51111;11;10;10030726;Alt-Biesdorf;2019;12;11;6;3;5;2;0;1;1;0;0;0;0;0;808946,2745;5827441,111;13,55336;52,50935\
51112;11;3;3020209;Niedersch\'f6nhausen;2019;5;7;5;3;3;6;0;0;1;0;1;0;0;0;798156,0851;5836030,424;13,40256;52,59234\
51113;11;4;4010101;Jungfernheide;2019;4;9;2;2;3;6;0;0;1;0;0;0;0;0;790902,6188;5828964,154;13,28959;52,53292\
51114;11;7;7050502;Fritz-Werner-Stra\'dfe;2019;11;11;1;3;5;3;0;0;1;0;0;0;0;0;798176,38;5818922,967;13,38753;52,43898\
51115;11;1;1011303;Alexanderplatzviertel;2019;5;11;5;3;5;3;0;0;1;0;1;0;0;0;799805,5966;5828633,958;13,42016;52,52514\
51116;11;4;4030623;Ernst-Reuter-Platz;2019;11;14;6;3;3;6;0;0;1;0;0;0;0;0;793545,1128;5826882,179;13,3266;52,51284\
51117;11;6;6010209;Feuerbachstra\'dfe;2019;7;10;5;2;0;1;0;0;1;0;1;0;0;0;794215,3155;5821402,054;13,33161;52,46335\
51118;11;1;1044201;Reinickendorfer Stra\'dfe;2019;4;15;2;3;2;6;0;0;1;0;0;0;0;0;796154,3271;5831088,934;13,36869;52,54914\
51119;11;12;12103117;Letteplatz;2019;10;20;2;2;3;6;2;0;1;0;1;0;0;0;795874,1412;5832087,681;13,36546;52,55825\
51120;11;6;6030605;Botanischer Garten;2019;8;17;7;2;2;6;0;0;1;0;1;0;0;0;791805,1464;5819301,432;13,2944;52,44581\
51122;11;8;9010302;Sp\'e4thsfelde;2019;5;15;5;2;0;1;0;0;1;0;0;0;0;0;802925,5661;5821234,665;13,45928;52,45709\
51123;11;4;4041134;Bismarckallee;2019;7;11;5;3;3;6;0;0;1;0;0;0;0;0;790689,5671;5824985,309;13,28299;52,49737\
51124;11;3;3020209;Niedersch\'f6nhausen;2019;4;16;2;3;5;3;0;0;0;0;1;0;1;0;798165,874;5836123,633;13,40279;52,59317\
51125;11;1;1033203;Humboldthain Nordwest;2019;6;21;1;3;2;6;1;0;1;0;0;0;0;0;796312,9449;5830049,484;13,37009;52,53974\
51126;11;4;4020311;Reichsstra\'dfe;2019;8;13;7;2;2;6;0;0;1;0;0;0;0;0;789176,9918;5826162,083;13,26179;52,50872\
51127;11;3;3061228;Erich-Weinert-Stra\'dfe;2019;12;5;2;3;5;2;2;1;1;0;0;0;0;0;800204,5773;5831035,234;13,42819;52,54644\
51128;11;7;7040403;Manteuffelstra\'dfe;2019;5;7;5;3;2;6;0;0;1;0;0;0;0;0;797476,3581;5822327,31;13,3803;52,46988\
51129;11;2;2020203;Viktoriapark;2019;7;16;4;3;2;6;0;0;1;0;0;0;0;0;797741,9534;5824190,609;13,38586;52,48644\
51130;11;7;7050502;Fritz-Werner-Stra\'dfe;2019;4;16;2;3;5;2;0;0;1;0;1;0;0;0;797576,0926;5818418,302;13,37828;52,43479\
51131;11;4;4020314;Messegel\'e4nde;2019;11;5;2;3;2;6;2;0;1;0;0;0;0;1;790545,633;5825872,348;13,28165;52,50539\
51132;11;1;1044201;Reinickendorfer Stra\'dfe;2019;7;23;4;2;5;2;2;0;1;0;0;0;0;0;796044,8009;5831345,095;13,3673;52,5515\
51133;11;7;7070701;Kettinger Stra\'dfe/Schillerstra\'dfe;2019;4;14;1;3;2;6;0;0;1;0;0;0;0;0;799441,918;5815871,581;13,40336;52,41094\
51134;11;4;4041239;Stadion Wilmersdorf;2019;10;6;2;3;2;6;2;0;1;0;0;0;0;0;792095,9024;5823821,054;13,30262;52,48618\
51135;11;10;10010308;Marzahner Chaussee;2019;8;23;6;2;0;7;2;1;0;0;0;0;0;0;808123,4625;5827460,23;13,54129;52,50998\
51137;11;7;7040405;Rathaus Tempelhof;2019;5;7;5;2;3;6;0;0;1;0;1;0;1;0;798505,1034;5822093,85;13,39519;52,46723\
51138;11;7;7010104;Dennewitzplatz;2019;7;21;4;3;5;2;1;0;1;0;1;0;0;0;796006,2619;5825068,802;13,36115;52,49526\
51139;11;3;3061126;Arnimplatz;2019;4;14;1;3;6;4;0;1;0;1;0;0;0;0;799220,9061;5831457,334;13,41411;52,55077\
51140;11;9;9010302;Sp\'e4thsfelde;2019;11;8;4;3;3;6;0;0;1;0;0;1;0;1;802871,8622;5821359,926;13,45861;52,45825\
51141;11;1;1011104;K\'f6rnerstra\'dfe;2019;6;13;4;3;5;2;0;0;1;0;1;0;0;0;796161,7805;5825737,154;13,36403;52,50116\
51142;11;7;7030303;Grazer Platz;2019;8;18;6;3;2;6;0;0;1;0;0;0;0;0;795785,6215;5822628,49;13,35575;52,4735\
51143;11;4;4030417;Schlo\'dfstra\'dfe;2019;12;11;2;3;3;6;0;0;1;0;0;0;0;0;791565,9551;5826544,852;13,29722;52,51088\
51144;11;7;7030303;Grazer Platz;2019;7;17;4;3;2;6;0;0;1;0;1;0;0;0;795761,954;5823111,603;13,35583;52,47784\
51145;11;10;10040933;Mahlsdorf S\'fcd;2019;10;14;4;3;2;6;0;0;1;0;0;0;0;0;812796,8627;5827178,29;13,60967;52,5048\
51146;11;1;1011104;K\'f6rnerstra\'dfe;2019;8;17;6;3;4;6;0;1;0;0;0;0;1;0;796376,5785;5826159,742;13,36756;52,50483\
51147;11;7;7020203;Kaiser-Wilhelm-Platz;2019;7;19;3;3;1;5;0;1;1;0;0;0;0;0;795836,5783;5824212,779;13,3579;52,48767\
51148;11;4;4020314;Messegel\'e4nde;2019;4;11;1;3;3;6;0;0;1;0;0;0;0;0;790511,0964;5825608,994;13,28091;52,50305\
51149;11;1;1011303;Alexanderplatzviertel;2019;10;14;3;3;6;4;0;1;0;1;0;0;0;1;799760,5423;5828624,861;13,41949;52,52508\
51150;11;3;3050925;Komponistenviertel Wei\'dfensee;2019;8;9;6;3;2;6;0;0;0;0;0;1;1;0;802180,1511;5831519,278;13,45768;52,54969\
51152;11;12;12301205;Waidmannslust;2019;5;17;4;3;2;6;0;0;1;0;0;0;0;1;792241,7998;5837848,771;13,31711;52,61185\
51153;11;1;1011303;Alexanderplatzviertel;2019;7;17;3;3;5;2;0;1;1;0;0;0;0;0;799100,0702;5827681,953;13,40894;52,51699\
51154;11;2;2050803;Stralauer Kiez;2019;4;18;1;3;0;1;0;0;0;0;1;0;0;0;802367,6704;5826025,644;13,45544;52,50035\
51155;11;7;7060603;Marienfelde Nordost;2019;11;7;6;3;2;7;1;0;1;0;0;0;0;0;797379,3411;5817574,356;13,37464;52,42733\
51156;11;7;7040403;Manteuffelstra\'dfe;2019;5;17;4;3;2;6;0;0;1;0;0;0;0;0;796859,2086;5822386,656;13,37129;52,47075\
51157;11;7;7040401;Neu-Tempelhof;2019;12;17;3;3;1;5;2;0;1;0;0;0;0;1;797830,6459;5822692,233;13,38582;52,47296\
51158;11;12;12103117;Letteplatz;2019;7;17;3;3;0;2;0;1;1;0;0;0;0;0;795872,473;5832096,708;13,36544;52,55833\
51159;11;4;4030621;Spreestadt;2019;4;18;1;3;0;4;0;1;0;1;0;0;0;0;793989,175;5826974,484;13,33321;52,51343\
51160;11;12;12214125;Waldidyll/Flughafensee;2019;10;7;6;3;2;6;1;0;1;0;1;0;0;0;791584,3156;5830791,242;13,30122;52,54894\
51161;11;1;1044102;Schillerpark;2019;8;14;6;3;3;6;0;1;1;0;0;0;1;0;795880,8033;5832047,892;13,36552;52,55789\
51163;11;12;12214125;Waldidyll/Flughafensee;2019;7;10;3;3;2;6;0;0;1;0;0;0;0;0;791190,8771;5833997,257;13,29825;52,57789\
51164;11;4;4041133;G\'fcterbahnhof Grunewald;2019;4;18;1;3;2;6;0;0;1;0;0;0;0;0;790533,5975;5825185,881;13,28087;52,49925\
51165;11;3;3061332;Helmholtzplatz;2019;10;11;3;3;6;4;0;0;0;1;0;0;1;1;799982,7988;5830224,285;13,4242;52,5393\
51166;11;7;7040403;Manteuffelstra\'dfe;2019;6;22;4;3;2;6;2;0;1;0;0;0;0;0;797850,9232;5821997,633;13,3855;52,46672\
51167;11;11;11030721;R\'fcdigerstra\'dfe;2019;8;12;6;3;5;2;0;1;1;0;0;0;0;0;803718,5201;5827570,413;13,47669;52,51344\
51168;11;9;9010101;Elsenstra\'dfe;2019;12;19;7;3;2;6;2;0;1;0;0;0;0;0;802683,7818;5825234,869;13,45936;52,49308\
51169;11;6;6030503;Zehlendorf Mitte;2019;5;10;4;3;5;2;0;1;1;0;0;0;0;1;789585,575;5817974,924;13,26068;52,4351\
51170;11;7;7050502;Fritz-Werner-Stra\'dfe;2019;4;16;1;3;6;7;0;1;0;1;0;0;0;0;798215,9742;5818805,108;13,38801;52,43791\
51171;11;9;9020601;Schnellerstra\'dfe;2019;11;18;7;2;5;3;2;1;1;0;0;0;0;1;806054,7022;5821679,956;13,5056;52,45934\
51172;11;6;6040703;Nikolassee;2019;10;9;3;3;5;2;0;1;0;0;0;0;1;1;786727,1612;5817022,873;13,21794;52,42807\
51173;11;3;3061332;Helmholtzplatz;2019;8;11;6;3;3;6;0;1;1;0;0;0;0;0;799968,1485;5830202,487;13,42396;52,53911\
51175;11;4;4030417;Schlo\'dfstra\'dfe;2019;5;12;4;3;2;6;0;0;1;0;1;0;0;1;791548,3472;5826541,838;13,29696;52,51086\
51176;11;7;7040401;Neu-Tempelhof;2019;7;9;3;3;2;6;0;0;1;0;0;0;0;0;797832,7569;5822646,221;13,38581;52,47255\
51177;11;11;11041022;Rosenfelder Ring;2019;4;15;1;3;0;2;0;0;1;0;1;0;0;0;805676,326;5827388,921;13,50528;52,51072\
51178;11;12;12103218;Teichstra\'dfe;2019;11;14;7;3;5;3;0;0;1;0;0;0;0;1;794470,9714;5834331,347;13,34681;52,57912\
51179;11;2;2050602;Samariterviertel;2019;5;12;4;3;2;2;0;0;1;0;0;0;0;0;803462,4879;5827596,732;13,47295;52,51382\
51180;11;2;2050602;Samariterviertel;2019;8;10;6;3;6;4;0;1;0;1;0;0;0;0;803079,8166;5827651,944;13,46738;52,51453\
51181;11;4;4010101;Jungfernheide;2019;12;6;4;3;2;6;2;0;1;0;0;0;0;0;791384,4449;5830310,428;13,29786;52,54473\
51182;11;11;2050602;Samariterviertel;2019;7;9;3;3;3;6;0;0;1;0;0;1;0;0;803618,1179;5827594,883;13,47524;52,51372\
51183;11;4;4020313;K\'f6nigin-Elisabeth-Stra\'dfe;2019;4;12;7;2;6;4;0;1;0;1;0;0;0;0;790456,7607;5826365,105;13,28077;52,50986\
51184;11;7;7030303;Grazer Platz;2019;10;20;6;3;2;6;2;0;1;0;0;0;0;0;794749,6785;5822037,534;13,34002;52,46876\
51185;11;11;11030721;R\'fcdigerstra\'dfe;2019;8;9;6;3;5;2;0;1;0;0;0;0;1;0;804248,0295;5827531,967;13,48443;52,5128\
51186;11;7;7040401;Neu-Tempelhof;2019;7;8;3;2;3;6;0;1;1;0;0;1;0;0;797757,3127;5823903,83;13,38583;52,48386\
51187;11;4;4020313;K\'f6nigin-Elisabeth-Stra\'dfe;2019;4;12;7;2;6;4;0;1;0;1;0;0;0;0;790456,7607;5826365,105;13,28077;52,50986\
51188;11;4;4030724;Lietzensee;2019;10;15;3;3;2;6;0;0;1;0;0;0;0;1;790734,9739;5826273,994;13,28478;52,50889\
51189;11;7;7040403;Manteuffelstra\'dfe;2019;6;16;5;3;2;6;0;0;1;0;0;0;1;1;796848,0267;5822389,394;13,37113;52,47078\
51190;11;3;3071639;B\'f6tzowstra\'dfe;2019;8;6;5;3;3;6;1;1;0;0;0;0;0;0;800498,005;5829767,663;13,43136;52,53492\
51191;11;3;3061429;Greifswalder Stra\'dfe;2019;12;21;5;3;0;3;2;1;0;0;0;0;1;1;800986,7256;5830506,252;13,43921;52,54127\
51192;11;1;1011105;N\'f6rdlicher Landwehrkanal;2019;5;13;4;3;6;4;0;0;1;1;0;0;0;0;796759,385;5826667,672;13,37364;52,50918\
51193;11;7;7040403;Manteuffelstra\'dfe;2019;4;23;7;3;2;6;2;0;1;0;0;0;0;0;796845,6976;5822389,964;13,37109;52,47079\
51194;11;3;3061131;Falkplatz;2019;11;0;1;3;6;7;2;1;0;1;0;0;0;0;799180,9421;5830873,102;13,413;52,54555\
51195;11;10;10010204;Wuhletalstra\'dfe;2019;5;14;3;3;5;3;0;0;1;0;0;1;0;0;808897,2271;5833397,735;13,55818;52,56276\
51196;11;12;12301203;Wittenau S\'fcd;2019;11;8;5;3;0;2;0;1;1;0;0;0;0;1;794093,9168;5835024,909;13,34188;52,58554\
51197;11;6;6010101;Fichtenberg;2019;7;18;3;3;8;1;0;0;1;0;0;0;0;0;793152,7605;5820216,118;13,31497;52,45329\
51198;11;1;1011201;Wilhelmstra\'dfe;2019;4;23;7;3;2;6;2;0;1;0;0;0;0;0;797658,2267;5826834,099;13,38699;52,51018\
51199;11;7;7070701;Kettinger Stra\'dfe/Schillerstra\'dfe;2019;10;18;7;2;2;6;2;0;1;0;1;0;0;0;799523,0994;5815623,211;13,40433;52,40867\
51200;11;1;1011201;Wilhelmstra\'dfe;2019;8;22;5;3;5;2;2;1;0;0;1;0;0;0;796966,731;5826707,264;13,37672;52,50942\
51202;11;2;2050602;Samariterviertel;2019;5;18;3;2;6;7;0;1;0;1;0;0;0;0;802422,0234;5827702,723;13,45776;52,51535\
51203;11;2;2040703;Wriezener Bahnhof/Entwicklungsgebiet;2019;7;3;3;3;6;7;2;0;0;1;0;0;1;0;801904,1193;5826621,215;13,44917;52,50594\
51204;11;3;3061332;Helmholtzplatz;2019;4;13;7;3;3;6;0;0;1;0;1;0;0;0;799192,1287;5830358,66;13,4127;52,54093\
51205;11;1;1011105;N\'f6rdlicher Landwehrkanal;2019;6;15;7;2;5;3;0;0;1;0;1;0;0;0;796438,4944;5826320,124;13,36861;52,50624\
51206;11;12;12301205;Waidmannslust;2019;8;20;5;3;0;1;2;1;0;0;0;0;0;0;792650,2794;5837493,802;13,32281;52,60845\
51207;11;7;7050502;Fritz-Werner-Stra\'dfe;2019;12;12;1;3;5;2;0;0;1;0;0;0;0;1;797841,9927;5818949,221;13,38265;52,4394\
51208;11;4;4010101;Jungfernheide;2019;5;21;3;2;8;1;2;0;0;0;1;0;0;1;790989,3802;5829001,855;13,2909;52,53321\
51209;11;3;3020209;Niedersch\'f6nhausen;2019;7;15;3;3;0;1;0;1;0;0;0;0;0;0;797952,043;5834558,36;13,39824;52,57926\
51210;11;4;4030622;Richard-Wagner-Stra\'dfe;2019;11;10;2;3;5;2;0;1;1;0;0;0;0;1;792734,8139;5826741,163;13,31457;52,51201\
51211;11;10;10040933;Mahlsdorf S\'fcd;2019;7;15;3;3;2;6;0;0;1;0;1;0;0;0;812736,8524;5827175,302;13,60878;52,5048\
51212;11;3;3061131;Falkplatz;2019;4;0;7;3;4;6;2;1;0;0;0;0;0;0;799179,6864;5831080,741;13,41316;52,54741\
51213;11;4;4030622;Richard-Wagner-Stra\'dfe;2019;10;13;1;3;2;2;0;0;1;0;0;0;0;0;792111,5463;5826636,737;13,30532;52,51141\
51214;11;4;4020313;K\'f6nigin-Elisabeth-Stra\'dfe;2019;8;17;5;3;3;6;0;0;1;0;1;0;0;0;790589,0886;5826405,881;13,28275;52,51015\
51216;11;3;3061126;Arnimplatz;2019;5;10;3;3;5;2;0;1;1;0;0;0;0;0;799197,1656;5831456,209;13,41376;52,55077\
51217;11;6;6030605;Botanischer Garten;2019;7;2;3;3;3;6;2;0;1;0;0;0;1;0;792928,5864;5820077,022;13,31156;52,45217\
51218;11;6;6040701;Wannsee;2019;4;15;7;2;5;7;0;0;1;0;1;0;0;0;781838,5869;5815614,26;13,14504;52,41798\
51219;11;4;4020313;K\'f6nigin-Elisabeth-Stra\'dfe;2019;11;13;3;3;2;6;0;0;1;0;0;0;0;0;790523,4578;5826376,255;13,28176;52,50992\
51220;11;1;1011304;Karl-Marx-Allee;2019;6;8;4;3;6;4;0;0;0;1;1;0;0;0;800022,4265;5828095,788;13,42286;52,5202\
51221;11;1;1011304;Karl-Marx-Allee;2019;8;15;5;3;0;7;0;1;0;0;0;0;0;0;799788,5207;5828166,408;13,41949;52,52096\
51222;11;3;3020209;Niedersch\'f6nhausen;2019;12;21;7;3;0;6;2;0;1;0;0;0;0;1;798340,5187;5834789,053;13,40416;52,58111\
51223;11;2;2050602;Samariterviertel;2019;7;14;2;3;3;2;0;0;1;0;1;0;0;0;803498,3546;5827608,623;13,47349;52,51391\
51224;11;3;3061435;Conrad-Blenkle-Stra\'dfe;2019;10;16;3;3;2;6;1;0;1;0;0;0;0;0;801399,3683;5829219,087;13,44411;52,5295\
51225;11;4;4051655;Babelsberger Stra\'dfe;2019;8;13;5;3;2;6;0;0;1;0;0;0;0;0;794052,6739;5823007,573;13,33064;52,47783\
51226;11;2;2050602;Samariterviertel;2019;7;15;2;3;2;2;0;1;0;0;0;0;0;0;802769,3897;5827667,874;13,46283;52,51484\