OBJECTID;LAND;BEZ;LOR;STRASSE;UJAHR;UMONAT;USTUNDE;UWOCHENTAG;UKATEGORIE;UART;UTYP1;ULICHTVERH;IstRad;IstPKW;IstFuss;IstKrad;IstGkfz;IstSonstige;USTRZUSTAND;LINREFX;LINREFY;XGCSWGS84;YGCSWGS84\
51420;11;7;7050502;Fritz-Werner-Stra\'dfe;2019;7;19;3;3;5;3;0;0;0;0;1;0;1;0;798179,1195;5818923,907;13,38757;52,43899\
51421;11;3;3071639;B\'f6tzowstra\'dfe;2019;4;9;2;3;3;6;0;1;1;0;0;0;0;0;800195,797;5829281,623;13,42648;52,53073\
51422;11;4;4010101;Jungfernheide;2019;11;11;6;3;2;6;0;0;1;0;0;0;0;0;791233,4681;5829753,536;13,29515;52,53982\
51423;11;2;2050802;Boxhagener Platz;2019;6;7;5;3;3;6;0;0;1;0;1;0;0;1;802065,5557;5827317,548;13,45218;52,51209\
51424;11;7;7040403;Manteuffelstra\'dfe;2019;8;18;6;3;1;5;0;1;1;0;0;0;0;0;797819,0532;5821087,593;13,38422;52,45858\
51425;11;11;11030721;R\'fcdigerstra\'dfe;2019;12;8;3;3;5;2;0;1;1;0;0;0;0;1;803718,5201;5827570,413;13,47669;52,51344\
51426;11;3;3061332;Helmholtzplatz;2019;5;23;6;2;6;4;2;0;1;1;0;0;0;0;799989,7991;5830222,484;13,4243;52,53928\
51427;11;2;2020202;Rathaus Yorckstra\'dfe;2019;7;19;2;3;2;6;0;0;1;0;0;0;0;0;797854,2235;5825450,756;13,38863;52,49767\
51428;11;6;6040701;Wannsee;2019;10;14;5;3;5;5;0;0;1;0;0;0;0;0;778592,6746;5814901,627;13,09684;52,41325\
51429;11;6;6030605;Botanischer Garten;2019;7;22;2;3;0;1;2;1;0;0;0;0;0;0;791863,7567;5819374,803;13,29532;52,44644\
51430;11;7;7020203;Kaiser-Wilhelm-Platz;2019;9;20;5;3;2;6;2;0;1;0;1;0;0;0;795896,5294;5824376,515;13,35892;52,48911\
51431;11;4;4030417;Schlo\'dfstra\'dfe;2019;4;9;2;3;5;3;0;0;1;0;1;0;0;0;791868,1615;5826595,799;13,30171;52,51117\
51432;11;1;1011204;Leipziger Stra\'dfe;2019;10;22;4;3;2;6;2;0;1;0;0;0;0;0;798857,1799;5827294,573;13,40502;52,51365\
51433;11;7;7040401;Neu-Tempelhof;2019;8;18;6;3;0;7;0;1;0;0;0;0;0;0;797773,6971;5823585,857;13,38578;52,481\
51435;11;2;2050803;Stralauer Kiez;2019;5;23;6;3;2;6;2;0;1;0;0;0;0;0;802886,2374;5825795,881;13,46285;52,498\
51436;11;7;7020202;Volkspark (Rudolf-Wilde-Park);2019;7;14;2;2;0;1;0;0;0;0;1;0;0;1;794682,5657;5823146,431;13,34001;52,47874\
51437;11;1;1033203;Humboldthain Nordwest;2019;4;8;2;3;5;3;0;1;1;0;0;0;0;0;796195,046;5830185,826;13,36848;52,54102\
51438;11;7;7060604;Marienfelde S\'fcd;2019;11;16;7;3;0;3;1;1;1;0;0;0;0;0;796409,5789;5815365,159;13,35846;52,40805\
51439;11;4;4030622;Richard-Wagner-Stra\'dfe;2019;6;19;7;3;2;6;0;0;1;0;0;0;0;0;792124,1239;5826638,825;13,30551;52,51142\
51440;11;1;1022202;Heidestra\'dfe;2019;12;11;4;3;5;3;0;0;1;0;0;0;0;0;795868,3151;5829573,989;13,36313;52,53572\
51441;11;2;2020202;Rathaus Yorckstra\'dfe;2019;7;19;1;3;0;2;0;1;1;0;0;0;0;0;797898,7256;5825430,732;13,38927;52,49747\
51442;11;3;3020209;Niedersch\'f6nhausen;2019;4;7;2;2;0;7;0;0;1;0;0;0;0;0;797962,5067;5834549,117;13,39838;52,57917\
51443;11;7;7040402;Lindenhofsiedlung;2019;10;19;6;3;2;6;2;0;1;0;1;0;0;0;796518,8001;5822544,205;13,36643;52,47235\
51444;11;9;9020601;Schnellerstra\'dfe;2019;8;17;6;2;5;3;0;1;1;0;0;0;0;0;806541,9758;5821193,156;13,5123;52,45471\
51445;11;7;7010104;Dennewitzplatz;2019;7;23;1;3;0;6;2;0;1;0;0;0;1;0;796007,6436;5824786,695;13,36092;52,49273\
51446;11;2;2050602;Samariterviertel;2019;3;16;1;3;5;3;0;1;0;0;1;0;0;0;803481,8982;5827610,397;13,47325;52,51393\
51447;11;1;1011303;Alexanderplatzviertel;2019;10;8;4;2;5;2;0;0;1;0;0;0;0;1;799808,1669;5828638,057;13,4202;52,52517\
51448;11;7;7040403;Manteuffelstra\'dfe;2019;6;19;5;3;2;6;0;0;1;0;0;0;0;0;797853,916;5820519,74;13,38422;52,45347\
51449;11;2;2020203;Viktoriapark;2019;8;23;6;3;1;5;2;1;1;0;0;0;1;0;797754,3318;5824624,964;13,38643;52,49033\
51450;11;2;2050601;Hausburgviertel;2019;12;19;6;3;6;4;1;0;1;1;0;0;0;1;802063,957;5828101,286;13,45286;52,51912\
51451;11;1;1022202;Heidestra\'dfe;2019;5;17;6;3;2;6;0;0;1;0;0;0;0;0;796044,9139;5829317,457;13,3655;52,53332\
51452;11;12;12231101;Hermsdorf;2019;3;19;1;3;0;1;1;0;0;0;1;0;0;0;792115,5557;5837979,475;13,31537;52,61309\
51453;11;2;2050602;Samariterviertel;2019;11;6;1;3;9;1;2;0;1;0;0;0;0;0;802110,7627;5828008,353;13,45347;52,51826\
51454;11;3;3020209;Niedersch\'f6nhausen;2019;5;10;6;3;3;1;0;1;1;0;0;0;0;0;798175,9465;5836260,259;13,40306;52,59439\
51455;11;3;3050925;Komponistenviertel Wei\'dfensee;2019;11;18;5;3;6;2;2;0;1;1;0;0;0;1;801537,831;5831187,986;13,44793;52,54708\
51456;11;1;1044201;Reinickendorfer Stra\'dfe;2019;7;6;1;3;5;2;0;0;1;0;0;0;0;0;796045,1976;5831344,253;13,36731;52,55149\
51457;11;4;4010102;Pl\'f6tzensee;2019;3;16;1;2;3;6;0;0;1;0;1;0;0;0;793439,9447;5829759,957;13,3276;52,5387\
51458;11;1;1033203;Humboldthain Nordwest;2019;10;1;1;2;5;2;2;0;1;0;0;0;0;0;796186,9463;5830196,828;13,36837;52,54113\
51459;11;7;7040403;Manteuffelstra\'dfe;2019;8;16;6;3;2;6;0;0;1;0;0;0;0;0;797486,7194;5822327,298;13,38045;52,46988\
51461;11;4;4020314;Messegel\'e4nde;2019;5;16;6;3;3;6;0;0;1;0;0;0;0;0;790489,8396;5825304,797;13,28033;52,50034\
51462;11;9;9020601;Schnellerstra\'dfe;2019;7;23;7;3;0;4;2;0;0;1;1;0;0;1;806683,3343;5821054,544;13,51425;52,45338\
51463;11;1;1011303;Alexanderplatzviertel;2019;3;12;7;3;6;4;0;0;1;1;0;0;0;0;799806,0638;5828634,703;13,42017;52,52514\
51464;11;7;7020203;Kaiser-Wilhelm-Platz;2019;6;23;7;3;1;5;2;1;1;0;0;0;0;0;795571,8602;5823898,223;13,35373;52,485\
51465;11;3;3061126;Arnimplatz;2019;8;15;6;2;5;2;0;1;0;0;0;0;1;0;799220,4889;5832049,473;13,41464;52,55607\
51466;11;6;6040703;Nikolassee;2019;12;13;2;3;5;2;0;0;1;0;0;0;0;1;786509,8468;5816949,624;13,21469;52,42753\
51467;11;1;1011303;Alexanderplatzviertel;2019;5;9;6;3;5;2;0;1;1;0;0;0;0;0;799762,1684;5828627,712;13,41952;52,52511\
51468;11;7;7060604;Marienfelde S\'fcd;2019;7;16;7;2;5;3;0;0;1;0;0;0;0;0;796422,3304;5815396,159;13,35868;52,40832\
51469;11;3;3010104;Lietzengraben;2019;3;10;6;3;2;6;0;0;1;0;0;0;0;0;799513,9369;5840900,093;13,42696;52,63524\
51470;11;9;9010402;Johannisthal Ost;2019;11;17;2;3;2;6;2;0;1;0;0;1;0;0;806610,809;5818274,52;13,51063;52,42851\
51471;11;12;12231101;Hermsdorf;2019;7;15;7;3;5;3;0;1;1;0;0;0;0;0;791923,4792;5838850,577;13,31331;52,621\
51472;11;3;3010102;Buch;2019;3;16;6;2;2;6;0;0;1;0;0;0;0;0;804494,6454;5839633,59;13,49916;52,62112\
51473;11;3;3061332;Helmholtzplatz;2019;10;19;1;3;5;7;2;1;0;0;0;0;1;1;799432,6979;5830328,934;13,41621;52,54054\
51474;11;8;8020619;Buschkrugallee Nord;2019;8;15;6;3;2;6;0;0;1;0;0;0;0;0;801666,936;5821775,719;13,4413;52,46264\
51476;11;7;7040401;Neu-Tempelhof;2019;5;12;6;3;2;7;0;0;1;0;0;0;0;0;797772,5656;5823910,849;13,38606;52,48392\
51477;11;7;7050502;Fritz-Werner-Stra\'dfe;2019;7;13;7;3;2;2;0;0;1;0;1;0;0;0;797549,084;5818299,703;13,37778;52,43374\
51478;11;4;4030621;Spreestadt;2019;3;19;6;3;0;1;2;1;0;0;0;0;0;0;794100,7637;5826993,959;13,33487;52,51354\
51479;11;12;12231101;Hermsdorf;2019;11;13;4;2;6;2;0;0;1;1;0;0;0;0;792117,8192;5837988,879;13,31541;52,61318\
51480;11;3;3071633;Th\'e4lmannpark;2019;10;14;2;3;6;4;0;1;0;1;0;0;0;0;800003,4076;5830309,045;13,42458;52,54004\
51481;11;11;11010101;Dorf Malchow;2019;8;11;6;3;5;3;0;1;1;0;0;0;0;0;803673,6053;5835100,264;13,48291;52,58095\
51483;11;7;7040403;Manteuffelstra\'dfe;2019;5;9;6;2;0;7;0;0;1;0;0;0;0;0;797404,3296;5822340,112;13,37925;52,47004\
51484;11;7;7050502;Fritz-Werner-Stra\'dfe;2019;7;12;7;3;2;3;0;0;1;0;0;0;0;0;797550,5914;5818306,355;13,3778;52,4338\
51485;11;9;9010101;Elsenstra\'dfe;2019;3;11;5;3;5;3;0;0;1;0;0;0;1;1;802581,7667;5825080,814;13,45773;52,49176\
51486;11;6;6030605;Botanischer Garten;2019;6;12;2;3;5;2;0;0;0;0;1;0;0;0;792443,58;5819762,086;13,30417;52,4496\
51487;11;4;4030623;Ernst-Reuter-Platz;2019;8;12;6;3;2;6;0;0;1;0;1;0;0;0;793155,158;5826843,21;13,32084;52,5127\
51488;11;12;12301205;Waidmannslust;2019;12;17;2;3;6;2;2;0;0;1;0;0;1;0;792710,759;5837441,599;13,32366;52,60795\
51489;11;7;7020202;Volkspark (Rudolf-Wilde-Park);2019;5;12;5;3;0;7;0;1;0;0;0;0;1;1;795512,2076;5823337,19;13,35236;52,48\
51490;11;1;1044201;Reinickendorfer Stra\'dfe;2019;7;9;6;2;5;2;0;1;0;0;0;1;0;0;796050,878;5831331,178;13,36738;52,55137\
51491;11;4;4041137;Flinsberger Platz;2019;3;15;5;3;2;6;0;0;1;0;0;0;1;0;791565,0842;5824367,873;13,29531;52,49136\
51492;11;7;7050502;Fritz-Werner-Stra\'dfe;2019;11;16;3;3;0;6;1;0;1;0;0;0;1;0;797569,5101;5818389,405;13,37815;52,43453\
51493;11;3;3061434;Anton-Saefkow-Park;2019;11;18;6;3;2;6;2;0;1;0;0;0;0;0;800862,173;5829753,835;13,4367;52,53459\
51494;11;7;7040403;Manteuffelstra\'dfe;2019;7;21;6;3;5;2;2;0;1;0;1;0;0;0;797827,961;5822395,493;13,38552;52,4703\
51495;11;4;4020313;K\'f6nigin-Elisabeth-Stra\'dfe;2019;3;19;5;3;3;6;2;0;1;0;0;0;0;1;790659,6911;5826398,916;13,28378;52,51005\
51496;11;1;1011303;Alexanderplatzviertel;2019;10;20;2;3;3;2;2;1;1;0;0;0;0;0;799552,1887;5828281,464;13,41612;52,52212\
51497;11;3;3061126;Arnimplatz;2019;8;7;6;3;3;6;0;0;1;0;1;0;0;0;799238,9993;5831928,662;13,4148;52,55498\
51499;11;12;12103218;Teichstra\'dfe;2019;5;10;5;3;0;3;0;1;1;0;0;0;0;1;794392,4571;5834475,202;13,34578;52,58045\
51500;11;2;2040701;Andreasviertel;2019;7;18;6;3;3;2;0;0;1;0;1;0;0;0;800385,825;5827977,207;13,42809;52,51893\
51501;11;1;1033203;Humboldthain Nordwest;2019;3;8;4;3;5;2;0;1;1;0;0;0;0;0;796195,9944;5830184,968;13,36849;52,54101\
51502;11;4;4030417;Schlo\'dfstra\'dfe;2019;11;16;4;3;6;4;2;0;1;1;0;0;0;0;791841,6245;5826612,675;13,30133;52,51134\
51503;11;10;10040830;Kaulsdorf S\'fcd;2019;6;16;4;2;2;6;0;0;0;0;1;0;1;0;811559,1867;5827117,913;13,59144;52,50496\
51504;11;1;1011303;Alexanderplatzviertel;2019;8;0;6;3;0;7;2;0;0;0;0;0;1;0;798793,3887;5827981,826;13,4047;52,51985\
51505;11;3;3071633;Th\'e4lmannpark;2019;12;5;2;3;5;3;2;1;1;0;0;0;0;0;800283,87;5830084,748;13,4285;52,53788\
51506;11;12;12103218;Teichstra\'dfe;2019;7;12;6;3;0;2;0;1;1;0;0;0;0;0;794572,2536;5833815,936;13,34784;52,57444\
51507;11;4;4020313;K\'f6nigin-Elisabeth-Stra\'dfe;2019;9;17;5;3;0;5;0;0;1;0;1;0;0;0;790317,511;5826341,942;13,2787;52,50973\
51508;11;10;10010204;Wuhletalstra\'dfe;2019;10;22;4;3;2;6;2;0;1;0;0;0;0;0;808924,2425;5833401,136;13,55858;52,56277\
51509;11;4;4030417;Schlo\'dfstra\'dfe;2019;8;18;5;2;5;2;0;1;1;0;0;0;0;0;791847,9988;5826592,407;13,30141;52,51115\
51510;11;4;4041137;Flinsberger Platz;2019;7;10;6;3;0;7;0;0;0;0;1;0;0;1;791928,8666;5824014,613;13,30034;52,488\
51511;11;6;6030503;Zehlendorf Mitte;2019;9;19;5;3;5;2;2;1;1;0;0;0;0;0;789578,884;5817961,217;13,26057;52,43498\
51512;11;4;4020313;K\'f6nigin-Elisabeth-Stra\'dfe;2019;3;15;4;3;2;6;0;0;1;0;0;0;0;0;790696,6449;5826994,267;13,28484;52,51537\
51513;11;4;4051551;Brabanter Platz;2019;10;16;3;3;2;6;0;0;1;0;0;0;0;0;793044,6634;5823051,144;13,31588;52,47877\
51514;11;4;4041137;Flinsberger Platz;2019;8;16;5;3;2;6;0;0;1;0;0;0;1;0;791591,7739;5824344,685;13,29568;52,49114\
51516;11;3;3010101;Bucher Forst;2019;5;18;5;2;5;3;0;1;1;0;0;0;0;1;800659,3941;5841394,129;13,44428;52,63904\
51517;11;3;3020203;Blankenfelde;2019;7;6;6;3;6;2;0;0;0;1;0;1;0;0;797154,7106;5838890,646;13,39039;52,61853\
51518;11;7;7020203;Kaiser-Wilhelm-Platz;2019;3;23;4;2;9;1;2;0;1;0;1;0;0;1;795774,3083;5824115,07;13,3569;52,48683\
51519;11;1;1044102;Schillerpark;2019;11;9;7;3;5;3;0;0;1;0;0;0;0;1;795861,7403;5832069,084;13,36526;52,55809\
51520;11;7;7020203;Kaiser-Wilhelm-Platz;2019;5;13;5;3;0;7;0;0;0;0;1;0;0;1;795680,1287;5823993,209;13,35541;52,48579\
51521;11;1;1011102;Gro\'dfer Tiergarten;2019;8;16;5;3;5;7;0;0;1;0;0;0;0;0;794455,4835;5827038,695;13,34012;52,51375\
51522;11;10;10010309;Springpfuhl;2019;12;13;4;3;2;6;0;0;1;0;0;1;1;0;807672,0894;5830081,394;13,53709;52,53373\
51523;11;4;4041137;Flinsberger Platz;2019;7;9;6;3;2;6;0;0;1;0;0;0;0;0;791935,907;5824007,083;13,30044;52,48793\
51524;11;5;5020524;Weinmeisterhornweg;2019;3;8;4;3;2;6;0;0;1;0;0;0;0;1;782998,0905;5825977,186;13,17083;52,5103\
51525;11;4;4030622;Richard-Wagner-Stra\'dfe;2019;10;13;6;3;2;6;0;0;1;0;1;0;0;0;792116,7613;5826637,603;13,3054;52,51142\
51526;11;12;12103117;Letteplatz;2019;8;16;5;3;5;7;0;1;1;0;0;0;0;0;795807,9021;5832370,438;13,36473;52,56082\
51527;11;10;10010204;Wuhletalstra\'dfe;2019;7;4;6;2;5;3;1;0;1;0;0;0;1;0;808905,2566;5833416,326;13,55831;52,56292\
51528;11;3;3061429;Greifswalder Stra\'dfe;2019;3;7;4;2;6;4;0;0;1;1;0;0;0;0;801390,5422;5831069,26;13,44566;52,54609\
51529;11;10;10030727;Biesdorf S\'fcd;2019;10;11;3;3;0;1;0;0;0;0;1;0;0;1;810344,2105;5827069,588;13,57355;52,50522\
51530;11;3;3040818;Pankow S\'fcd;2019;6;17;4;3;6;3;0;0;1;1;0;0;0;0;800033,9992;5833416,034;13,42784;52,56788\
51531;11;12;12214424;Scharnweberstra\'dfe;2019;8;15;5;2;9;1;0;0;0;0;1;0;0;0;792890,776;5832239,124;13,32171;52,56122\
51532;11;1;1033203;Humboldthain Nordwest;2019;12;21;4;3;2;6;2;0;1;0;0;0;0;1;796288,1909;5830309,407;13,36996;52,54208\
51533;11;2;2050602;Samariterviertel;2019;5;9;5;3;2;6;0;0;1;0;0;0;0;1;803064,7788;5827636,848;13,46714;52,5144\
51534;11;7;7040406;Germaniagarten;2019;3;5;4;3;0;7;0;0;1;0;0;0;0;0;800327,4441;5821568,286;13,42146;52,46152\
51535;11;6;6030503;Zehlendorf Mitte;2019;11;19;7;2;5;3;2;0;1;0;0;0;0;1;790942,7279;5818771,219;13,28129;52,44152\
51536;11;11;11030721;R\'fcdigerstra\'dfe;2019;5;7;5;3;6;7;0;0;1;1;0;0;0;1;804234,9123;5827533,293;13,48424;52,51282\
51537;11;1;1011204;Leipziger Stra\'dfe;2019;11;17;4;3;3;6;2;1;1;0;0;0;0;1;798178,7519;5826923,824;13,39472;52,5107\
51538;11;4;4030724;Lietzensee;2019;7;14;5;3;2;6;0;0;1;0;0;0;0;0;790773,0915;5826385,425;13,28544;52,50987\
51539;11;7;7060601;Marienfelder Allee Nordwest;2019;3;17;4;3;6;7;1;1;0;1;0;0;0;1;797120,4574;5816959,251;13,3703;52,42196\
51540;11;8;8010510;Gewerbegebiet K\'f6llnische Heide;2019;10;14;7;3;2;6;0;0;1;0;0;0;0;0;802673,785;5821698,328;13,45601;52,46139\
51541;11;12;12103115;Breitkopfbecken;2019;8;18;5;2;0;6;0;0;0;0;1;0;1;0;795377,999;5833673,668;13,35957;52,57273\
51543;11;4;4051656;Hildegardstra\'dfe;2019;5;7;5;2;2;6;0;0;1;0;0;0;1;1;793782,2994;5823002,66;13,32667;52,47794\
51544;11;12;12302211;L\'fcbarser Stra\'dfe;2019;9;13;5;3;5;7;0;0;1;0;0;0;1;0;793211,3351;5836738,266;13,3304;52,60138\
51545;11;2;2050803;Stralauer Kiez;2019;7;21;5;2;5;2;1;1;1;0;0;0;0;0;802031,4163;5826155,312;13,45062;52,50169\
51546;11;3;3061131;Falkplatz;2019;3;15;3;3;6;4;0;0;1;1;0;0;0;0;799141,765;5830376,94;13,41197;52,54113\
51547;11;1;1011104;K\'f6rnerstra\'dfe;2019;6;20;7;3;2;6;0;0;1;0;0;0;0;0;796302,9257;5826046,765;13,36638;52,50386\
51548;11;3;3071639;B\'f6tzowstra\'dfe;2019;8;11;5;3;0;4;0;1;0;1;0;0;0;0;800309,3761;5829465,458;13,42831;52,53231\
51549;11;2;2020202;Rathaus Yorckstra\'dfe;2019;12;12;1;3;1;1;0;0;1;0;0;0;0;0;797901,8585;5825108,909;13,38903;52,49458\
51550;11;12;12103219;Sch\'e4fersee;2019;5;17;5;3;4;6;0;1;0;0;0;0;0;0;795694,0027;5832888,251;13,36352;52,56552\
51551;11;6;6030503;Zehlendorf Mitte;2019;7;16;5;3;2;2;0;1;0;0;0;0;1;0;789556,5381;5817966,496;13,26025;52,43504\
51552;11;2;2020202;Rathaus Yorckstra\'dfe;2019;11;3;1;2;6;4;2;0;1;1;0;0;0;1;797897,3028;5825437,364;13,38925;52,49753\
51553;11;4;4030417;Schlo\'dfstra\'dfe;2019;7;14;5;3;5;2;0;1;1;0;0;0;0;0;791028,1107;5826477,2;13,28926;52,51056\
51554;11;7;7030303;Grazer Platz;2019;3;9;3;3;2;6;0;0;1;0;0;0;0;0;795225,4375;5822896,663;13,34776;52,47621\
51555;11;4;4041133;G\'fcterbahnhof Grunewald;2019;10;19;1;3;2;6;2;0;1;0;0;0;0;0;790540,8158;5825172,68;13,28096;52,49912\
51556;11;1;1011303;Alexanderplatzviertel;2019;8;11;5;3;6;7;0;0;0;1;1;0;0;0;798942,9427;5828148,689;13,40705;52,52126\
51558;11;7;7070701;Kettinger Stra\'dfe/Schillerstra\'dfe;2019;5;15;4;3;2;6;0;0;1;0;0;0;0;0;799736,4963;5814606,873;13,40655;52,39944\
51559;11;3;3071638;Winsstra\'dfe;2019;7;14;5;3;5;2;0;1;1;0;0;0;0;0;800047,2787;5828999,183;13,42404;52,52828\
51560;11;4;4030417;Schlo\'dfstra\'dfe;2019;3;10;3;3;2;6;0;0;1;0;0;0;0;0;791035,1964;5826478,362;13,28937;52,51057\
51561;11;4;4020313;K\'f6nigin-Elisabeth-Stra\'dfe;2019;11;15;3;3;2;6;0;0;1;0;0;0;1;0;790567,417;5826402,241;13,28243;52,51013\
51562;11;1;1011303;Alexanderplatzviertel;2019;6;13;3;3;2;6;0;0;1;0;0;0;0;0;799254,0845;5827905,447;13,4114;52,51891\
51563;11;3;3061429;Greifswalder Stra\'dfe;2019;8;11;5;2;5;2;0;1;1;0;0;0;0;0;801348,7145;5831003,317;13,44498;52,54552\
51564;11;1;1033203;Humboldthain Nordwest;2019;12;19;7;3;2;6;2;0;1;0;0;0;0;1;796210,2608;5829941,731;13,36849;52,53883\
51565;11;2;2040703;Wriezener Bahnhof/Entwicklungsgebiet;2019;7;14;5;2;1;5;0;1;0;0;1;0;0;0;801878,9939;5826541,829;13,44873;52,50524\
51566;11;3;3061131;Falkplatz;2019;10;13;3;3;2;6;0;0;1;0;0;0;0;0;799186,0152;5831182,081;13,41335;52,54832\
51567;11;6;6030503;Zehlendorf Mitte;2019;8;9;5;3;5;2;0;1;1;0;0;0;0;0;789559,9922;5817980,314;13,26031;52,43516\
51568;11;10;10010204;Wuhletalstra\'dfe;2019;7;19;4;3;5;3;0;0;1;0;0;0;0;0;808905,6465;5833417,094;13,55832;52,56292\
51569;11;4;4020208;Kranzallee;2019;3;18;2;3;5;3;1;0;1;0;0;0;0;0;787161,9085;5825838,962;13,2319;52,50689\
51570;11;12;12214422;Klixstra\'dfe;2019;10;6;2;3;3;6;2;0;1;0;0;1;0;0;791651,5794;5833559,513;13,30464;52,57372\
51571;11;3;3020209;Niedersch\'f6nhausen;2019;6;11;1;3;5;2;0;1;1;0;0;0;0;0;798113,4044;5835762,425;13,40169;52,58996\
51572;11;2;2040701;Andreasviertel;2019;8;19;5;3;6;7;0;0;0;1;0;0;1;0;800630,2555;5827889,775;13,43161;52,51801\
51574;11;12;12214125;Waldidyll/Flughafensee;2019;5;12;4;3;3;6;0;0;1;0;1;0;0;0;792107,3135;5831888,42;13,30988;52,55849\
51575;11;10;10030726;Alt-Biesdorf;2019;3;11;2;3;5;2;0;0;1;0;0;0;0;1;808936,8692;5827406,556;13,55319;52,50904\
51576;11;6;6030503;Zehlendorf Mitte;2019;11;20;4;3;5;2;2;0;1;0;0;0;0;1;789567,884;5817964,126;13,26042;52,43501\
51577;11;4;4041134;Bismarckallee;2019;5;9;4;2;2;6;0;0;1;0;1;0;0;0;791190,0689;5824633,724;13,29003;52,49395\
51578;11;7;7010104;Dennewitzplatz;2019;12;14;2;3;6;4;0;0;1;1;0;0;0;0;796071,8033;5825476,637;13,36248;52,49888\
51579;11;3;3061228;Erich-Weinert-Stra\'dfe;2019;7;19;4;3;1;5;0;1;0;0;0;0;1;0;800270,7571;5831439,281;13,42953;52,55003\
51580;11;7;7040402;Lindenhofsiedlung;2019;3;14;2;2;2;6;0;0;1;0;0;0;0;1;796430,668;5822603,567;13,36519;52,47293\
51581;11;6;6040703;Nikolassee;2019;10;17;4;2;9;1;2;0;1;0;0;0;0;0;785748,0706;5816442,886;13,20308;52,42338\
51582;11;12;12301204;Wittenau Nord;2019;8;17;4;3;5;3;0;0;1;0;0;0;0;0;793418,6359;5836163,675;13,33295;52,59611\
51584;11;12;12302212;Rollbergesiedlung;2019;6;10;4;3;5;3;0;1;1;0;0;0;0;0;792784,1119;5837340,844;13,32465;52,60701\
51585;11;6;6040703;Nikolassee;2019;8;17;4;2;0;7;0;1;0;0;0;0;0;0;786353,2788;5816879,974;13,21233;52,42699\
51586;11;2;2040703;Wriezener Bahnhof/Entwicklungsgebiet;2019;12;19;1;3;6;6;2;1;0;1;0;0;0;1;801839,8638;5826426,354;13,44805;52,50423\
51587;11;3;3040818;Pankow S\'fcd;2019;7;16;4;3;5;3;0;1;1;0;0;0;0;0;800037,0538;5833451,998;13,42791;52,5682\
51588;11;6;6040701;Wannsee;2019;9;17;4;3;1;1;0;0;1;0;0;0;0;1;778814,0268;5814981,864;13,10016;52,41386\
51589;11;7;7050501;Rathausstra\'dfe;2019;10;11;4;3;1;5;0;1;1;0;0;0;0;0;797981,3413;5819862,755;13,38551;52,44752\
51590;11;4;4051656;Hildegardstra\'dfe;2019;8;7;4;2;2;6;0;0;0;0;1;0;1;0;793666,3959;5822996,787;13,32496;52,47795\
51591;11;1;1011202;Unter den Linden Nord;2019;7;13;4;3;3;6;0;0;1;0;1;0;0;0;798196,0169;5827671,08;13,39564;52,51739\
51592;11;4;4051655;Babelsberger Stra\'dfe;2019;3;15;2;3;2;6;0;0;1;0;0;0;0;0;793967,8945;5823000,84;13,32939;52,47782\
51593;11;12;12103218;Teichstra\'dfe;2019;10;13;3;3;2;6;0;0;1;0;0;1;0;1;794591,6065;5833807,497;13,34812;52,57436\
51594;11;4;4020310;Park Ruhwald;2019;8;5;4;3;3;6;1;0;1;0;0;0;0;0;790479,3397;5828454,33;13,28293;52,52858\
51596;11;3;3061434;Anton-Saefkow-Park;2019;5;9;4;3;2;6;0;0;1;0;1;0;0;0;800659,628;5830030,149;13,43397;52,53718\
51597;11;2;2050601;Hausburgviertel;2019;7;10;4;3;0;5;0;1;0;0;0;0;1;0;802041,2372;5828082,462;13,45251;52,51896\
51598;11;6;6030503;Zehlendorf Mitte;2019;3;13;2;2;5;3;0;0;1;0;0;0;0;1;790944,2677;5818772,125;13,28131;52,44153\
51599;11;2;2050602;Samariterviertel;2019;11;9;5;3;5;3;0;1;1;0;0;0;0;0;802119,8959;5828034,867;13,45362;52,51849\
51600;11;2;2050602;Samariterviertel;2019;5;8;4;3;5;3;0;1;1;0;0;0;0;0;802576,8721;5827703,156;13,46004;52,51526\
51601;11;1;1033203;Humboldthain Nordwest;2019;12;18;3;3;2;6;2;0;1;0;0;0;0;1;796277,0601;5830013,147;13,36953;52,53943\
51602;11;4;4051551;Brabanter Platz;2019;7;15;4;3;2;6;0;0;1;0;1;0;0;0;793224,523;5823009,019;13,31848;52,47829\
51603;11;11;11010101;Dorf Malchow;2019;3;10;1;3;5;2;0;1;1;0;0;0;0;0;803685,612;5835336,13;13,48331;52,58306\
51604;11;12;12103117;Letteplatz;2019;10;19;5;3;2;6;2;0;1;0;1;0;0;0;795841,4434;5832182,231;13,36506;52,55911\
51605;11;1;1011303;Alexanderplatzviertel;2019;8;15;4;3;6;6;0;0;0;1;0;0;1;0;799557,908;5828277,886;13,4162;52,52208\
51607;11;10;10010309;Springpfuhl;2019;7;20;3;3;5;3;0;0;1;0;0;0;0;0;807685,5835;5829675,058;13,53691;52,53008\
51608;11;3;3061126;Arnimplatz;2019;3;18;1;3;3;6;1;0;1;0;1;0;0;0;799235,117;5831712,909;13,41455;52,55305\
51609;11;12;12103218;Teichstra\'dfe;2019;9;14;2;3;5;2;0;1;0;0;0;1;0;0;794572,2234;5833816,935;13,34784;52,57445\
51610;11;9;9010301;Baumschulenstra\'dfe;2019;6;7;4;3;5;2;0;0;1;0;1;0;0;0;805161,2417;5822577,895;13,49331;52,46789\
51611;11;11;11030721;R\'fcdigerstra\'dfe;2019;8;12;4;3;6;4;0;1;0;1;0;0;0;0;803720,4867;5827586,492;13,47673;52,51358\
51612;11;9;9010101;Elsenstra\'dfe;2019;12;10;7;3;3;6;0;0;1;0;0;0;0;1;802841,4141;5825466,055;13,46189;52,49507\