OBJECTID;LAND;BEZ;LOR;STRASSE;UJAHR;UMONAT;USTUNDE;UWOCHENTAG;UKATEGORIE;UART;UTYP1;ULICHTVERH;IstRad;IstPKW;IstFuss;IstKrad;IstGkfz;IstSonstige;USTRZUSTAND;LINREFX;LINREFY;XGCSWGS84;YGCSWGS84\
191467;11;1;1033203;Humboldthain Nordwest;2019;1;21;4;2;6;4;2;1;0;1;0;0;0;0;796774,7548;5830528,507;13,37731;52,54378\
191468;11;1;1011302;Oranienburger Stra\'dfe;2019;1;21;4;3;1;5;2;1;1;0;0;0;0;0;799013,9252;5828896,581;13,40876;52,52793\
191469;11;3;3061227;Humannplatz;2019;1;21;4;3;5;3;2;1;1;0;0;0;0;0;800158,7173;5831670,99;13,42809;52,55217\
191470;11;1;1022206;L\'fcneburger Stra\'dfe;2019;1;17;4;3;2;6;2;0;1;0;0;0;0;0;796528,2655;5828672,244;13,37203;52,52727\
191471;11;5;5010339;Freiheit;2019;1;14;4;3;2;6;0;0;1;0;0;0;1;0;786774,4112;5828202,254;13,22824;52,52828\
191472;11;11;11030721;R\'fcdigerstra\'dfe;2019;1;15;4;3;5;2;0;0;1;0;0;0;0;0;803882,3222;5827895,199;13,47939;52,51626\
191473;11;12;12224230;Heiligensee;2019;1;14;4;3;2;3;0;1;1;0;0;0;0;0;786427,1397;5837332,67;13,23102;52,61032\
191474;11;4;4020313;K\'f6nigin-Elisabeth-Stra\'dfe;2019;1;13;4;3;5;3;0;0;1;0;0;0;0;0;790492,0779;5826558,62;13,28146;52,51158\
191475;11;5;5020626;Adamstra\'dfe;2019;1;13;4;3;5;3;0;0;1;0;0;0;1;0;784032,545;5827417,465;13,18727;52,52268\
191476;11;4;4030623;Ernst-Reuter-Platz;2019;1;11;4;3;6;4;0;0;1;1;0;0;0;1;793341,7391;5827268,67;13,32395;52,51642\
191477;11;8;8010118;Silbersteinstra\'dfe;2019;1;10;4;3;6;4;0;0;1;1;0;0;0;1;800632,914;5822062,086;13,42639;52,46578\
191478;11;3;3061227;Humannplatz;2019;1;7;4;3;5;3;1;1;1;0;0;0;0;1;799979,5232;5831084,88;13,42493;52,54701\
191479;11;7;7060601;Marienfelder Allee Nordwest;2019;1;12;4;3;6;2;0;0;1;1;0;0;0;0;795888,0418;5816196,507;13,35155;52,41579\
191480;11;6;6030503;Zehlendorf Mitte;2019;1;9;4;3;6;2;0;0;0;1;1;0;0;1;790650,5096;5817860,919;13,27621;52,43351\
191481;11;11;11020412;Hauptstra\'dfe;2019;1;7;4;3;5;2;1;0;1;0;0;1;0;1;806092,1845;5831389,446;13,51507;52,54634\
191482;11;7;7070701;Kettinger Stra\'dfe/Schillerstra\'dfe;2019;1;17;7;3;5;2;2;1;0;0;0;0;1;0;798697,8409;5816021,293;13,39259;52,41269\
191483;11;3;3061228;Erich-Weinert-Stra\'dfe;2019;1;7;4;3;6;4;1;0;1;1;0;0;0;1;800705,5495;5830952,307;13,43548;52,54542\
191484;11;10;10020517;Adele-Sandrock-Stra\'dfe;2019;1;7;4;3;5;3;1;1;1;0;0;0;0;1;813010,8353;5830201,997;13,61565;52,53177\
191485;11;12;12103115;Breitkopfbecken;2019;1;8;4;3;5;2;0;0;1;0;0;0;0;1;795479,7332;5833414,803;13,36084;52,57036\
191486;11;4;4041344;R\'fcdesheimer Platz;2019;1;9;4;3;5;3;0;0;1;0;0;0;0;1;793379,1756;5821960,22;13,31983;52,46881\
191487;11;8;8010301;Reuterkiez;2019;1;15;4;3;6;2;0;0;0;1;0;0;1;0;800514,983;5824466,169;13,42682;52,48739\
191488;11;1;1033102;Gesundbrunnen;2019;1;12;3;3;5;2;0;1;1;0;0;0;0;0;797642,7802;5831852,41;13,39126;52,55517\
191489;11;1;1011202;Unter den Linden Nord;2019;1;22;3;2;0;1;2;0;0;0;1;0;0;1;797656,7278;5828081,419;13,38808;52,52136\
191490;11;5;5010101;Hakenfelde Nord;2019;1;18;3;3;6;2;2;0;1;1;0;0;0;1;785242,328;5832250,664;13,2092;52,56538\
191491;11;5;5020523;Maulbeerallee;2019;1;17;3;3;9;1;2;0;1;0;0;0;0;1;782710,2643;5826940,259;13,16742;52,51909\
191492;11;10;10010308;Marzahner Chaussee;2019;1;12;3;3;2;2;0;0;1;0;0;0;0;1;806486,5217;5829660,635;13,51928;52,53063\
191493;11;4;4020311;Reichsstra\'dfe;2019;1;20;3;3;0;3;2;0;0;0;1;0;1;1;788855,6181;5827183,007;13,25795;52,51804\
191494;11;7;7050502;Fritz-Werner-Stra\'dfe;2019;1;17;7;3;5;2;1;0;1;0;0;0;0;0;798710,9056;5817580,321;13,39417;52,42666\
191495;11;7;7050502;Fritz-Werner-Stra\'dfe;2019;1;20;3;3;5;3;2;0;1;0;0;0;1;0;797341,7771;5818586,032;13,37499;52,43642\
191496;11;4;4020207;Flatowallee;2019;1;16;3;3;0;1;2;0;0;0;1;0;0;1;787272,2737;5826012,679;13,23367;52,50839\
191497;11;10;10010310;Alt-Marzahn;2019;1;16;3;2;6;2;2;0;1;1;0;0;0;1;809844,8703;5831011,178;13,56989;52,54083\
191498;11;12;12214125;Waldidyll/Flughafensee;2019;1;16;3;3;0;5;0;0;1;0;1;0;0;1;791302,6005;5833223,855;13,29921;52,5709\
191499;11;4;4030931;Breitscheidplatz;2019;1;14;3;3;2;2;0;0;0;0;0;1;1;1;793915,1616;5825542,656;13,33086;52,50063\
191500;11;5;5030832;Rohrdamm;2019;1;14;3;3;0;2;0;0;1;0;0;0;1;1;789043,3308;5829715,149;13,26291;52,54064\
191501;11;12;12214527;Alt-Tegel;2019;1;14;3;3;1;5;0;0;1;0;0;0;0;1;789962,8688;5835542,509;13,28153;52,5924\
191502;11;3;3061435;Conrad-Blenkle-Stra\'dfe;2019;1;13;3;3;5;3;0;0;1;0;0;0;0;1;801752,6458;5829154,396;13,44924;52,52873\
191503;11;8;8010303;Donaustra\'dfe;2019;1;10;3;3;0;7;0;0;1;0;0;0;0;1;801144,1684;5823779,033;13,43544;52,48089\
191504;11;2;2050801;Traveplatz;2019;1;10;3;3;5;3;1;1;1;0;0;0;0;1;802909,3735;5827125,545;13,4644;52,5099\
191505;11;3;3050923;Wei\'dfenseer Spitze;2019;1;10;3;3;1;5;0;1;1;0;0;0;0;1;800728,0755;5831963,52;13,43673;52,55447\
191506;11;3;3040614;Pankow Zentrum;2019;1;9;3;3;5;3;0;0;1;0;0;0;0;1;799604,2876;5834019,454;13,42206;52,57352\
191507;11;1;1011303;Alexanderplatzviertel;2019;1;5;3;3;5;2;2;0;0;0;0;0;1;0;799242,9022;5828468,568;13,41174;52,52397\
191508;11;2;2040703;Wriezener Bahnhof/Entwicklungsgebiet;2019;1;22;3;3;6;3;2;0;1;1;0;0;0;1;801645,5498;5826476,481;13,44524;52,50479\
191509;11;3;3061228;Erich-Weinert-Stra\'dfe;2019;1;17;3;3;2;2;1;0;1;0;0;1;0;1;800672,3231;5830653,372;13,43472;52,54276\
191510;11;6;6020409;K\'f6nigsberger Stra\'dfe;2019;1;17;3;3;6;4;1;0;1;1;0;0;0;1;793679,2366;5818213,567;13,32094;52,43506\
191511;11;12;12302110;Dannenwalder Weg;2019;1;17;3;2;6;4;1;0;1;1;0;0;0;1;794899,2578;5836310,208;13,35487;52,59663\
191512;11;8;8010404;Rixdorf;2019;1;15;3;3;6;4;0;0;1;1;0;0;0;1;802531,4232;5822958,568;13,45506;52,47276\
191513;11;4;4020313;K\'f6nigin-Elisabeth-Stra\'dfe;2019;1;17;3;2;5;2;1;0;1;0;0;0;0;1;790476,0561;5826697,938;13,28134;52,51283\
191514;11;5;5010206;G\'fctersloher Weg;2019;1;17;3;3;6;2;2;0;1;1;0;0;0;1;782373,0036;5830489,313;13,16548;52,55108\
191515;11;1;1011204;Leipziger Stra\'dfe;2019;1;18;3;3;6;7;1;0;1;1;0;0;0;1;798164,7088;5826606,661;13,39423;52,50787\
191516;11;4;4030931;Breitscheidplatz;2019;1;18;3;3;6;7;1;0;1;1;0;0;0;1;793854,4224;5826060,167;13,33042;52,50531\
191517;11;5;5030730;Zitadellenweg;2019;1;19;3;3;4;1;2;0;1;0;0;0;0;1;787170,49;5830666,338;13,2362;52,55016\
191518;11;1;1011201;Wilhelmstra\'dfe;2019;1;22;3;3;6;2;2;0;1;1;0;0;0;1;797473,8222;5826792,13;13,38424;52,50991\
191519;11;8;8010303;Donaustra\'dfe;2019;1;23;3;3;6;4;2;0;1;1;0;0;0;1;801439,1012;5823873,119;13,43985;52,48157\
191520;11;9;9020701;Adlershof West;2019;1;23;3;3;5;2;2;1;1;0;0;0;0;1;808983,6231;5818110,329;13,54527;52,4257\
191521;11;1;1022104;Emdener Stra\'dfe;2019;1;22;2;3;0;7;2;0;1;0;0;0;0;0;794536,333;5829324,303;13,34333;52,5342\
191522;11;1;1011101;St\'fclerstra\'dfe;2019;1;21;2;3;5;2;2;1;1;0;0;0;0;0;795230,5272;5826625,853;13,35114;52,50963\
191523;11;4;4030726;Droysenstra\'dfe;2019;1;17;2;3;6;7;2;0;1;1;0;0;0;0;792105,1841;5825292,444;13,30405;52,49936\
191524;11;8;8041036;Zittauer Stra\'dfe;2019;1;6;2;3;5;3;2;0;1;0;0;0;0;1;804454,467;5816943,144;13,4778;52,41778\
191525;11;12;12301203;Wittenau S\'fcd;2019;1;7;2;3;5;3;0;0;1;0;0;0;1;1;793557,9707;5834252,136;13,3333;52,5789\
191526;11;7;7060603;Marienfelde Nordost;2019;1;8;2;3;6;4;0;0;0;1;0;1;0;1;798054,2003;5815809,427;13,38296;52,41114\
191527;11;1;1011102;Gro\'dfer Tiergarten;2019;1;9;2;3;6;4;0;1;0;1;0;0;0;1;795324,8911;5827382,69;13,3532;52,51637\
191528;11;7;7070701;Kettinger Stra\'dfe/Schillerstra\'dfe;2019;1;9;2;2;5;2;0;0;1;0;0;0;1;0;799260,9218;5816265,352;13,40106;52,41457\
191529;11;6;6020305;Gemeindepark Lankwitz;2019;1;18;2;2;6;2;2;0;1;1;0;0;0;0;795445,1059;5817851,368;13,34652;52,43086\
191530;11;4;4051448;Schaperstra\'dfe;2019;1;17;2;3;2;6;2;0;1;0;0;0;0;1;794262,4496;5825421,594;13,33585;52,49936\
191531;11;7;7050501;Rathausstra\'dfe;2019;1;17;2;3;5;3;2;0;1;0;0;0;0;0;797674,4822;5819325,588;13,38053;52,44287\
191532;11;3;3061228;Erich-Weinert-Stra\'dfe;2019;1;17;2;3;6;4;2;0;1;1;0;0;0;1;800697,8222;5830705,169;13,43515;52,54321\
191533;11;1;1011303;Alexanderplatzviertel;2019;1;20;2;3;6;7;2;0;1;1;0;0;0;0;798766,2158;5828142,297;13,40444;52,5213\
191534;11;8;8010404;Rixdorf;2019;1;17;2;3;6;4;2;0;1;1;0;0;0;1;802285,0148;5822856,855;13,45135;52,47199\
191535;11;7;7040403;Manteuffelstra\'dfe;2019;1;16;2;3;6;4;2;0;1;1;0;0;0;1;797337,5443;5822179,208;13,37813;52,46863\
191536;11;4;4030417;Schlo\'dfstra\'dfe;2019;1;16;7;2;5;2;1;0;1;0;0;0;0;0;790850,872;5826736,008;13,28688;52,51297\
191537;11;9;9051901;Dammvorstadt;2019;1;16;2;3;6;4;0;0;1;1;0;0;0;2;810989,1167;5821740,289;13,57805;52,4571\
191538;11;9;9020702;Adlershof Ost;2019;1;16;2;3;5;3;0;0;1;0;0;0;0;1;809456,8241;5819065,71;13,55309;52,434\
191539;11;7;7050501;Rathausstra\'dfe;2019;1;16;2;2;6;4;2;0;1;1;0;0;0;0;797789,5446;5819621,721;13,38248;52,44546\
191540;11;10;10010310;Alt-Marzahn;2019;1;14;2;3;5;3;0;0;1;0;0;0;0;1;807809,0787;5830769,897;13,53974;52,53982\
191541;11;4;4020209;Eichkamp;2019;1;15;2;3;6;4;0;0;1;1;0;0;0;0;788914,7251;5825680,754;13,25752;52,50454\
191542;11;3;3010102;Buch;2019;1;14;2;3;5;2;0;0;1;0;0;0;0;1;804491,1935;5840931,584;13,50031;52,63276\
191543;11;2;2030302;Lausitzer Platz;2019;1;13;2;3;0;6;0;0;1;0;1;0;0;1;800510,2838;5826667,649;13,42874;52,50713\
191544;11;5;5010313;Ackerstra\'dfe;2019;1;13;2;3;5;2;0;0;1;0;0;0;0;0;784666,894;5829708,815;13,19855;52,54289\
191545;11;1;1011303;Alexanderplatzviertel;2019;1;14;7;2;0;3;0;0;1;0;0;0;1;0;799106,4409;5828313,416;13,4096;52,52265\
191546;11;8;8010212;Rollberg;2019;1;13;2;2;5;3;0;0;1;0;1;0;0;0;800976,1624;5823490,13;13,43271;52,47839\
191547;11;7;7070703;John-Locke-Stra\'dfe;2019;1;11;2;3;5;2;0;1;1;0;0;0;0;0;800015,0293;5813266,699;13,40943;52,38728\
191548;11;6;6020305;Gemeindepark Lankwitz;2019;1;13;7;3;2;1;0;0;1;0;0;0;0;0;796059,153;5817549,51;13,35526;52,42782\
191549;11;7;7030303;Grazer Platz;2019;1;11;2;3;5;2;0;0;1;0;0;0;1;0;796045,0367;5822852,09;13,35975;52,47536\
191550;11;5;5020626;Adamstra\'dfe;2019;1;7;2;3;0;5;1;0;1;0;0;0;0;0;785042,6185;5826926,918;13,20169;52,51775\
191551;11;3;3050925;Komponistenviertel Wei\'dfensee;2019;1;10;2;3;6;4;0;0;1;1;0;0;0;1;801852,906;5831378,02;13,45274;52,5486\
191552;11;12;12302212;Rollbergesiedlung;2019;1;15;1;3;5;3;1;0;1;0;0;0;0;1;793277,5662;5837726,72;13,33226;52,6102\
191553;11;1;1011304;Karl-Marx-Allee;2019;1;22;1;3;5;3;2;1;0;0;0;0;1;1;800068,1604;5828502,746;13,4239;52,52382\
191554;11;11;11030721;R\'fcdigerstra\'dfe;2019;1;20;1;2;5;2;2;0;1;0;0;0;0;1;804274,0172;5827878,344;13,48513;52,51589\
191555;11;3;3040512;Wilhelmsruh;2019;1;19;1;3;5;3;2;0;1;0;0;0;1;1;796952,065;5835829,143;13,38466;52,5912\
191556;11;8;8010404;Rixdorf;2019;1;18;1;2;6;4;2;0;1;1;0;0;1;1;802574,2173;5823086,924;13,45581;52,47389\
191557;11;4;4030726;Droysenstra\'dfe;2019;1;17;1;3;6;2;2;0;1;1;0;0;0;1;792080,158;5825769,76;13,3041;52,50366\
191558;11;10;10020622;Kaulsdorf Nord I;2019;1;17;1;3;2;6;2;0;1;0;0;0;0;1;811156,8082;5829124,849;13,5874;52,52318\
191559;11;12;12301203;Wittenau S\'fcd;2019;1;16;1;2;6;2;2;0;1;1;0;0;0;1;793415,8828;5836085,951;13,33284;52,59542\
191560;11;5;5010206;G\'fctersloher Weg;2019;1;13;1;3;2;6;0;0;1;0;0;0;0;1;781430,3467;5830724,599;13,15181;52,55368\
191561;11;1;1011105;N\'f6rdlicher Landwehrkanal;2019;1;14;1;3;5;5;0;1;1;0;0;0;0;1;796243,2881;5826760,144;13,36614;52,51029\
191562;11;2;2020204;Urbanstra\'dfe;2019;1;3;1;3;5;3;2;0;1;0;0;0;0;1;798837,5909;5825094,027;13,40276;52,49394\
191563;11;8;8041035;Blumenviertel;2019;1;3;1;3;5;7;2;0;1;0;0;0;0;1;804289,8204;5819652,456;13,47786;52,44216\
191564;11;6;6030608;Schweizer Viertel;2019;1;7;1;3;6;2;2;0;1;1;0;0;0;1;792248,3862;5816671,749;13,29861;52,422\
191565;11;1;1044202;Sparrplatz;2019;1;7;1;3;2;2;2;0;1;0;0;0;0;1;795531,9497;5830740,695;13,35922;52,54636\
191566;11;5;5010339;Freiheit;2019;1;11;1;2;1;1;0;0;1;0;1;0;0;1;788076,0131;5827871,012;13,24709;52,52462\
191567;11;11;11051330;Karlshorst West;2019;1;12;1;3;5;3;0;0;1;0;0;0;0;1;807046,8155;5824594,465;13,52284;52,48491\
191568;11;4;4051445;Eisenzahnstra\'dfe;2019;1;1;1;3;5;3;2;0;1;0;0;0;1;1;792441,4297;5824096,203;13,30794;52,48846\
191569;11;9;9020601;Schnellerstra\'dfe;2019;1;9;7;3;6;2;0;0;1;1;0;0;0;0;808240,5952;5821081,937;13,53712;52,45275\
191570;11;7;7010102;Nollendorfplatz;2019;1;11;7;3;2;2;0;0;1;0;0;0;0;1;795306,5277;5825551,79;13,3513;52,49996\
191571;11;8;8020727;Buckow Mitte;2019;1;17;7;3;6;2;1;0;1;1;0;0;0;1;800319,2188;5816736,487;13,417;52,41821\
191572;11;7;7040405;Rathaus Tempelhof;2019;1;18;7;3;5;3;2;0;1;0;0;0;0;1;799074,228;5821704,817;13,40319;52,46343\
191573;11;10;10020415;Hellersdorfer Promenade;2019;1;18;7;3;6;2;2;0;1;1;0;0;0;1;812099,447;5831798,697;13,60376;52,5466\
191574;11;7;7010102;Nollendorfplatz;2019;1;18;7;3;6;2;2;0;1;1;0;0;0;1;794966,4723;5825194,707;13,34599;52,49695\
191575;11;7;7060604;Marienfelde S\'fcd;2019;1;17;7;3;3;5;2;0;1;0;0;0;0;1;796527,702;5815892,518;13,36066;52,41272\
191576;11;4;4030828;Savignyplatz;2019;1;17;7;3;6;2;2;0;1;1;0;0;0;1;792983,7677;5826636,328;13,31814;52,51094\
191577;11;7;7010102;Nollendorfplatz;2019;1;17;7;3;6;2;2;0;1;1;0;0;0;1;794966,3871;5825195,724;13,34599;52,49696\
191578;11;5;5020625;Borkumer Stra\'dfe;2019;1;16;7;3;2;6;1;0;1;0;0;0;0;1;784726,0292;5828632,438;13,1985;52,53321\
191579;11;1;1033102;Gesundbrunnen;2019;1;15;7;3;2;6;1;0;1;0;0;0;0;1;797302,8998;5831244,532;13,38571;52,54991\
191580;11;1;1011204;Leipziger Stra\'dfe;2019;1;14;7;3;5;3;0;0;1;0;0;0;0;1;798001,4567;5826778,894;13,39198;52,5095\
191581;11;3;3020209;Niedersch\'f6nhausen;2019;1;11;7;3;5;3;0;0;1;0;0;0;0;1;797901,0383;5835185,579;13,39805;52,58491\
191582;11;5;5020625;Borkumer Stra\'dfe;2019;1;11;7;3;2;6;0;0;1;0;0;0;1;1;784734,9976;5828656,163;13,19865;52,53342\
191583;11;8;8030829;Gropiusstadt Nord;2019;1;20;7;3;6;4;2;0;1;1;0;0;0;1;803574,5505;5818136,258;13,46599;52,42896\
191584;11;1;3040614;Pankow Zentrum;2019;1;21;7;3;2;1;2;0;1;0;0;0;0;1;797724,3322;5832903,587;13,3934;52,56455\
191585;11;11;11051331;Karlshorst Nord;2019;1;23;7;3;6;4;2;0;1;1;0;0;0;1;807263,989;5824386,6;13,52583;52,48292\
191586;11;1;1022106;Elberfelder Stra\'dfe;2019;1;23;7;2;0;4;2;0;0;1;1;0;0;1;794464,5645;5828354,323;13,34141;52,52554\
191587;11;9;9041501;Altstadt Kietz;2019;1;13;6;3;0;3;0;0;1;0;0;0;1;0;810928,5242;5820527,379;13,57603;52,44626\
191588;11;10;10010310;Alt-Marzahn;2019;1;19;7;3;6;2;2;0;1;1;0;0;0;1;809905,2792;5831566,066;13,57129;52,54577\
191589;11;1;1011304;Karl-Marx-Allee;2019;1;19;7;3;8;1;2;0;0;0;1;0;0;1;799615,2022;5827979,332;13,41677;52,51938\
191590;11;11;11020412;Hauptstra\'dfe;2019;1;17;7;2;0;7;2;1;0;0;0;0;0;1;805706,5098;5831402,229;13,50942;52,54667\
191591;11;4;4041135;Hundekehle;2019;1;13;7;3;0;1;0;0;0;0;1;0;0;1;789590,9193;5823347,622;13,26542;52,48327\
191592;11;6;6030504;Teltower Damm;2019;1;18;7;1;6;4;2;0;1;1;0;0;1;1;790202,2648;5815162,657;13,26729;52,40956\
191593;11;6;6010210;Bismarckstra\'dfe;2019;1;17;6;3;0;7;1;0;1;0;1;0;0;1;795304,401;5821047,076;13,34728;52,45958\
191594;11;5;5020626;Adamstra\'dfe;2019;1;18;6;3;5;5;2;0;1;0;1;0;0;1;784729,2454;5827543,382;13,19761;52,52344\
191595;11;6;6020305;Gemeindepark Lankwitz;2019;1;17;6;3;0;4;1;0;1;1;0;0;0;1;795882,4067;5818137,794;13,35319;52,43319\
191596;11;2;2040503;Richard-Sorge-Viertel;2019;1;15;6;3;4;6;0;1;1;0;0;0;0;1;801693,1633;5828103,348;13,44742;52,51934\
191597;11;4;4030623;Ernst-Reuter-Platz;2019;1;20;6;2;5;3;2;0;1;0;0;0;0;1;793163,2016;5826876,659;13,32099;52,513\
191598;11;3;3061228;Erich-Weinert-Stra\'dfe;2019;1;18;7;3;0;1;2;0;0;0;1;0;0;1;800956,7113;5831213,876;13,43941;52,54763\
191599;11;8;8010301;Reuterkiez;2019;1;19;6;3;5;3;2;0;1;0;0;0;0;1;800383,5801;5825121,49;13,42548;52,49334\
191600;11;2;2010102;Mehringplatz;2019;1;19;6;3;1;5;2;1;1;0;0;0;0;1;797766,2989;5826438,753;13,38823;52,50658\
191601;11;4;4041241;Breite Stra\'dfe;2019;1;17;6;2;6;2;2;0;1;1;0;0;0;1;791346,915;5822564,977;13,29053;52,47532\
191602;11;4;4030726;Droysenstra\'dfe;2019;1;17;6;3;6;2;2;0;0;1;0;0;1;1;792308,9605;5825393,399;13,30713;52,50016\
191603;11;10;10040830;Kaulsdorf S\'fcd;2019;1;16;6;3;6;2;2;0;1;1;0;0;0;1;810854,7891;5826866,363;13,58086;52,50311\
191604;11;1;1011202;Unter den Linden Nord;2019;1;15;6;3;5;3;1;1;1;0;0;0;0;1;797575,2575;5827894,408;13,38672;52,51973\
191605;11;12;12214527;Alt-Tegel;2019;1;15;6;3;2;6;0;0;1;0;0;0;0;1;790284,0286;5835028,977;13,28581;52,58762\
191606;11;2;2050801;Traveplatz;2019;1;14;6;2;6;4;0;1;0;1;0;0;0;1;802839,6722;5827471,654;13,46369;52,51304\
191607;11;4;4030929;Hindemithplatz;2019;1;14;6;3;5;2;0;1;1;0;0;0;0;1;792711,523;5825638,208;13,31326;52,50214\
191608;11;9;9020701;Adlershof West;2019;1;14;6;3;5;3;0;0;1;0;0;0;0;1;808108,496;5818398,273;13,53271;52,42878\
191609;11;12;12304314;Ziekowstra\'dfe/Freie Scholle;2019;1;9;1;3;1;5;0;0;1;0;0;0;1;0;791414,8893;5836569,727;13,30381;52,60083\
191610;11;2;2010103;Moritzplatz;2019;1;14;6;3;5;7;0;1;1;0;0;0;0;1;799153,635;5825784,31;13,40802;52,49995\
191611;11;11;11051331;Karlshorst Nord;2019;1;2;7;2;5;3;2;0;1;0;0;0;1;0;807317,0217;5824793,6;13,52699;52,48654\
191612;11;4;4020311;Reichsstra\'dfe;2019;1;13;6;3;6;3;0;0;1;1;0;0;0;1;789003,2436;5826972,467;13,25994;52,51608\
191613;11;11;11041128;Sewanstra\'dfe;2019;1;13;6;3;5;3;0;1;1;0;0;0;0;1;807117,8505;5825776,979;13,52497;52,49546\
191614;11;7;7020202;Volkspark (Rudolf-Wilde-Park);2019;1;11;6;3;6;4;0;0;1;1;0;0;0;1;794839,4189;5823915,242;13,34299;52,48555\
191615;11;5;5010312;Kurstra\'dfe;2019;1;13;1;3;5;2;0;0;1;0;0;0;0;0;785189,9079;5829737,093;13,20627;52,54287\
191616;11;7;7010104;Dennewitzplatz;2019;1;11;6;3;5;3;0;0;1;0;0;0;0;1;796348,2579;5825091,478;13,36619;52,49527\
191617;11;7;7040403;Manteuffelstra\'dfe;2019;1;10;6;3;5;2;0;0;1;0;0;0;0;1;797323,2969;5821758,328;13,37754;52,46487\
191618;11;11;11041128;Sewanstra\'dfe;2019;1;13;7;3;2;6;0;0;1;0;0;0;0;1;806048,0287;5826582,78;13,51;52,50329\
191619;11;7;7010104;Dennewitzplatz;2019;1;10;6;3;5;3;0;1;1;0;0;0;0;1;796115,2642;5824947,367;13,36264;52,49411\
191620;11;12;12214527;Alt-Tegel;2019;1;10;6;2;5;7;0;0;1;1;0;0;0;1;790033,4183;5835368,874;13,28241;52,5908\
191621;11;4;4030415;Schlo\'dfgarten;2019;1;9;6;3;2;6;0;0;1;0;0;0;0;1;791565,445;5827521,559;13,29807;52,51964\
191622;11;3;3061430;Volkspark Prenzlauer Berg;2019;1;8;6;3;0;7;0;1;0;0;0;0;0;1;802580,26;5829428,165;13,46166;52,53072\
191623;11;10;10040933;Mahlsdorf S\'fcd;2019;1;8;6;3;6;4;0;0;1;1;0;0;0;1;812386,4546;5824379,104;13,60102;52,47995\
191624;11;9;9030901;Dorf Altglienicke;2019;1;8;6;3;1;5;1;0;1;0;0;0;0;1;807957,0457;5817331,996;13,5295;52,41931\
191625;11;2;2030401;Reichenberger Stra\'dfe;2019;1;14;6;2;0;3;0;0;1;0;0;0;1;1;800638,773;5825687,565;13,42974;52,49827\
191626;11;12;12103220;Humboldtstra\'dfe;2019;1;0;7;3;6;4;2;0;1;1;0;0;0;2;793678,1258;5833318,333;13,33425;52,57047\
191627;11;9;9051901;Dammvorstadt;2019;1;7;6;3;5;2;2;1;1;0;0;0;0;1;812066,2051;5821345,417;13,59348;52,45295\
191628;11;9;9041501;Altstadt Kietz;2019;1;13;6;3;2;7;0;0;1;0;0;0;1;1;811386,3529;5820133,239;13,58238;52,44247\
191629;11;7;7060604;Marienfelde S\'fcd;2019;1;17;5;3;1;7;1;0;1;0;0;0;0;0;796249,6744;5815783,934;13,35649;52,41189\
191630;11;7;7070703;John-Locke-Stra\'dfe;2019;1;15;5;3;1;5;0;1;1;0;0;0;0;1;798854,1181;5814382,257;13,39342;52,39791\
191631;11;5;5020626;Adamstra\'dfe;2019;1;9;5;2;4;7;0;0;1;0;0;0;1;0;784753,6279;5826613,356;13,19718;52,51509\
191632;11;5;5040935;Gro\'df-Glienicker Weg;2019;1;8;5;3;5;3;0;1;1;0;0;0;0;0;782166,5597;5820304,85;13,15381;52,45987\
191633;11;8;8010211;Flughafenstra\'dfe;2019;1;8;5;2;0;7;0;0;1;0;0;0;1;1;800748,3652;5823739,016;13,42959;52,48074\
191634;11;7;7030301;Friedenau;2019;1;7;5;2;6;4;0;0;1;1;0;0;0;1;793475,5396;5822279,375;13,32153;52,47162\
191635;11;5;5020626;Adamstra\'dfe;2019;1;7;7;3;2;6;1;0;1;0;0;0;0;0;784651,4847;5827814,719;13,1967;52,52592\
191636;11;11;11010309;Zingster Stra\'dfe West;2019;1;7;5;2;6;4;1;0;1;1;0;0;0;1;805042,6877;5833519,319;13,5016;52,56602\
191637;11;7;7050505;Hundsteinweg;2019;1;7;5;3;6;2;2;0;1;1;0;0;0;1;798480,0383;5819047,379;13,3921;52,43993\
191638;11;1;1044201;Reinickendorfer Stra\'dfe;2019;1;7;5;2;6;4;2;0;1;1;0;0;0;1;796708,2376;5831916,147;13,37757;52,55625\
191639;11;1;1011203;Unter den Linden S\'fcd;2019;1;13;7;3;0;7;0;0;1;0;0;0;1;0;797904,2411;5827375,028;13,39109;52,5149\
191640;11;11;11010207;Wartenberg Nord;2019;1;16;5;2;0;6;2;0;1;0;0;0;1;0;805253,0864;5834308,505;13,50542;52,57297\
191641;11;8;8020620;Tempelhofer Weg;2019;1;19;5;3;5;3;2;0;1;0;0;0;0;0;800877,2852;5820926,169;13,42895;52,45546\
191642;11;9;9051901;Dammvorstadt;2019;1;15;7;2;6;2;0;0;1;1;0;0;0;0;812045,005;5821382,095;13,5932;52,45329\
191643;11;11;11030721;R\'fcdigerstra\'dfe;2019;1;19;5;3;4;5;2;0;1;0;0;0;0;0;804464,4352;5828170,772;13,4882;52,51841\
191644;11;2;2050802;Boxhagener Platz;2019;1;13;7;3;5;2;0;1;1;0;0;0;0;0;802616,697;5827005,742;13,45999;52,50899\
191645;11;7;7070704;Nahariyastra\'dfe;2019;1;10;7;2;5;3;0;0;1;0;0;0;0;0;800194,0112;5813681,92;13,41242;52,3909\
191646;11;3;3030715;Heinersdorf;2019;1;16;5;3;2;6;1;0;1;0;0;0;1;0;801236,4821;5833180,149;13,44531;52,5651\