OBJECTID;LAND;BEZ;LOR;STRASSE;UJAHR;UMONAT;USTUNDE;UWOCHENTAG;UKATEGORIE;UART;UTYP1;ULICHTVERH;IstRad;IstPKW;IstFuss;IstKrad;IstGkfz;IstSonstige;USTRZUSTAND;LINREFX;LINREFY;XGCSWGS84;YGCSWGS84\
192010;11;1;1022205;Zillesiedlung;2019;2;21;2;3;6;7;2;0;1;1;0;0;0;0;795518,132;5828345,68;13,35689;52,5249\
192011;11;4;4041241;Breite Stra\'dfe;2019;2;14;6;3;0;1;0;1;0;0;0;0;0;0;791554,614;5822477,081;13,2935;52,47442\
192012;11;9;9031101;Gr\'fcnau;2019;2;21;2;3;6;7;2;0;0;1;0;0;1;0;811054,7724;5818037,065;13,57556;52,42387\
192013;11;5;5020419;Magistratsweg;2019;2;5;2;3;3;6;2;1;0;0;0;0;1;1;780912,829;5828336,297;13,14218;52,53253\
192014;11;10;10010204;Wuhletalstra\'dfe;2019;2;11;5;3;5;3;0;0;1;0;0;0;0;0;809336,8958;5832706,088;13,564;52,55631\
192015;11;12;12103219;Sch\'e4fersee;2019;2;7;2;3;6;2;0;0;1;1;0;0;0;1;794963,0381;5832708,33;13,35261;52,5643\
192016;11;8;8010406;Treptower Stra\'dfe Nord;2019;2;5;2;2;5;3;2;0;0;0;1;0;1;1;802278,5584;5823881,701;13,45219;52,48118\
192017;11;8;8010404;Rixdorf;2019;2;11;5;3;2;6;0;0;1;0;0;0;1;0;802106,7801;5823434,353;13,44926;52,47726\
192018;11;5;5020626;Adamstra\'dfe;2019;2;19;2;3;6;2;2;0;1;1;0;0;0;0;784548,115;5828156,36;13,19548;52,52903\
192019;11;1;1022207;Hansaviertel;2019;2;7;2;2;6;7;1;1;0;1;0;0;0;1;794191,2365;5827121,602;13,33631;52,51464\
192020;11;8;8020727;Buckow Mitte;2019;2;18;2;3;6;2;1;0;1;1;0;0;0;0;801524,0108;5817548,343;13,43539;52,42483\
192021;11;1;1011202;Unter den Linden Nord;2019;2;19;5;3;0;2;2;1;0;0;0;0;1;0;797685,7217;5827902,94;13,38835;52,51975\
192022;11;7;7010101;Wittenbergplatz/Viktoria-Luise-Platz;2019;2;16;2;3;6;7;0;1;0;1;0;0;0;0;794861,289;5825676,6;13,34487;52,50132\
192023;11;11;11020514;Gro\'dfe-Leege-Stra\'dfe;2019;2;16;2;2;5;3;0;1;1;0;0;0;0;0;804303,7547;5830307,14;13,48779;52,53764\
192024;11;8;8020622;Parchimer Allee;2019;2;15;2;3;6;4;0;0;1;1;0;0;0;0;801430,7196;5820268,839;13,43648;52,44926\
192025;11;4;4051445;Eisenzahnstra\'dfe;2019;2;7;5;3;5;2;0;1;1;0;0;0;0;1;792489,5126;5824122,668;13,30867;52,48867\
192026;11;9;9031101;Gr\'fcnau;2019;2;15;2;2;0;1;0;1;1;0;0;0;0;0;811185,663;5817766,294;13,57723;52,42137\
192027;11;1;1033201;Brunnenstra\'dfe;2019;2;14;2;3;2;6;0;0;1;0;0;0;0;1;797514,9588;5831010,255;13,38862;52,54769\
192028;11;10;10040932;Alt-Mahlsdorf;2019;2;12;2;3;2;6;0;0;1;0;1;0;0;0;812928,884;5827928,147;13,61231;52,51144\
192029;11;6;6030609;Augustaplatz;2019;2;7;5;3;5;3;0;0;1;0;0;0;0;0;792586,2752;5818924,367;13,30553;52,44202\
192030;11;4;4020313;K\'f6nigin-Elisabeth-Stra\'dfe;2019;2;12;2;3;6;2;0;0;1;1;0;0;0;1;790525,3985;5826497,051;13,28189;52,51101\
192031;11;3;3061332;Helmholtzplatz;2019;2;8;2;3;5;7;0;0;1;0;0;0;1;1;799469,8859;5831030,816;13,41739;52,54681\
192032;11;12;12304313;Borsigwalde;2019;2;8;2;3;5;7;0;0;1;0;0;0;1;1;791756,3438;5834578,048;13,30708;52,58279\
192033;11;8;8020619;Buschkrugallee Nord;2019;2;7;5;3;5;2;0;0;1;0;0;0;1;1;801546,2909;5820647,214;13,43851;52,45259\
192034;11;9;9010202;K\'f6penicker Landstra\'dfe;2019;2;18;2;3;6;4;1;0;1;1;0;0;0;0;804233,543;5824169,615;13,48115;52,48267\
192035;11;8;8010301;Reuterkiez;2019;2;16;1;3;2;2;2;0;1;0;0;0;0;1;800664,1935;5824380,216;13,42894;52,48654\
192036;11;9;9020702;Adlershof Ost;2019;2;21;1;3;2;7;2;0;1;0;1;0;0;1;809389,4491;5819628,756;13,55262;52,43908\
192037;11;12;12301203;Wittenau S\'fcd;2019;2;16;5;3;5;2;0;1;1;0;0;0;0;0;792851,671;5835170,064;13,32372;52,58751\
192038;11;10;10020413;Gut Hellersdorf;2019;2;15;1;3;5;2;0;0;1;0;0;0;0;1;811288,9316;5831562,997;13,59163;52,54495\
192039;11;5;5010314;Carl-Schurz-Stra\'dfe;2019;2;1;1;3;8;1;1;0;1;0;0;0;0;1;784997,6005;5829401,608;13,20315;52,53996\
192040;11;2;2030301;Oranienplatz;2019;2;18;1;2;2;6;2;1;1;0;0;0;0;1;799847,6463;5825811,428;13,41823;52,49982\
192041;11;8;8041040;Waltersdorfer Chaussee Ost;2019;2;7;5;3;0;3;0;0;1;0;1;0;0;0;806884,2256;5817354,097;13,5138;52,42011\
192042;11;4;4031032;Halensee;2019;2;19;1;2;6;2;2;0;1;1;0;0;0;1;791837,3073;5824702,002;13,2996;52,49421\
192043;11;6;6020409;K\'f6nigsberger Stra\'dfe;2019;2;18;1;2;8;1;2;0;1;0;0;0;1;1;793564,5509;5817986,521;13,31906;52,43308\
192044;11;1;1044202;Sparrplatz;2019;2;9;1;3;2;6;0;0;1;0;0;0;0;1;795552,4438;5830734,915;13,35952;52,54629\
192045;11;2;2010102;Mehringplatz;2019;2;2;1;3;5;3;2;0;1;0;0;0;1;0;798183,347;5826499,56;13,39441;52,5069\
192046;11;11;11020412;Hauptstra\'dfe;2019;2;10;6;3;5;2;0;1;1;0;0;0;0;0;805833,1405;5831863,726;13,5117;52,55074\
192047;11;2;2030302;Lausitzer Platz;2019;2;3;7;3;0;1;2;1;0;0;0;0;0;0;800724,3014;5826537,615;13,43177;52,50584\
192048;11;1;1044101;Rehberge;2019;2;1;7;2;8;1;2;0;1;0;0;0;0;0;794223,5065;5830421,662;13,3397;52,54421\
192049;11;12;12302110;Dannenwalder Weg;2019;2;23;7;3;0;3;2;0;1;0;1;0;0;1;794640,3828;5836270,786;13,35103;52,59641\
192050;11;8;8030831;Gropiusstadt Ost;2019;2;23;7;3;2;6;2;0;1;0;0;0;1;1;803824,2776;5817909,914;13,46944;52,4268\
192051;11;8;8010404;Rixdorf;2019;2;21;7;3;6;4;2;0;1;1;0;0;0;0;802470,4269;5823158,055;13,45435;52,47459\
192052;11;10;10010102;Havemannstra\'dfe;2019;2;14;5;3;6;4;0;0;1;1;0;0;0;0;809964,4385;5834535,877;13,57493;52,57235\
192053;11;1;1022206;L\'fcneburger Stra\'dfe;2019;2;14;7;3;0;7;0;0;1;0;0;0;1;0;796425,0273;5828596,967;13,37044;52,52666\
192054;11;11;11010309;Zingster Stra\'dfe West;2019;2;20;7;3;5;2;2;0;1;0;0;0;0;1;804416,9952;5833377,312;13,49227;52,5651\
192055;11;9;9051901;Dammvorstadt;2019;2;18;7;3;2;6;2;0;1;0;0;0;0;1;809683,0962;5821311,777;13,55849;52,454\
192056;11;6;6010205;S\'fcdende;2019;2;5;5;3;3;6;2;0;1;0;0;0;0;0;796010,1437;5819872,042;13,3566;52,44867\
192057;11;1;1011305;Heine-Viertel West;2019;2;17;7;3;9;1;2;0;0;0;0;0;1;0;799218,5895;5827172,358;13,41022;52,51236\
192058;11;4;4010102;Pl\'f6tzensee;2019;2;15;7;3;5;2;0;0;1;0;0;0;0;0;793353,0982;5829678,816;13,32625;52,53802\
192059;11;4;4010102;Pl\'f6tzensee;2019;2;15;7;3;5;2;0;0;1;0;0;0;0;0;793341,673;5829714,923;13,32611;52,53835\
192060;11;1;1033203;Humboldthain Nordwest;2019;2;11;6;2;6;2;0;0;0;1;0;1;0;0;796846,0834;5830319,929;13,37817;52,54187\
192061;11;4;4051655;Babelsberger Stra\'dfe;2019;2;14;7;3;3;6;0;1;1;0;0;0;0;0;794396,2008;5824180,077;13,33672;52,48816\
192062;11;5;5030731;Gartenfelder Stra\'dfe;2019;2;14;7;3;0;2;0;1;1;0;0;0;0;0;787978,7442;5830394,277;13,24785;52,5473\
192063;11;8;8040933;Vogelviertel S\'fcd;2019;2;9;5;3;0;1;0;1;0;0;0;0;0;1;803025,0944;5819379,62;13,45906;52,44041\
192064;11;7;7040403;Manteuffelstra\'dfe;2019;2;20;7;2;5;3;2;0;1;0;0;0;0;1;797854,9371;5821887,666;13,38546;52,46574\
192065;11;5;5010313;Ackerstra\'dfe;2019;2;20;7;2;6;4;2;0;1;1;0;0;0;1;784663,2226;5829717,353;13,19851;52,54297\
192066;11;4;4051448;Schaperstra\'dfe;2019;2;13;7;3;2;6;0;0;1;0;0;0;1;0;794350,2675;5825430,17;13,33715;52,49939\
192067;11;1;1044202;Sparrplatz;2019;2;14;4;3;5;2;0;1;1;0;0;0;0;0;795536,22;5830472,575;13,35905;52,54395\
192068;11;3;3061126;Arnimplatz;2019;2;13;7;3;5;3;0;0;1;0;0;0;0;0;798823,2127;5831623,567;13,40841;52,55248\
192069;11;9;9051901;Dammvorstadt;2019;2;13;7;3;2;6;0;0;1;0;0;0;0;0;810190,8848;5821526,516;13,56614;52,45564\
192070;11;1;1022104;Emdener Stra\'dfe;2019;2;12;7;3;5;2;0;1;1;0;0;0;0;1;794587,425;5828438,769;13,3433;52,52623\
192071;11;2;2050802;Boxhagener Platz;2019;2;7;4;3;2;2;0;1;1;0;0;0;0;0;801988,3694;5826925,116;13,45069;52,50862\
192072;11;7;7050503;Eisenacher Stra\'dfe;2019;2;12;7;2;5;2;0;1;1;0;0;0;0;0;799223,1157;5820044,142;13,40389;52,44846\
192073;11;9;9020501;Obersch\'f6neweide West;2019;2;12;7;3;2;6;0;0;1;0;0;0;0;0;806526,5216;5822524,433;13,5133;52,46665\
192074;11;3;3050919;Gustav-Adolf-Stra\'dfe;2019;2;14;7;3;5;3;0;1;0;0;0;0;1;0;801320,7825;5832448,911;13,44589;52,5585\
192075;11;6;6020411;Sch\'fctte-Lanz-Stra\'dfe;2019;2;18;5;2;0;3;1;0;0;0;0;0;1;0;793615,4209;5815913,53;13,31799;52,41447\
192076;11;4;4030931;Breitscheidplatz;2019;2;10;6;3;1;5;0;0;1;0;0;1;0;0;794202,3545;5825661,737;13,33518;52,50155\
192077;11;10;10010102;Havemannstra\'dfe;2019;2;12;6;3;5;3;0;0;1;0;0;0;0;0;809450,0448;5834612,146;13,56744;52,57332\
192078;11;4;4020311;Reichsstra\'dfe;2019;2;13;4;3;5;3;0;0;1;0;0;0;0;0;789992,273;5826317,665;13,2739;52,50968\
192079;11;11;11010206;Wartenberg S\'fcd;2019;2;9;6;2;5;3;0;0;1;0;0;0;0;0;805694,8833;5834155,697;13,51178;52,57136\
192080;11;11;11030619;Fennpfuhl Ost;2019;2;14;6;3;0;7;0;0;0;0;0;0;1;0;803669,9137;5829506,621;13,47774;52,53082\
192081;11;11;11020412;Hauptstra\'dfe;2019;2;15;4;3;5;3;0;0;1;0;0;0;0;1;805870,3633;5831421,101;13,51184;52,54675\
192082;11;2;2050802;Boxhagener Platz;2019;2;23;6;3;6;7;2;0;1;1;0;0;0;0;802390,3024;5826832,824;13,45651;52,50757\
192083;11;4;4041134;Bismarckallee;2019;2;9;6;3;0;6;0;0;1;0;0;0;0;0;790838,3904;5824734,273;13,28495;52,49504\
192084;11;10;10010309;Springpfuhl;2019;2;5;6;3;6;4;2;0;1;1;0;0;0;0;808256,5308;5829821,659;13,54544;52,53107\
192085;11;11;11030720;Herzbergstra\'dfe;2019;2;15;4;2;3;6;0;0;1;0;1;0;0;1;804646,8625;5829931,815;13,49249;52,53409\
192086;11;4;4030931;Breitscheidplatz;2019;2;15;6;2;5;2;0;0;1;0;1;0;0;0;794464,3962;5825853,144;13,3392;52,50312\
192087;11;6;6010206;Stadtpark;2019;2;17;6;3;5;2;1;0;1;0;0;0;0;0;795052,7897;5819615,413;13,34232;52,44689\
192088;11;1;1011202;Unter den Linden Nord;2019;2;18;6;3;6;4;1;0;1;1;0;0;0;0;797686,6893;5827897,219;13,38836;52,5197\
192089;11;1;1044201;Reinickendorfer Stra\'dfe;2019;2;21;5;2;5;2;2;1;0;0;0;1;0;0;796661,2191;5831953,422;13,37691;52,55661\
192090;11;6;6040809;Thielallee;2019;2;2;6;2;5;3;2;0;1;0;0;0;0;1;791708,0149;5819371,451;13,29304;52,44649\
192091;11;11;11010207;Wartenberg Nord;2019;2;5;6;3;5;3;2;0;1;0;0;0;0;0;805138,7654;5834437,672;13,50386;52,57419\
192092;11;3;3040512;Wilhelmsruh;2019;2;5;6;3;2;6;2;0;1;0;0;0;0;0;795912,5219;5835398,819;13,36898;52,58791\
192093;11;1;1044103;Westliche M\'fcllerstra\'dfe;2019;2;15;4;3;5;3;0;0;1;0;1;0;0;1;794901,4863;5830562,886;13,3498;52,5451\
192094;11;3;3061430;Volkspark Prenzlauer Berg;2019;2;8;6;3;2;6;0;0;1;0;0;0;1;0;801729,8184;5830075,731;13,44975;52,537\
192095;11;4;4030929;Hindemithplatz;2019;2;9;6;2;1;5;0;1;0;0;0;0;1;1;792526,6922;5825417,873;13,31035;52,50026\
192096;11;3;3020307;Buchholz;2019;2;11;6;3;0;2;0;0;1;0;0;0;1;0;799675,9043;5837846,604;13,42658;52,60779\
192097;11;8;8010213;K\'f6rnerpark;2019;2;11;6;3;5;3;0;0;1;0;0;0;0;0;801482,1442;5823005,501;13,4397;52,47377\
192098;11;9;9041601;M\'fcggelheim;2019;2;11;6;3;4;2;0;0;1;0;0;0;0;0;816663,4856;5817388,768;13,65716;52,41485\
192099;11;2;2040701;Andreasviertel;2019;2;16;5;3;5;2;0;1;1;0;0;0;0;0;800601,7044;5827103,871;13,43048;52,51099\
192100;11;3;3020307;Buchholz;2019;2;13;6;2;6;4;0;0;1;1;0;0;0;0;800171,0622;5836458,527;13,43261;52,59507\
192101;11;5;5030730;Zitadellenweg;2019;2;14;6;3;2;6;0;0;1;0;0;0;0;0;786442,9563;5831148,428;13,22591;52,55487\
192102;11;2;2020206;Graefekiez;2019;2;14;6;3;2;6;0;0;1;0;0;0;0;0;800290,9119;5824374,709;13,42345;52,48669\
192103;11;12;12224230;Heiligensee;2019;2;14;6;3;5;3;0;0;1;0;0;0;0;0;785498,3705;5837389,229;13,21739;52,61132\
192104;11;1;1011402;Arkonaplatz;2019;2;20;5;3;6;7;2;1;0;1;0;0;0;0;798456,4012;5829967,081;13,40153;52,53783\
192105;11;7;7020202;Volkspark (Rudolf-Wilde-Park);2019;2;15;6;3;1;5;0;1;1;0;0;0;0;0;794502,3743;5823360,007;13,33755;52,48075\
192106;11;6;6020410;Oberhofer Platz;2019;2;5;6;2;9;1;1;0;1;0;0;0;0;1;794277,8231;5817024,861;13,32867;52,42408\
192107;11;12;12304314;Ziekowstra\'dfe/Freie Scholle;2019;2;20;5;2;9;1;2;0;1;0;0;0;0;1;791386,3522;5835546,474;13,30249;52,59167\
192108;11;10;10020412;Alte Hellersdorfer Stra\'dfe;2019;2;15;4;3;2;6;0;0;1;0;0;0;1;0;810920,3055;5832040,272;13,58666;52,54944\
192109;11;1;1011306;Heine-Viertel Ost;2019;2;5;5;3;5;3;2;0;1;0;1;0;0;0;799474,4742;5826560,96;13,41343;52,50674\
192110;11;3;3010102;Buch;2019;2;10;5;3;5;2;0;0;1;0;0;0;0;0;804491,6526;5840922,707;13,50031;52,63268\
192111;11;6;6030503;Zehlendorf Mitte;2019;2;10;5;3;2;2;0;0;1;0;0;0;0;0;790494,2411;5818071,046;13,2741;52,43548\
192112;11;9;9031101;Gr\'fcnau;2019;2;11;5;3;2;7;0;0;1;0;0;0;1;0;810408,6229;5818200,933;13,56624;52,42571\
192113;11;8;8010214;Glasower Stra\'dfe;2019;2;13;5;3;5;3;0;0;1;0;0;0;0;0;801745,7336;5822047,728;13,44271;52,46503\
192114;11;5;5030730;Zitadellenweg;2019;2;15;5;3;5;7;0;0;1;0;0;0;1;1;786593,9044;5829226,911;13,22647;52,53756\
192115;11;7;7040403;Manteuffelstra\'dfe;2019;2;14;5;3;5;2;0;1;1;0;0;0;0;0;797341,3815;5821933,796;13,37796;52,46643\
192116;11;7;7040401;Neu-Tempelhof;2019;2;17;5;3;3;6;2;0;1;0;0;0;0;0;797289,667;5822620,407;13,37782;52,47261\
192117;11;3;3061430;Volkspark Prenzlauer Berg;2019;2;18;5;3;2;2;2;0;1;0;0;0;0;0;802329,1795;5829223,933;13,45778;52,52903\
192118;11;10;10040828;Kaulsdorf Nord;2019;2;20;5;3;5;3;2;0;1;0;0;0;0;0;811909,1725;5829754,726;13,59905;52,52839\
192119;11;9;9010302;Sp\'e4thsfelde;2019;2;16;4;3;2;6;0;0;1;0;0;0;1;0;804101,273;5821293,669;13,47659;52,45697\
192120;11;7;7040403;Manteuffelstra\'dfe;2019;2;20;5;3;2;6;2;0;1;0;0;0;0;0;797339,144;5822107,621;13,37809;52,46799\
192121;11;5;5030730;Zitadellenweg;2019;2;21;5;3;2;6;2;0;1;0;0;1;0;0;786541,4462;5830619,418;13,2269;52,55007\
192122;11;9;9010301;Baumschulenstra\'dfe;2019;2;21;5;3;5;3;2;0;1;0;0;0;0;0;804876,3339;5822498,924;13,48906;52,46734\
192123;11;4;4030519;Kaiserin-Augusta-Allee;2019;2;16;4;2;5;7;0;0;1;0;1;0;0;0;792138,7939;5828235,945;13,30713;52,52573\
192124;11;4;5030833;Motardstra\'dfe;2019;2;18;5;2;2;6;1;0;1;0;1;0;0;1;790376,9423;5829034,24;13,28193;52,53383\
192125;11;1;1033102;Gesundbrunnen;2019;2;23;5;3;5;2;2;0;1;0;0;0;0;0;796995,2532;5831483,726;13,38141;52,55222\
192126;11;6;6020306;Lankwitz S\'fcd;2019;2;16;5;3;5;3;0;0;1;0;0;0;0;1;795906,3666;5816503,838;13,35209;52,41853\
192127;11;5;5020627;Tiefwerder;2019;2;11;5;3;2;6;0;0;1;0;0;0;0;0;785096,5817;5828384,185;13,20374;52,53079\
192128;11;1;1011305;Heine-Viertel West;2019;2;14;6;3;2;6;0;1;1;0;0;0;0;0;799439,2414;5826517,549;13,41287;52,50637\
192129;11;11;11010102;Dorf Wartenberg;2019;2;17;5;3;0;7;2;0;0;0;0;1;0;1;804836,9525;5834757,777;13,49971;52,57723\
192130;11;8;8030831;Gropiusstadt Ost;2019;2;20;5;3;6;7;2;0;1;1;0;0;0;0;804466,7151;5817327,581;13,47833;52,42122\
192131;11;1;1011303;Alexanderplatzviertel;2019;2;16;4;3;0;4;1;0;0;1;0;0;1;1;798708,3547;5828099,497;13,40355;52,52095\
192132;11;12;12214424;Scharnweberstra\'dfe;2019;2;11;4;3;2;6;0;0;1;0;0;0;0;0;793253,4511;5832493,085;13,32727;52,5633\
192133;11;12;12214421;Reinickes Hof;2019;2;10;4;3;2;6;0;0;1;0;0;0;0;0;793399,0883;5833874,861;13,33063;52,57561\
192134;11;8;8020728;Buckow Ost;2019;2;16;4;2;5;2;0;0;1;0;1;0;0;0;801904,5254;5817559,085;13,44098;52,42471\
192135;11;3;3030406;Alt-Karow;2019;2;12;4;3;5;3;0;0;1;0;0;0;0;1;802871,6113;5838289,472;13,47403;52,60998\
192136;11;2;2040701;Andreasviertel;2019;2;22;4;3;6;4;2;1;0;1;0;0;0;0;800559,2991;5826963,051;13,42973;52,50975\
192137;11;3;3050920;Wei\'dfer See;2019;2;15;4;3;2;2;0;0;1;0;0;0;0;0;802826,5142;5832019,742;13,46764;52,55382\
192138;11;12;12302107;Schorfheidestra\'dfe;2019;2;15;4;3;6;7;0;0;1;1;0;0;0;0;794932,9682;5836130,942;13,35521;52,595\
192139;11;6;6030605;Botanischer Garten;2019;2;16;5;3;5;3;0;0;1;0;0;0;0;0;792041,9339;5819964,413;13,29845;52,45163\
192140;11;11;11020515;Landsberger Allee;2019;2;15;4;2;5;3;0;1;1;0;0;0;0;0;805027,2157;5830385,34;13,4985;52,53794\
192141;11;10;10020413;Gut Hellersdorf;2019;2;14;4;3;5;3;0;0;1;0;0;0;0;0;811303,3594;5831186,992;13,59149;52,54157\
192142;11;5;5030731;Gartenfelder Stra\'dfe;2019;2;12;4;3;1;5;0;0;1;0;0;1;0;0;787525,192;5829440,068;13,24035;52,53898\
192143;11;1;1022103;Westhafen;2019;2;13;6;3;2;2;0;0;1;0;0;0;1;0;794657,2987;5829475,99;13,34524;52,53549\
192144;11;3;3030715;Heinersdorf;2019;2;14;4;3;2;7;0;0;1;0;0;0;0;0;800604,8596;5833192,001;13,43603;52,56555\
192145;11;1;1044101;Rehberge;2019;2;14;4;2;5;2;0;0;1;0;0;0;0;0;794526,517;5831568,974;13,34518;52,55433\
192146;11;9;9010401;Johannisthal West;2019;2;11;4;3;9;1;0;0;1;0;0;0;0;0;806259,9309;5820697,1;13,50771;52,45042\
192147;11;1;1011302;Oranienburger Stra\'dfe;2019;2;13;4;3;6;7;0;0;1;1;0;0;0;0;797652,2784;5828603,876;13,38849;52,52605\
192148;11;7;7040405;Rathaus Tempelhof;2019;2;13;4;3;6;4;0;0;1;1;0;0;0;0;798056,22;5820875,912;13,38751;52,45656\
192149;11;3;3061126;Arnimplatz;2019;2;20;4;3;6;2;2;0;1;1;0;0;0;1;799237,371;5831804,684;13,41466;52,55387\
192150;11;11;11040925;Victoriastadt;2019;2;11;4;3;1;5;0;1;0;0;0;1;1;0;803498,8171;5826482,979;13,47247;52,50382\
192151;11;7;7060604;Marienfelde S\'fcd;2019;2;10;4;3;5;3;0;0;1;0;0;0;1;1;797970,7948;5815787,009;13,38172;52,41099\
192152;11;12;12301203;Wittenau S\'fcd;2019;2;9;4;2;9;1;0;0;1;0;0;0;0;1;792877,8476;5835184,738;13,32412;52,58763\
192153;11;6;6030607;Goerzwerke;2019;2;19;5;3;2;6;2;0;1;0;0;0;0;0;792387,9439;5816554,827;13,30055;52,42088\
192154;11;3;3050923;Wei\'dfenseer Spitze;2019;2;9;4;3;5;3;0;0;1;0;0;0;0;0;800442,9614;5832251,836;13,4328;52,55722\
192155;11;8;8010404;Rixdorf;2019;2;8;4;3;9;1;0;1;0;0;0;0;0;0;802125,2209;5823032,897;13,44917;52,47366\
192156;11;12;12214126;Tegel S\'fcd;2019;2;7;4;3;0;5;0;0;1;0;0;1;0;0;790261,5941;5833872,885;13,28446;52,57727\
192157;11;1;1044203;Leopoldplatz;2019;2;5;4;3;6;4;2;0;1;1;0;0;0;1;795453,7285;5831564,999;13,35881;52,55379\
192158;11;12;12224230;Heiligensee;2019;2;7;4;2;5;2;0;1;1;0;0;0;0;0;787096,0223;5838199,536;13,24163;52,61774\
192159;11;2;2040702;Weberwiese;2019;2;19;4;3;1;5;2;1;1;0;0;0;0;0;801566,4738;5827330,162;13,44485;52,51248\
192160;11;1;1011304;Karl-Marx-Allee;2019;2;19;4;3;0;6;1;0;1;0;0;0;1;0;799653,1859;5827919,744;13,41728;52,51882\
192161;11;4;4030621;Spreestadt;2019;2;18;4;3;0;1;2;1;0;0;0;0;0;0;793610,4486;5827882,981;13,32845;52,52178\
192162;11;5;5020625;Borkumer Stra\'dfe;2019;2;16;4;3;0;2;0;0;0;0;0;0;1;0;784396,8559;5828679,317;13,1937;52,5338\
192163;11;10;10040933;Mahlsdorf S\'fcd;2019;2;6;4;3;5;2;2;0;1;0;0;0;1;1;812396,179;5824671,618;13,60143;52,48256\
192164;11;6;6040807;Zehlendorf Eiche;2019;2;8;3;3;5;3;0;1;1;0;0;0;0;1;790013,4944;5819151,53;13,26798;52,44542\
192165;11;2;2030401;Reichenberger Stra\'dfe;2019;2;15;3;3;5;3;0;0;1;0;0;0;0;0;800637,657;5825688,154;13,42973;52,49828\
192166;11;2;2040703;Wriezener Bahnhof/Entwicklungsgebiet;2019;2;11;3;3;5;2;0;0;1;0;0;0;0;0;801757,6509;5826260,779;13,44669;52,50279\
192167;11;3;3030405;Karow Nord;2019;2;16;5;3;5;3;1;0;1;0;0;0;0;1;803587,7072;5839229,695;13,48544;52,61801\
192168;11;7;7040404;Marienh\'f6he;2019;2;10;3;3;5;2;0;1;1;0;0;0;0;1;797422,4198;5820393,217;13,37778;52,45257\
192169;11;2;2050803;Stralauer Kiez;2019;2;5;3;2;5;3;2;0;1;0;0;0;0;0;802111,4779;5826366,238;13,45199;52,50354\
192170;11;6;6010103;Markelstra\'dfe;2019;2;11;3;3;5;3;0;0;1;0;1;0;0;1;793687,5936;5821581,32;13,32402;52,46524\
192171;11;1;1011402;Arkonaplatz;2019;2;20;4;2;5;3;2;0;1;0;0;0;0;1;798241,4728;5829623,932;13,39806;52,53487\
192172;11;2;2010103;Moritzplatz;2019;2;12;3;3;6;4;0;0;1;1;0;0;0;1;799018,049;5826320,055;13,40651;52,50483\
192173;11;1;1011302;Oranienburger Stra\'dfe;2019;2;15;3;3;2;6;0;0;1;0;0;0;0;0;799038,4561;5828988,894;13,40921;52,52874\
192174;11;4;4030930;George-Grosz-Platz;2019;2;7;3;3;5;3;0;0;1;0;0;0;0;1;792848,3924;5825749,952;13,31537;52,50307\
192175;11;2;2010103;Moritzplatz;2019;2;17;3;3;6;7;2;0;1;1;0;0;0;0;799741,7141;5825777,783;13,41665;52,49957\
192176;11;9;9020801;Spindlersfeld;2019;2;20;3;3;2;6;2;0;1;0;0;0;0;1;809764,5334;5820697,408;13,55912;52,44845\
192177;11;12;12214423;Mellerbogen;2019;2;22;3;3;6;2;2;0;1;1;0;0;0;0;792609,8449;5833525,293;13,31871;52,5729\
192178;11;1;1011301;Charit\'e9viertel;2019;2;6;4;3;6;2;1;0;1;1;0;0;0;1;797014,7613;5828941,125;13,37942;52,52942\
192179;11;1;1011301;Charit\'e9viertel;2019;2;22;3;3;5;2;2;0;1;0;0;0;0;0;796929,4628;5828125,601;13,37744;52,52216\
192180;11;7;7010104;Dennewitzplatz;2019;2;22;3;3;0;2;2;0;1;0;1;0;0;0;796330,8975;5824892,001;13,36576;52,49349\
192181;11;12;12301203;Wittenau S\'fcd;2019;2;21;3;3;5;2;2;0;1;0;0;0;0;0;792355,1708;5834061,072;13,31544;52,57784\
192182;11;4;4030417;Schlo\'dfstra\'dfe;2019;2;11;3;2;5;2;0;1;1;0;0;0;0;1;791560,0264;5826642,134;13,29722;52,51175\
192183;11;10;10040932;Alt-Mahlsdorf;2019;2;15;5;3;5;2;0;1;1;0;0;0;0;0;813011,8913;5827626,667;13,61325;52,50869\
192184;11;8;8010301;Reuterkiez;2019;2;17;3;2;5;2;2;0;1;0;1;0;0;1;801055,713;5824924,693;13,43518;52,4912\
192185;11;4;4010102;Pl\'f6tzensee;2019;2;11;3;2;4;6;0;0;1;0;0;0;1;0;793287,5387;5830042,661;13,32561;52,54131\
192186;11;7;7040405;Rathaus Tempelhof;2019;2;13;3;2;2;6;0;0;1;0;0;0;0;1;799484,3535;5820546,542;13,40817;52,45282\
192187;11;6;6020409;K\'f6nigsberger Stra\'dfe;2019;2;18;4;3;2;6;2;0;1;0;0;0;0;1;793240,3023;5817305,74;13,31371;52,42716\
192188;11;5;5030730;Zitadellenweg;2019;2;17;3;3;1;6;2;0;1;0;0;0;0;1;786865,3092;5829335,003;13,23056;52,53839\
192189;11;5;5010314;Carl-Schurz-Stra\'dfe;2019;2;12;3;2;1;5;0;1;1;0;0;0;0;1;785310,6049;5829242,089;13,20762;52,53837\
192190;11;8;8010303;Donaustra\'dfe;2019;2;21;3;3;0;1;2;1;0;0;0;0;0;1;801356,3858;5823847,435;13,43862;52,48138\