OBJECTID;LAND;BEZ;LOR;STRASSE;UJAHR;UMONAT;USTUNDE;UWOCHENTAG;UKATEGORIE;UART;UTYP1;ULICHTVERH;IstRad;IstPKW;IstFuss;IstKrad;IstGkfz;IstSonstige;USTRZUSTAND;LINREFX;LINREFY;XGCSWGS84;YGCSWGS84\
192191;11;4;4051549;Rathaus Wilmersdorf;2019;2;10;6;3;6;2;0;0;1;1;0;0;0;0;792853,1066;5823931,143;13,31384;52,48676\
192192;11;7;7020204;Sch\'f6neberger Insel;2019;2;14;3;3;8;1;0;0;1;0;0;0;0;0;796299,5622;5822819,037;13,36346;52,47493\
192193;11;12;12214424;Scharnweberstra\'dfe;2019;2;9;2;3;5;3;0;1;1;0;0;0;0;1;792531,7395;5833071,019;13,31716;52,56887\
192194;11;9;9030901;Dorf Altglienicke;2019;2;18;4;2;6;2;2;0;1;1;0;0;0;1;808678,5448;5817094,416;13,53986;52,41677\
192195;11;4;4030725;Amtsgerichtsplatz;2019;2;21;2;3;0;7;2;0;0;0;1;0;0;1;791699,8457;5826093,318;13,2988;52,50676\
192196;11;3;3030405;Karow Nord;2019;2;20;2;3;5;3;2;0;1;0;0;0;0;1;804120,4596;5838852,263;13,49293;52,61433\
192197;11;9;9010302;Sp\'e4thsfelde;2019;2;6;4;3;2;6;1;0;1;0;0;0;0;1;804482,9147;5820692,942;13,48164;52,45137\
192198;11;8;8010211;Flughafenstra\'dfe;2019;2;20;2;3;1;5;2;1;1;0;0;0;0;0;800914,0412;5823851,266;13,43213;52,48166\
192199;11;1;1011201;Wilhelmstra\'dfe;2019;2;20;2;3;5;3;2;0;1;0;0;0;0;0;797000,5257;5826615,313;13,37713;52,50858\
192200;11;4;4041137;Flinsberger Platz;2019;2;20;2;3;5;2;2;0;1;0;0;0;0;0;791265,2527;5823330,781;13,29;52,48223\
192201;11;4;4030519;Kaiserin-Augusta-Allee;2019;2;9;4;3;0;1;0;0;0;0;1;0;0;1;792537,9798;5828264,255;13,31302;52,52577\
192202;11;8;8010404;Rixdorf;2019;2;19;2;3;2;6;2;0;1;0;0;0;0;1;802603,269;5823076,336;13,45622;52,47378\
192203;11;3;3061430;Volkspark Prenzlauer Berg;2019;2;18;2;3;2;6;2;0;1;0;0;0;0;0;802343,9706;5829202,478;13,45798;52,52883\
192204;11;8;8010117;Schillerpromenade;2019;2;18;2;2;6;4;2;0;1;1;0;0;0;0;800627,9945;5823100,149;13,42725;52,47508\
192205;11;10;10010310;Alt-Marzahn;2019;2;15;6;2;5;3;0;0;1;0;0;0;1;0;809930,8183;5831620,646;13,57172;52,54624\
192206;11;5;5020626;Adamstra\'dfe;2019;2;17;2;2;6;4;2;0;1;1;0;0;0;0;784767,1778;5827118,882;13,19781;52,51962\
192207;11;2;2010103;Moritzplatz;2019;2;17;2;2;6;4;2;0;1;1;0;0;0;0;799223,1856;5826241,246;13,40945;52,50401\
192208;11;6;6020409;K\'f6nigsberger Stra\'dfe;2019;2;7;4;3;3;2;0;1;0;0;0;1;0;0;793124,3811;5817647,948;13,31231;52,43029\
192209;11;6;6020409;K\'f6nigsberger Stra\'dfe;2019;2;15;2;3;2;6;0;0;1;0;0;0;1;0;793139,3831;5816699,821;13,31169;52,42178\
192210;11;4;4030620;Alt-Lietzow;2019;2;14;2;3;5;3;0;1;1;0;0;0;0;0;792763,0149;5827047,864;13,31526;52,51475\
192211;11;7;7020201;Bayerischer Platz;2019;2;8;4;3;5;3;0;0;1;0;0;0;0;1;794956,7293;5824450,027;13,34519;52,49028\
192212;11;4;4030620;Alt-Lietzow;2019;2;14;2;3;9;1;0;0;1;0;0;0;0;0;792753,045;5827026,452;13,31509;52,51456\
192213;11;5;5010314;Carl-Schurz-Stra\'dfe;2019;2;14;2;3;6;4;0;0;1;1;0;0;0;0;784490,5145;5828862,284;13,19523;52,53539\
192214;11;2;2040701;Andreasviertel;2019;2;13;2;3;5;3;0;1;1;0;0;0;0;0;800634,0631;5827321,169;13,43115;52,51292\
192215;11;7;7010104;Dennewitzplatz;2019;2;19;5;3;5;2;2;0;1;0;0;0;1;0;796016,4629;5824955,115;13,3612;52,49423\
192216;11;2;2040701;Andreasviertel;2019;2;13;2;3;6;2;0;0;1;1;0;0;0;0;800330,303;5827622,638;13,42696;52,51578\
192217;11;3;3061126;Arnimplatz;2019;2;11;2;3;0;7;0;0;1;0;0;0;1;1;799213,9062;5831774,133;13,41429;52,55361\
192218;11;5;5030832;Rohrdamm;2019;2;5;2;3;6;2;2;0;1;1;0;0;0;1;789803,5107;5829252,895;13,27369;52,5361\
192219;11;11;11030721;R\'fcdigerstra\'dfe;2019;2;20;5;3;6;2;2;0;1;1;0;0;0;0;805176,067;5827915,1;13,49842;52,51572\
192220;11;12;12214527;Alt-Tegel;2019;2;6;2;3;6;4;1;0;1;1;0;0;0;1;789944,8512;5834936,864;13,28073;52,58698\
192221;11;3;3040818;Pankow S\'fcd;2019;2;6;2;3;2;2;2;0;1;0;0;0;1;1;799535,3767;5833302,102;13,4204;52,56713\
192222;11;4;4051549;Rathaus Wilmersdorf;2019;2;7;2;3;5;3;0;1;1;0;0;0;0;1;792466,3168;5824018,55;13,30824;52,48775\
192223;11;9;9051702;B\'f6lschestra\'dfe;2019;2;8;4;3;0;1;0;1;0;0;0;0;0;1;813657,6686;5821703,477;13,61716;52,45524\
192224;11;6;6040809;Thielallee;2019;2;7;2;3;6;2;0;0;1;1;0;0;0;1;792338,0771;5820744,487;13,30348;52,45847\
192225;11;4;4041344;R\'fcdesheimer Platz;2019;2;8;2;3;6;2;0;0;1;1;0;0;0;1;793397,8816;5821769,754;13,31994;52,46709\
192226;11;12;12214421;Reinickes Hof;2019;2;9;2;3;2;6;0;0;1;0;0;0;0;1;793391,7255;5833197,66;13,32993;52,56954\
192227;11;1;1011204;Leipziger Stra\'dfe;2019;2;18;4;3;5;3;2;0;1;0;0;0;0;1;798483,9722;5826666,626;13,39897;52,50823\
192228;11;2;2020203;Viktoriapark;2019;2;12;2;3;2;6;0;0;1;0;0;0;0;1;797108,4274;5824295,441;13,37665;52,48772\
192229;11;11;11010207;Wartenberg Nord;2019;2;12;2;3;0;3;0;0;1;0;0;0;1;0;805501,3025;5834600,412;13,50934;52,57545\
192230;11;12;12103115;Breitkopfbecken;2019;2;11;1;3;5;2;0;0;1;0;0;0;0;1;795480,04;5833415,007;13,36084;52,57036\
192231;11;3;3020307;Buchholz;2019;2;16;5;2;6;4;0;0;1;1;0;0;0;0;799990,6231;5838623,79;13,43191;52,61458\
192232;11;2;2010103;Moritzplatz;2019;2;4;1;3;5;3;2;0;1;0;0;0;0;0;799031,3183;5826071,755;13,40648;52,5026\
192233;11;8;8010213;K\'f6rnerpark;2019;2;1;1;3;5;3;2;0;1;0;0;0;0;1;801212,6569;5822539,809;13,43533;52,46974\
192234;11;4;4020207;Flatowallee;2019;2;15;1;3;5;3;0;0;1;0;1;0;0;1;787784,9179;5826169,529;13,24134;52,50952\
192235;11;4;4030726;Droysenstra\'dfe;2019;2;18;4;3;6;2;2;0;1;1;0;0;0;1;792116,5437;5825765,879;13,30463;52,5036\
192236;11;4;4041344;R\'fcdesheimer Platz;2019;2;15;1;3;6;2;0;0;1;1;0;0;0;0;792819,4825;5821878,463;13,31154;52,46837\
192237;11;1;1011402;Arkonaplatz;2019;2;16;1;3;5;3;1;0;1;0;0;0;0;0;798674,2573;5829452,209;13,40427;52,53309\
192238;11;1;1011101;St\'fclerstra\'dfe;2019;2;17;1;3;6;4;1;1;0;1;0;0;0;0;794816,8792;5825999,64;13,34451;52,50424\
192239;11;10;10020413;Gut Hellersdorf;2019;2;19;1;3;5;2;2;0;1;0;0;0;0;1;811286,4024;5831546,593;13,59157;52,54481\
192240;11;6;6020303;Lankwitz Kirche;2019;2;7;4;3;6;4;0;0;1;1;0;0;0;0;795223,7334;5818696,699;13,34402;52,43856\
192241;11;11;11030619;Fennpfuhl Ost;2019;2;13;1;3;5;3;0;0;1;0;0;0;0;1;803704,7389;5829526,333;13,47827;52,53098\
192242;11;8;8010303;Donaustra\'dfe;2019;2;23;7;3;6;4;2;0;1;1;0;0;0;1;801042,3269;5823879,037;13,43404;52,48184\
192243;11;4;4030621;Spreestadt;2019;2;21;7;3;5;2;2;0;1;0;0;0;0;1;793606,683;5827940,495;13,32844;52,5223\
192244;11;9;9020701;Adlershof West;2019;2;20;7;3;5;2;2;0;1;0;0;0;0;1;808978,8515;5818114,138;13,5452;52,42574\
192245;11;4;4051653;Prager Platz;2019;2;18;7;2;5;3;2;0;1;0;0;0;0;1;793966,0989;5824598,156;13,33077;52,49214\
192246;11;3;3030716;M\'e4rchenland;2019;2;14;5;3;2;6;0;0;1;0;0;0;1;0;802785,6451;5833529,74;13,46841;52,56737\
192247;11;4;4020310;Park Ruhwald;2019;2;20;7;3;2;6;2;0;1;0;0;0;0;1;788940,628;5827609,299;13,25957;52,52182\
192248;11;3;3030405;Karow Nord;2019;2;18;7;3;5;3;2;0;1;0;0;0;0;1;803640,8822;5839002,322;13,48601;52,61594\
192249;11;1;1011304;Karl-Marx-Allee;2019;2;17;7;3;5;2;2;0;1;0;0;0;0;1;799730,882;5827547,138;13,41808;52,51544\
192250;11;10;10010204;Wuhletalstra\'dfe;2019;2;17;4;2;6;4;1;0;1;1;0;0;0;1;809304,0654;5833251,096;13,56402;52,56121\
192251;11;7;7050504;Imbrosweg;2019;2;16;7;3;3;2;2;0;1;0;0;0;1;1;800050,5856;5820446,349;13,41639;52,45161\
192252;11;1;1033203;Humboldthain Nordwest;2019;2;16;7;3;5;3;1;0;1;0;0;0;0;1;796805,276;5831272,527;13,37842;52,55043\
192253;11;11;11030721;R\'fcdigerstra\'dfe;2019;2;16;7;3;5;3;1;0;1;0;0;0;0;1;804531,1334;5827753,191;13,48879;52,51463\
192254;11;1;1022101;Huttenkiez;2019;2;14;6;3;2;6;0;0;1;0;0;0;0;0;793308,2499;5828260,773;13,32434;52,52533\
192255;11;7;7010102;Nollendorfplatz;2019;2;15;7;3;5;3;0;1;1;0;0;0;0;1;795226,77;5825154,604;13,34978;52,49645\
192256;11;6;6040810;Dahlem;2019;2;15;7;3;5;2;0;0;1;0;0;0;0;2;790385,2272;5820847,328;13,27491;52,46043\
192257;11;5;5010208;Germersheimer Platz;2019;2;15;7;3;2;6;0;0;1;0;0;0;0;1;783959,8415;5830098,802;13,18849;52,54676\
192258;11;9;9010302;Sp\'e4thsfelde;2019;2;15;7;3;5;3;0;0;1;0;0;0;0;1;803063,207;5820926,183;13,46102;52,45425\
192259;11;4;4020204;Olympiagel\'e4nde;2019;2;11;6;3;5;2;0;0;1;0;0;0;0;0;787712,0896;5826435,547;13,2405;52,51195\
192260;11;2;2010103;Moritzplatz;2019;2;12;7;3;1;5;0;1;1;0;0;0;0;0;799776,1131;5825763,986;13,41714;52,49943\
192261;11;12;12301203;Wittenau S\'fcd;2019;2;9;7;3;2;2;0;0;1;0;0;0;0;1;792653,6771;5834699,95;13,32039;52,5834\
192262;11;8;8020622;Parchimer Allee;2019;2;17;4;3;5;3;1;1;1;0;0;0;0;0;801264,7116;5819705,65;13,43353;52,44431\
192263;11;4;7010101;Wittenbergplatz/Viktoria-Luise-Platz;2019;2;19;6;3;2;6;2;0;1;0;0;0;0;0;794409,0856;5824886,859;13,33753;52,49449\
192264;11;5;5010314;Carl-Schurz-Stra\'dfe;2019;2;10;6;3;3;6;0;0;1;0;0;0;0;0;784977,3416;5829485,951;13,20293;52,54073\
192265;11;1;1022104;Emdener Stra\'dfe;2019;2;12;6;3;2;6;0;0;1;0;0;0;0;1;794435,337;5828436,611;13,34106;52,5263\
192266;11;2;2040703;Wriezener Bahnhof/Entwicklungsgebiet;2019;2;7;4;3;2;2;0;0;1;0;0;0;0;1;800907,1112;5826859,872;13,43474;52,50863\
192267;11;1;1033102;Gesundbrunnen;2019;2;17;6;3;1;5;1;0;1;0;0;0;0;0;797135,1728;5831845,568;13,38379;52,55539\
192268;11;4;4030931;Breitscheidplatz;2019;2;20;6;3;5;2;2;0;1;0;0;0;1;0;793941,2539;5825913,463;13,33157;52,50394\
192269;11;5;5020628;Graetschelsteig;2019;2;19;6;3;5;2;2;0;1;0;0;0;0;1;784745,2903;5826390,162;13,19686;52,5131\
192270;11;11;11030619;Fennpfuhl Ost;2019;2;18;5;3;2;6;2;0;1;0;0;0;0;0;804118,3111;5829847,095;13,48464;52,53362\
192271;11;9;9020802;K\'f6llnische Vorstadt;2019;2;17;6;3;2;6;2;0;1;0;0;0;0;1;810485,6933;5820185,744;13,56922;52,44345\
192272;11;6;6020305;Gemeindepark Lankwitz;2019;2;15;6;3;5;3;0;0;1;0;0;0;0;1;795854,8151;5817511,041;13,35223;52,42759\
192273;11;5;5010206;G\'fctersloher Weg;2019;2;16;4;2;6;4;1;0;1;1;0;0;0;1;782130,8557;5830499,635;13,16193;52,5513\
192274;11;3;3061430;Volkspark Prenzlauer Berg;2019;2;23;6;2;6;4;2;0;1;1;0;0;0;1;802304,9395;5829214,379;13,45742;52,52896\
192275;11;3;3040818;Pankow S\'fcd;2019;2;8;6;3;5;3;0;1;1;0;0;0;0;1;799662,4868;5832816,658;13,42183;52,56271\
192276;11;3;3020209;Niedersch\'f6nhausen;2019;2;7;4;3;3;2;0;0;1;0;0;1;0;0;798342,175;5834830,075;13,40422;52,58148\
192277;11;7;7030301;Friedenau;2019;2;16;6;3;2;6;1;0;1;0;0;0;0;0;794214,2832;5821987,664;13,33211;52,4686\
192278;11;1;1011201;Wilhelmstra\'dfe;2019;2;17;6;3;1;5;1;1;1;0;0;0;0;0;797052,008;5826872,147;13,37812;52,51085\
192279;11;3;3040614;Pankow Zentrum;2019;2;10;6;3;0;2;0;0;1;0;0;0;1;0;799997,1797;5834946,167;13,42868;52,58161\
192280;11;2;2020204;Urbanstra\'dfe;2019;2;7;4;3;2;6;0;0;1;0;0;0;1;0;798449,8765;5824770,584;13,39677;52,49125\
192281;11;4;4030930;George-Grosz-Platz;2019;2;10;6;3;0;5;0;0;1;0;1;0;0;0;792936,7652;5825758,069;13,31667;52,50309\
192282;11;4;4030725;Amtsgerichtsplatz;2019;2;9;6;2;1;5;0;1;1;0;0;0;1;0;791762,1648;5825979,742;13,29961;52,50571\
192283;11;4;4030931;Breitscheidplatz;2019;2;9;6;3;1;5;0;0;1;0;1;0;0;0;794377,0211;5825896,412;13,33795;52,50356\
192284;11;2;2030302;Lausitzer Platz;2019;2;19;5;3;1;5;2;1;1;0;0;0;0;0;800335,1607;5825815,873;13,4254;52,49959\
192285;11;6;6040804;Krumme Lanke;2019;2;7;6;3;5;2;1;1;1;0;0;0;0;1;788136,3651;5818749,989;13,24009;52,44282\
192286;11;1;1044201;Reinickendorfer Stra\'dfe;2019;2;7;6;3;5;3;1;0;1;0;0;0;0;0;796217,505;5831516,042;13,37;52,55293\
192287;11;8;8041036;Zittauer Stra\'dfe;2019;2;7;6;3;5;3;1;0;1;0;0;0;0;0;804478,8534;5816941,643;13,47816;52,41775\
192288;11;1;2040701;Andreasviertel;2019;2;9;3;3;2;6;0;0;1;0;0;0;0;0;800213,3546;5827482,282;13,42511;52,51459\
192289;11;2;2010104;Wassertorplatz;2019;2;7;6;3;5;3;1;1;1;0;0;0;0;1;799444,1273;5825668,013;13,41218;52,49875\
192290;11;2;2020206;Graefekiez;2019;2;6;6;3;6;4;2;0;1;1;0;0;0;1;799546,8981;5824913,747;13,41301;52,49193\
192291;11;2;2010101;Askanischer Platz;2019;2;20;1;3;5;3;2;0;1;0;1;0;0;0;797704,579;5825813,425;13,38676;52,50101\
192292;11;1;1011402;Arkonaplatz;2019;2;12;4;3;6;4;0;1;0;1;0;0;0;0;798558,2973;5829218,511;13,40235;52,53106\
192293;11;9;9031001;Bohnsdorf;2019;2;14;1;3;5;3;0;0;1;0;1;0;0;0;811334,012;5815651,485;13,57744;52,40234\
192294;11;12;12302108;M\'e4rkisches Zentrum;2019;2;13;1;3;6;4;0;0;1;1;0;0;0;0;794439,0667;5837013,148;13,34872;52,60318\
192295;11;12;12231101;Hermsdorf;2019;2;7;4;3;5;2;0;1;1;0;0;0;0;0;791310,7822;5838652,615;13,30411;52,61956\
192296;11;3;3061227;Humannplatz;2019;2;12;1;3;5;3;0;0;1;0;0;0;0;0;799967,0901;5831076,006;13,42474;52,54694\
192297;11;4;4031032;Halensee;2019;2;0;1;3;2;6;2;0;1;0;0;0;0;0;791562,1443;5825090,526;13,2959;52,49784\
192298;11;2;2020202;Rathaus Yorckstra\'dfe;2019;2;0;1;3;5;3;2;0;1;0;0;0;0;0;797574,5628;5825331,774;13,38442;52,49676\
192299;11;1;1011204;Leipziger Stra\'dfe;2019;2;22;4;3;5;3;2;0;1;0;0;0;0;0;798022,5701;5826590,182;13,39213;52,5078\
192300;11;2;2030401;Reichenberger Stra\'dfe;2019;2;5;7;3;5;3;1;0;1;0;0;0;0;0;800634,705;5825682,868;13,42968;52,49823\
192301;11;10;10030727;Biesdorf S\'fcd;2019;2;13;7;3;6;4;0;0;1;1;0;0;0;0;809554,5342;5826617,183;13,56153;52,50162\
192302;11;10;10010204;Wuhletalstra\'dfe;2019;2;19;7;2;6;4;2;0;0;1;0;0;1;0;808987,9101;5832688,382;13,55885;52,55635\
192303;11;2;2030302;Lausitzer Platz;2019;2;20;7;3;5;3;2;1;1;0;0;0;0;0;800462,3464;5825770,043;13,42723;52,49911\
192304;11;11;11010103;Dorf Falkenberg;2019;2;20;7;3;2;6;2;0;1;0;0;0;0;0;808672,2621;5834214,375;13,55563;52,5702\
192305;11;12;12304313;Borsigwalde;2019;2;19;7;3;5;2;2;0;1;0;0;0;0;0;791910,2282;5834712,377;13,30946;52,58391\
192306;11;4;4041137;Flinsberger Platz;2019;2;19;7;3;3;6;2;0;1;0;0;0;0;0;791886,114;5823940,008;13,29965;52,48736\
192307;11;5;5010314;Carl-Schurz-Stra\'dfe;2019;2;21;7;2;0;1;2;0;1;0;0;0;0;0;785011,6404;5829499,892;13,20344;52,54084\
192308;11;4;4051550;Leon-Jessel-Platz;2019;2;8;7;3;1;5;0;1;1;0;0;0;0;0;793208,3652;5824022,875;13,31914;52,48739\
192309;11;6;6030607;Goerzwerke;2019;2;20;4;3;1;5;2;0;1;0;0;0;0;0;791585,8215;5816212,847;13,28849;52,41824\
192310;11;5;5010101;Hakenfelde Nord;2019;2;13;7;3;0;7;0;0;1;0;0;0;0;0;784449,1502;5832411,707;13,19767;52,56724\
192311;11;4;4030725;Amtsgerichtsplatz;2019;2;20;4;3;5;3;2;1;1;0;0;0;0;0;791802,0499;5826224,883;13,30041;52,50788\
192312;11;3;3071537;Kollwitzplatz;2019;2;12;7;3;2;6;0;0;1;0;0;0;0;0;799800,784;5829552,663;13,42092;52,53338\
192313;11;7;7050505;Hundsteinweg;2019;2;12;7;2;6;4;0;0;1;1;0;0;0;0;799270,2078;5819056,232;13,40369;52,43958\
192314;11;11;11010310;M\'fchlengrund;2019;2;12;7;3;6;4;0;1;0;1;0;0;0;0;805279,8212;5833243,439;13,50484;52,56341\
192315;11;4;4041136;Hagenplatz;2019;2;19;4;3;3;6;2;0;1;0;0;0;0;0;790705,325;5822726,526;13,28125;52,47711\
192316;11;4;4030725;Amtsgerichtsplatz;2019;2;11;7;3;0;1;0;0;0;0;1;0;0;0;791925,5389;5826104,735;13,30212;52,50674\
192317;11;9;9010301;Baumschulenstra\'dfe;2019;2;11;7;3;5;2;0;1;1;0;0;0;0;0;805012,4605;5822697,024;13,49124;52,46904\
192318;11;4;4020314;Messegel\'e4nde;2019;2;11;7;3;5;2;0;1;1;0;0;0;0;0;790025,389;5825236,385;13,27345;52,49997\
192319;11;12;12214527;Alt-Tegel;2019;2;19;4;2;6;4;2;0;1;1;0;0;0;0;789989,7629;5835723,329;13,28208;52,594\
192320;11;10;10010308;Marzahner Chaussee;2019;2;10;7;3;2;6;0;0;1;0;0;0;0;0;806488,4565;5829476,172;13,51913;52,52897\
192321;11;2;2030302;Lausitzer Platz;2019;2;1;7;3;1;5;2;1;1;0;0;0;0;0;800771,8637;5826179,869;13,43214;52,50261\
192322;11;1;1011201;Wilhelmstra\'dfe;2019;2;19;4;3;5;2;2;1;0;0;0;0;1;0;797575,1544;5826531,775;13,3855;52,50752\
192323;11;9;9010101;Elsenstra\'dfe;2019;2;3;7;2;5;3;2;0;1;0;0;0;0;0;802327,3725;5825309,699;13,4542;52,49395\
192324;11;5;5010313;Ackerstra\'dfe;2019;2;9;7;3;5;2;0;0;1;0;0;0;0;0;784358,9034;5830001,294;13,19427;52,54567\
192325;11;12;12302109;Treuenbrietzener Stra\'dfe;2019;2;10;7;3;6;7;0;0;1;1;0;0;0;0;795476,7293;5836835,832;13,36384;52,60102\
192326;11;8;8040933;Vogelviertel S\'fcd;2019;2;19;4;3;6;2;2;0;1;1;0;0;0;0;803211,5228;5818470,739;13,46097;52,43216\
192327;11;1;1022104;Emdener Stra\'dfe;2019;2;10;7;3;2;6;0;0;1;0;0;0;0;0;794326,216;5828450,461;13,33947;52,52648\
192328;11;11;11040925;Victoriastadt;2019;2;19;5;2;0;1;2;1;0;0;0;0;0;0;803470,5022;5826533,652;13,4721;52,50429\
192329;11;1;1011303;Alexanderplatzviertel;2019;2;19;7;3;2;6;2;0;1;0;0;0;0;0;799530,0633;5828814,673;13,41627;52,52691\
192330;11;12;12304313;Borsigwalde;2019;2;17;7;3;5;3;1;0;1;0;0;0;1;0;791932,6746;5834136,109;13,30929;52,57874\
192331;11;4;4030827;Karl-August-Platz;2019;2;18;4;3;1;5;1;1;1;0;0;0;0;0;792610,8122;5826113,386;13,3122;52,50645\
192332;11;1;1011301;Charit\'e9viertel;2019;2;10;5;3;1;5;0;1;1;0;0;0;0;0;797086,9012;5828187,321;13,37981;52,52262\
192333;11;3;3061228;Erich-Weinert-Stra\'dfe;2019;2;17;7;3;2;6;2;0;1;0;0;0;0;0;800374,4999;5831549,874;13,43116;52,55096\
192334;11;1;1011301;Charit\'e9viertel;2019;2;16;7;3;5;3;0;1;1;0;0;0;0;0;796679,9247;5828759,818;13,37434;52,52798\
192335;11;7;7060603;Marienfelde Nordost;2019;2;18;4;3;5;3;2;0;1;0;0;0;0;0;798131,0863;5816687,783;13,38487;52,41897\
192336;11;3;3050925;Komponistenviertel Wei\'dfensee;2019;2;15;7;3;5;3;0;0;1;0;0;0;0;0;802542,7867;5831446,868;13,46294;52,54884\
192337;11;1;1011303;Alexanderplatzviertel;2019;2;13;7;3;6;7;0;0;1;1;0;0;0;0;799348,8505;5828110,555;13,41298;52,5207\
192338;11;3;3071537;Kollwitzplatz;2019;2;17;4;3;2;7;1;1;1;0;0;0;0;0;799375,2612;5829512,726;13,41463;52,53325\
192339;11;12;12103115;Breitkopfbecken;2019;2;13;7;2;6;7;0;0;0;1;0;0;1;0;795953,6469;5833850,933;13,3682;52,57401\
192340;11;4;4051446;Preu\'dfenpark;2019;2;9;6;3;0;5;0;0;1;0;1;0;0;0;792439,1893;5824962,534;13,30867;52,49623\
192341;11;3;3061441;Eldenaer Stra\'dfe;2019;2;18;4;3;5;3;1;1;0;0;0;0;0;0;802809,2767;5828610,776;13,46428;52,52327\
192342;11;6;6020408;Lichterfelde S\'fcd;2019;2;18;6;3;3;2;2;1;1;0;0;0;0;1;792814,3417;5816211,41;13,3065;52,41757\
192343;11;3;3061126;Arnimplatz;2019;2;13;4;3;5;2;0;1;1;0;0;0;0;0;799241,889;5831771,604;13,4147;52,55357\
192344;11;6;6010208;Bergstra\'dfe;2019;2;14;6;3;2;6;0;0;1;0;0;0;0;0;794320,591;5820488,998;13,33235;52,45511\
192345;11;6;6030502;Zehlendorf S\'fcd;2019;2;8;6;3;2;6;0;0;1;0;0;0;1;0;790288,472;5814825,282;13,26826;52,40649\
192346;11;4;4051549;Rathaus Wilmersdorf;2019;2;17;4;3;5;2;0;1;1;0;0;0;0;0;793300,7336;5823601,729;13,32012;52,48356\
192347;11;4;4031032;Halensee;2019;2;21;6;3;5;2;2;1;1;0;0;0;0;0;791015,0738;5824859,226;13,28766;52,49606\
192348;11;11;11010309;Zingster Stra\'dfe West;2019;2;13;6;3;6;4;0;0;1;1;0;0;0;0;804458,3787;5833718,008;13,49319;52,56813\
192349;11;1;1044202;Sparrplatz;2019;2;12;6;3;5;2;0;1;0;0;0;1;0;0;794609,9111;5829869,148;13,34489;52,53904\
192350;11;1;1033102;Gesundbrunnen;2019;2;16;4;3;2;6;1;0;1;0;0;0;1;0;797892,3584;5831860,907;13,39494;52,55511\
192351;11;2;2040502;Friedenstra\'dfe;2019;2;13;6;3;6;2;0;0;1;1;0;0;0;0;800733,7418;5828103,081;13,43332;52,51987\
192352;11;5;5010314;Carl-Schurz-Stra\'dfe;2019;2;13;6;3;6;4;0;0;1;1;0;0;0;0;784738,5872;5828820,988;13,19885;52,53489\
192353;11;1;1044201;Reinickendorfer Stra\'dfe;2019;2;14;6;3;2;2;0;1;1;0;0;0;0;0;796438,0222;5831976,239;13,37365;52,55694\
192354;11;6;6030501;Berlepschstra\'dfe;2019;2;17;4;3;2;6;2;1;1;0;0;0;0;0;787560,5137;5816401,839;13,22963;52,42207\
192355;11;3;3071537;Kollwitzplatz;2019;2;13;6;3;0;3;0;1;0;0;1;0;0;0;799347,7782;5829466,363;13,41418;52,53285\
192356;11;3;3010101;Bucher Forst;2019;2;14;6;3;2;6;0;0;1;0;0;0;0;0;802964,435;5841989,287;13,47879;52,64309\
192357;11;2;2040502;Friedenstra\'dfe;2019;2;14;6;3;1;5;0;1;1;0;0;0;0;0;800728,6578;5828014,004;13,43316;52,51907\
192358;11;8;8020727;Buckow Mitte;2019;2;16;4;3;1;5;0;0;1;0;0;0;0;0;800849,8796;5816984,877;13,425;52,42015\
192359;11;9;9020501;Obersch\'f6neweide West;2019;2;14;6;3;6;4;0;0;1;1;0;0;0;0;806440,5494;5822605,249;13,51211;52,46742\
192360;11;9;9020701;Adlershof West;2019;2;10;4;3;2;6;0;0;1;0;0;0;0;0;807850,1717;5818113,884;13,52866;52,42637\
192361;11;2;2040502;Friedenstra\'dfe;2019;2;7;6;3;6;7;0;0;1;1;0;0;0;0;801205,6662;5828639,855;13,44074;52,52442\
192362;11;2;2040703;Wriezener Bahnhof/Entwicklungsgebiet;2019;2;15;6;3;5;3;0;1;1;0;0;0;0;0;801133,8827;5827231,312;13,43841;52,51183\
192363;11;1;1033202;Humboldthain S\'fcd;2019;2;15;4;3;5;3;0;0;1;0;0;0;0;0;797709,9351;5830185,727;13,39075;52,5402\
192364;11;2;2020205;Chamissokiez;2019;2;12;6;3;5;7;0;1;1;0;0;0;0;0;799190,4857;5824229,189;13,40716;52,48599\
192365;11;7;7030301;Friedenau;2019;2;5;6;3;0;5;2;0;0;0;0;0;1;0;793955,9366;5821925,13;13,32827;52,46818\
192366;11;1;1011204;Leipziger Stra\'dfe;2019;2;16;6;3;5;3;0;0;1;0;0;0;0;0;798610,6365;5826916,806;13,40106;52,5104\
192367;11;4;4030930;George-Grosz-Platz;2019;2;15;4;3;1;5;0;1;1;0;0;0;0;0;792903,6719;5825521,565;13,31598;52,50099\
192368;11;2;2030401;Reichenberger Stra\'dfe;2019;2;11;6;3;5;5;0;0;1;0;1;0;0;0;800560,5567;5825711,508;13,42862;52,49853\
192369;11;2;2040703;Wriezener Bahnhof/Entwicklungsgebiet;2019;2;16;6;3;1;5;0;1;1;0;0;0;1;0;801405,8562;5826415,337;13,44167;52,50437\
192370;11;3;3050919;Gustav-Adolf-Stra\'dfe;2019;2;11;6;3;5;2;0;0;0;0;1;1;0;1;801348,4282;5832471,114;13,44631;52,55868\
192371;11;11;11020411;Malchower Weg;2019;2;16;6;3;2;7;0;0;1;0;0;0;0;0;805813,942;5832289,712;13,51181;52,55457\
192372;11;8;8041037;Alt-Rudow;2019;2;15;4;2;6;4;0;0;1;1;0;0;0;0;805563,5175;5817122,234;13,49423;52,41877\