OBJECTID;LAND;BEZ;LOR;STRASSE;UJAHR;UMONAT;USTUNDE;UWOCHENTAG;UKATEGORIE;UART;UTYP1;ULICHTVERH;IstRad;IstPKW;IstFuss;IstKrad;IstGkfz;IstSonstige;USTRZUSTAND;LINREFX;LINREFY;XGCSWGS84;YGCSWGS84\
192553;11;1;1011204;Leipziger Stra\'dfe;2019;2;17;1;3;5;2;1;1;1;0;0;0;0;0;798616,2254;5827001,398;13,40122;52,51116\
192554;11;9;9041501;Altstadt Kietz;2019;2;15;1;3;6;4;0;1;0;1;0;0;0;0;811237,9291;5820211,94;13,58027;52,44326\
192555;11;4;4051445;Eisenzahnstra\'dfe;2019;2;9;2;3;5;7;0;0;1;0;0;0;1;0;792436,6005;5824117,499;13,30789;52,48865\
192556;11;1;1033102;Gesundbrunnen;2019;2;15;1;3;6;2;0;0;1;1;0;0;0;0;797156,002;5831919,612;13,38416;52,55604\
192557;11;2;2030402;Wrangelkiez;2019;2;15;1;3;2;6;0;1;1;0;0;0;0;0;801649,9852;5825897,593;13,44478;52,49959\
192558;11;11;11030619;Fennpfuhl Ost;2019;2;14;1;3;5;3;0;0;1;0;0;0;0;0;803533,9787;5829749,778;13,47597;52,53308\
192559;11;12;12231101;Hermsdorf;2019;2;8;2;3;2;6;0;0;1;0;0;0;0;0;790778,7847;5837599,266;13,29535;52,6104\
192560;11;1;1044202;Sparrplatz;2019;2;14;1;3;2;1;0;1;1;0;0;0;0;0;795358,3226;5830249,227;13,35623;52,54205\
192561;11;4;4010101;Jungfernheide;2019;2;3;1;3;9;1;2;0;1;0;0;0;0;0;791216,058;5829730,96;13,29487;52,53963\
192562;11;2;2030302;Lausitzer Platz;2019;2;14;1;3;1;5;0;0;1;0;0;0;0;0;800808,3068;5826486,035;13,43295;52,50533\
192563;11;1;1011303;Alexanderplatzviertel;2019;2;22;2;3;5;2;2;1;1;0;0;0;0;0;799593,7643;5828256,38;13,41671;52,52187\
192564;11;1;1011202;Unter den Linden Nord;2019;2;18;1;2;5;2;2;1;1;0;0;0;0;0;798236,2352;5827696,029;13,39626;52,51759\
192565;11;7;7020202;Volkspark (Rudolf-Wilde-Park);2019;2;21;1;2;5;2;2;0;1;0;0;0;1;0;795004,1569;5823818,288;13,34533;52,48459\
192566;11;10;10010311;Landsberger Tor;2019;2;15;1;2;5;2;0;0;1;0;0;0;0;0;810311,3843;5831817,081;13,5775;52,54779\
192567;11;12;12103117;Letteplatz;2019;2;5;2;3;2;6;2;0;1;0;0;0;0;0;796643,5503;5832436,112;13,37708;52,56095\
192568;11;2;2020203;Viktoriapark;2019;2;8;1;3;1;5;0;0;1;0;0;0;1;0;797694,1616;5824024,14;13,38501;52,48497\
192569;11;6;6040703;Nikolassee;2019;2;8;4;3;5;3;0;1;1;0;0;0;0;0;785318,6063;5817722,139;13,19787;52,43508\
192570;11;11;11010102;Dorf Wartenberg;2019;2;10;7;3;5;2;0;0;1;0;1;0;0;0;805805,7172;5834706,494;13,51392;52,57623\
192571;11;1;1022206;L\'fcneburger Stra\'dfe;2019;2;2;7;3;6;4;2;0;1;1;0;0;0;0;796247,6487;5828494,293;13,36775;52,52583\
192572;11;9;9041301;Kietzer Feld/Nachtheide;2019;2;6;2;3;2;6;1;0;1;0;0;0;0;0;811693,7768;5818521,013;13,58538;52,42785\
192573;11;4;4030931;Breitscheidplatz;2019;2;22;7;3;5;3;2;1;1;0;0;0;0;0;793932,411;5826044,861;13,33155;52,50513\
192574;11;2;2030301;Oranienplatz;2019;2;21;7;3;3;6;2;1;1;0;0;0;0;0;800348,8445;5826276,422;13,42602;52,50371\
192575;11;4;4030827;Karl-August-Platz;2019;2;18;7;3;1;5;2;0;1;0;0;0;0;0;792402,1885;5826259,487;13,30926;52,50787\
192576;11;12;12214424;Scharnweberstra\'dfe;2019;2;7;2;3;3;6;0;0;1;0;0;1;0;0;793387,3094;5833083,998;13,32976;52,56852\
192577;11;10;10020413;Gut Hellersdorf;2019;2;17;7;3;5;3;1;0;1;0;0;0;1;0;811133,1244;5830925,043;13,58874;52,53932\
192578;11;7;7010101;Wittenbergplatz/Viktoria-Luise-Platz;2019;2;11;7;3;5;2;0;1;1;0;0;0;0;0;794770,9525;5825692,85;13,34356;52,50152\
192579;11;3;3030406;Alt-Karow;2019;2;9;7;3;5;3;0;0;1;0;0;0;0;0;802871,58;5838289,263;13,47403;52,60998\
192580;11;5;5010103;Amorbacher Weg;2019;2;16;7;3;0;7;0;0;1;0;0;0;0;0;783916,1066;5831341,346;13,18891;52,55792\
192581;11;12;12214424;Scharnweberstra\'dfe;2019;2;20;2;3;1;5;2;0;1;0;0;0;0;0;792899,4214;5832941,954;13,32246;52,56751\
192582;11;4;4030931;Breitscheidplatz;2019;2;15;7;3;6;4;0;0;1;1;0;0;0;0;793849,6545;5826060,351;13,33035;52,50531\
192583;11;8;8010214;Glasower Stra\'dfe;2019;2;14;7;3;5;2;0;1;1;0;0;0;0;0;801752,6013;5822051,211;13,44281;52,46506\
192584;11;2;2020204;Urbanstra\'dfe;2019;2;14;7;3;2;6;0;0;1;0;0;0;0;0;798654,9344;5825144,836;13,40012;52,49449\
192585;11;3;3051022;Hansastra\'dfe;2019;2;7;4;3;5;2;0;1;1;0;0;0;0;0;803669,2204;5832011,797;13,48002;52,55327\
192586;11;4;4051445;Eisenzahnstra\'dfe;2019;2;13;7;2;6;7;0;0;1;1;0;0;0;0;792784,501;5824307,681;13,31316;52,49017\
192587;11;7;7040401;Neu-Tempelhof;2019;2;13;7;3;6;4;0;0;1;1;0;0;0;0;797198,8069;5823816,873;13,37755;52,48339\
192588;11;10;10010309;Springpfuhl;2019;2;19;2;3;6;7;2;0;1;1;0;0;0;0;808098,6908;5830047,871;13,54333;52,53319\
192589;11;7;7060604;Marienfelde S\'fcd;2019;2;13;7;3;2;6;0;0;1;0;0;0;0;0;797750,9478;5815406,764;13,37816;52,4077\
192590;11;1;1011202;Unter den Linden Nord;2019;2;20;6;2;5;3;2;1;1;0;0;0;0;0;797265,3955;5827806,35;13,38209;52,51911\
192591;11;5;5010314;Carl-Schurz-Stra\'dfe;2019;2;19;6;3;2;6;2;0;1;0;0;0;0;0;785188,4003;5829363,049;13,20592;52,53952\
192592;11;12;12231101;Hermsdorf;2019;2;7;2;3;1;5;0;1;1;0;0;0;0;0;791453,9255;5838714,338;13,30627;52,62004\
192593;11;3;3061227;Humannplatz;2019;2;21;6;3;6;4;2;1;0;1;0;0;0;0;799670,3627;5831248,488;13,42053;52,54865\
192594;11;5;5010310;Eckschanze;2019;2;10;5;2;1;7;0;0;1;0;0;0;1;0;784617,0655;5830861,365;13,19881;52,55325\
192595;11;4;5030833;Motardstra\'dfe;2019;2;20;6;3;2;6;2;0;1;0;1;0;0;0;790377,456;5829034,106;13,28193;52,53383\
192596;11;12;12302110;Dannenwalder Weg;2019;2;18;6;3;2;6;2;0;1;0;0;0;0;0;794663,9434;5836274,149;13,35138;52,59643\
192597;11;10;10030725;Buckower Ring;2019;2;21;2;2;9;1;2;0;0;0;1;0;0;0;810000,1456;5828363,534;13,5697;52,51701\
192598;11;9;9041301;Kietzer Feld/Nachtheide;2019;2;8;6;3;5;3;0;0;1;0;0;0;1;0;812181,2353;5819098,725;13,59307;52,43275\
192599;11;4;4030931;Breitscheidplatz;2019;2;8;6;3;1;5;0;0;1;0;1;0;0;0;794526,2843;5825937,611;13,34018;52,50385\
192600;11;8;8010406;Treptower Stra\'dfe Nord;2019;2;8;6;3;6;4;0;0;1;1;0;0;0;0;801918,9907;5824159,585;13,44716;52,48387\
192601;11;4;4051653;Prager Platz;2019;2;7;6;3;5;2;0;1;1;0;0;0;0;0;794002,846;5824280,562;13,33103;52,48927\
192602;11;7;7030302;Cecilieng\'e4rten;2019;2;7;2;3;0;1;0;0;0;0;1;0;0;0;794376,3676;5821956,869;13,33446;52,46824\
192603;11;1;1022106;Elberfelder Stra\'dfe;2019;2;15;6;2;6;2;0;0;1;1;0;0;0;0;794116,098;5827763,257;13,33577;52,52043\
192604;11;12;12103218;Teichstra\'dfe;2019;2;15;6;3;2;6;0;0;1;0;0;0;0;0;794038,5671;5835339,144;13,34134;52,58839\
192605;11;3;3020209;Niedersch\'f6nhausen;2019;2;8;2;3;5;3;0;1;1;0;0;0;0;0;797887,5049;5834640,666;13,39736;52,58003\
192606;11;1;1011105;N\'f6rdlicher Landwehrkanal;2019;2;15;6;3;1;5;0;1;1;0;0;0;0;0;796764,0452;5826927,977;13,37394;52,51151\
192607;11;9;9010101;Elsenstra\'dfe;2019;2;16;6;2;2;7;0;1;1;0;0;0;0;0;802533,1257;5824562,412;13,45654;52,48714\
192608;11;1;1044203;Leopoldplatz;2019;2;7;6;2;2;7;0;1;0;0;0;0;0;0;795596,9601;5831751,05;13,36108;52,55538\
192609;11;4;4010102;Pl\'f6tzensee;2019;2;16;1;3;2;6;0;0;1;0;0;0;0;0;793342,6551;5829711,539;13,32612;52,53831\
192610;11;10;10020622;Kaulsdorf Nord I;2019;2;7;6;3;3;6;0;0;1;0;0;1;0;0;811153,5774;5829036,825;13,58727;52,52239\
192611;11;11;11020513;Orankesee;2019;2;18;5;3;2;6;1;0;1;0;0;0;0;0;803312,8464;5830109,326;13,47304;52,53642\
192612;11;8;8010301;Reuterkiez;2019;2;7;6;3;6;2;0;0;1;1;0;0;0;0;800975,4154;5824764,866;13,43385;52,48981\
192613;11;7;7050503;Eisenacher Stra\'dfe;2019;2;7;6;3;5;3;1;1;1;0;0;0;0;0;798241,7677;5820503,243;13,3899;52,45311\
192614;11;7;7070701;Kettinger Stra\'dfe/Schillerstra\'dfe;2019;2;16;1;3;0;7;0;0;0;1;0;0;1;0;798729,8477;5816017,473;13,39305;52,41264\
192615;11;1;1011201;Wilhelmstra\'dfe;2019;2;6;6;3;2;6;0;0;1;0;0;0;0;0;796977,3891;5827004,171;13,37714;52,51208\
192616;11;2;2020203;Viktoriapark;2019;2;5;6;2;5;2;2;1;1;0;0;0;0;0;797100,9444;5824491,31;13,37671;52,48948\
192617;11;9;9020702;Adlershof Ost;2019;2;16;1;3;2;6;0;0;1;0;0;0;0;0;809224,9548;5819572,653;13,55016;52,43867\
192618;11;9;9020501;Obersch\'f6neweide West;2019;2;5;6;2;3;6;2;0;1;0;0;1;0;0;806882,4751;5823240,453;13,51918;52,47286\
192619;11;3;3050919;Gustav-Adolf-Stra\'dfe;2019;2;16;6;3;6;4;0;0;1;1;0;0;0;0;801756,7568;5832405,253;13,45226;52,55786\
192620;11;8;8040933;Vogelviertel S\'fcd;2019;2;16;1;3;1;5;0;0;1;0;0;0;1;0;802789,772;5818791,091;13,45507;52,43527\
192621;11;3;3040818;Pankow S\'fcd;2019;2;16;6;2;2;6;1;0;1;0;0;0;0;0;799330,2489;5833455,289;13,41752;52,56862\
192622;11;8;8020727;Buckow Mitte;2019;2;17;6;3;1;1;1;0;1;0;0;0;1;0;800335,143;5816688,479;13,41719;52,41777\
192623;11;2;2020202;Rathaus Yorckstra\'dfe;2019;2;8;6;3;2;3;0;1;1;0;0;0;0;0;797913,354;5825279,649;13,38935;52,49611\
192624;11;1;1011303;Alexanderplatzviertel;2019;2;16;1;3;5;7;0;0;1;0;0;0;0;0;799498,5635;5828143,631;13,41521;52,52091\
192625;11;2;2020204;Urbanstra\'dfe;2019;2;8;6;3;5;2;0;1;1;0;0;0;0;0;798493,6885;5825222,747;13,39782;52,49528\
192626;11;3;3061227;Humannplatz;2019;2;14;4;3;3;6;0;0;1;0;0;0;0;0;799958,1172;5831721,628;13,42519;52,55273\
192627;11;6;6030605;Botanischer Garten;2019;2;18;6;3;5;2;1;0;1;0;0;0;1;0;791532,077;5819139,009;13,29025;52,4445\
192628;11;3;3071536;Teutoburger Platz;2019;2;18;6;3;6;4;1;0;1;1;0;0;0;0;799101,2854;5829106,76;13,41023;52,52976\
192629;11;4;4051448;Schaperstra\'dfe;2019;2;17;1;3;5;7;1;1;1;0;0;0;0;0;793506,3035;5825347,13;13,32468;52,4991\
192630;11;9;9051901;Dammvorstadt;2019;2;9;6;3;3;6;0;1;0;0;0;0;0;0;810317,6485;5821373,528;13,56786;52,45419\
192631;11;8;8020619;Buschkrugallee Nord;2019;2;18;6;3;5;3;2;0;1;0;0;0;0;0;801774,2292;5821103,644;13,44227;52,45656\
192632;11;5;5030731;Gartenfelder Stra\'dfe;2019;2;15;6;3;5;2;0;1;1;0;0;0;0;0;786999,7561;5829460,36;13,23264;52,53944\
192633;11;4;4010103;Paul-Hertz-Siedlung;2019;2;17;1;3;2;7;2;0;1;0;0;1;0;0;791105,9432;5829127,122;13,29273;52,53427\
192634;11;11;11030721;R\'fcdigerstra\'dfe;2019;2;10;6;3;5;3;0;0;1;0;0;0;0;0;804606,541;5827495,575;13,48967;52,51227\
192635;11;4;4030620;Alt-Lietzow;2019;2;7;4;3;6;4;0;0;1;1;0;0;0;0;792889,5905;5827360,635;13,31739;52,51748\
192636;11;2;2020203;Viktoriapark;2019;3;23;2;3;5;3;2;0;1;0;0;0;0;1;797841,7014;5824926,746;13,38798;52,49298\
192637;11;9;9020802;K\'f6llnische Vorstadt;2019;3;17;5;3;6;2;0;0;1;1;0;0;0;1;810051,0763;5819464,271;13,56217;52,43723\
192638;11;7;7020201;Bayerischer Platz;2019;3;8;2;3;5;2;0;0;1;0;0;0;0;1;794949,2164;5824553,53;13,34517;52,49121\
192639;11;12;12103115;Breitkopfbecken;2019;3;22;2;3;9;1;2;0;1;0;0;0;0;1;795825,8299;5833661,51;13,36615;52,57238\
192640;11;6;6040703;Nikolassee;2019;3;16;5;2;5;3;0;1;1;0;0;0;0;1;785875,1493;5816579,405;13,20506;52,42454\
192641;11;4;4030931;Breitscheidplatz;2019;3;8;2;3;1;5;0;1;1;0;0;0;1;1;794053,9392;5826126,349;13,33341;52,50579\
192642;11;3;3050925;Komponistenviertel Wei\'dfensee;2019;3;5;1;3;1;1;2;0;1;0;0;0;0;0;802434,287;5831064,89;13,461;52,54547\
192643;11;11;11020513;Orankesee;2019;3;5;1;3;2;6;2;0;1;0;0;0;0;0;802866,4018;5831262,05;13,46753;52,547\
192644;11;12;12304314;Ziekowstra\'dfe/Freie Scholle;2019;3;16;5;3;5;3;1;1;1;0;0;0;0;1;790646,1676;5835594,309;13,29163;52,5925\
192645;11;9;9010101;Elsenstra\'dfe;2019;3;20;1;3;6;2;2;0;1;1;0;0;0;1;802107,4699;5824764,442;13,45047;52,48919\
192646;11;2;2020203;Viktoriapark;2019;3;19;5;3;5;3;2;1;1;0;0;0;0;1;797816,6067;5824933,046;13,38762;52,49305\
192647;11;7;7010102;Nollendorfplatz;2019;3;19;1;3;5;2;2;1;1;0;0;0;0;1;794966,3903;5825195,685;13,34599;52,49696\
192648;11;2;2050803;Stralauer Kiez;2019;3;20;1;3;5;2;2;1;1;0;0;0;0;1;802460,0924;5826326,632;13,45707;52,50299\
192649;11;11;11041128;Sewanstra\'dfe;2019;3;18;1;3;6;2;1;0;1;1;0;0;0;1;806058,5979;5825807,539;13,50944;52,49633\
192650;11;2;2020206;Graefekiez;2019;3;20;1;2;5;7;2;0;1;0;0;0;0;1;799503,7971;5824531,458;13,41203;52,48853\
192651;11;12;12214424;Scharnweberstra\'dfe;2019;3;19;1;3;5;3;2;0;1;0;0;0;0;1;793487,717;5832414,325;13,33064;52,56247\
192652;11;10;10020413;Gut Hellersdorf;2019;3;18;1;2;6;2;2;0;1;1;0;0;0;1;811285,1316;5831537,923;13,59155;52,54473\
192653;11;4;4030828;Savignyplatz;2019;3;18;1;3;6;2;2;0;1;1;0;0;0;1;793149,5165;5826075,352;13,32008;52,50582\
192654;11;5;5010101;Hakenfelde Nord;2019;3;8;1;2;9;1;0;0;1;0;0;0;0;1;784711,6023;5834642,311;13,20344;52,5871\
192655;11;1;1011204;Leipziger Stra\'dfe;2019;3;16;5;3;5;2;0;1;0;0;0;0;1;1;798554,0785;5826816,364;13,40014;52,50953\
192656;11;8;8010404;Rixdorf;2019;3;17;1;3;2;6;1;0;1;0;0;0;0;1;801725,2281;5823688,836;13,44389;52,47976\
192657;11;10;10030727;Biesdorf S\'fcd;2019;3;16;5;3;5;3;0;1;1;0;0;0;0;1;809159,9242;5826175,422;13,55532;52,49788\
192658;11;1;1033202;Humboldthain S\'fcd;2019;3;14;1;3;0;1;0;0;0;0;1;0;0;1;797877,1406;5829867,498;13,39292;52,53725\
192659;11;6;6020306;Lankwitz S\'fcd;2019;3;14;1;3;5;7;0;0;1;0;0;0;0;1;796303,6068;5816846,457;13,35822;52,42139\
192660;11;7;7010102;Nollendorfplatz;2019;3;12;1;3;2;6;0;0;1;0;0;0;0;1;794965,8111;5825667,705;13,3464;52,50119\
192661;11;11;11030618;Fennpfuhl West;2019;3;15;5;3;5;2;0;1;1;0;0;0;0;1;803852,076;5828739,623;13,47972;52,52385\
192662;11;1;1022206;L\'fcneburger Stra\'dfe;2019;3;12;1;3;5;2;0;1;1;0;0;0;0;1;795793,3069;5828242,886;13,36084;52,52382\
192663;11;1;1011102;Gro\'dfer Tiergarten;2019;3;19;5;3;5;3;2;0;1;0;1;0;0;1;795049,4878;5827190,843;13,34898;52,5148\
192664;11;12;12103117;Letteplatz;2019;3;12;1;3;5;2;0;0;1;0;0;0;0;1;795782,8035;5832578,302;13,36455;52,56269\
192665;11;8;8010213;K\'f6rnerpark;2019;3;20;7;3;5;3;2;1;1;0;0;0;0;1;800954,3921;5822316,853;13,43133;52,46788\
192666;11;3;3020209;Niedersch\'f6nhausen;2019;3;15;5;3;5;3;0;0;1;0;0;0;0;1;798143,5047;5835472,187;13,40188;52,58734\
192667;11;3;3010101;Bucher Forst;2019;3;14;7;2;5;2;0;0;1;0;0;0;0;1;803013,5737;5842058,001;13,47957;52,64368\
192668;11;5;5010314;Carl-Schurz-Stra\'dfe;2019;3;15;7;3;0;6;0;0;1;0;1;0;0;1;784834,8511;5829035,443;13,20045;52,53677\
192669;11;12;12214125;Waldidyll/Flughafensee;2019;3;20;5;3;6;4;2;0;0;1;1;0;0;1;790995,3329;5833819,701;13,29521;52,5764\
192670;11;5;5010339;Freiheit;2019;3;8;7;2;1;5;0;0;1;0;1;0;0;1;786999,8211;5828155,481;13,23152;52,52774\
192671;11;8;8040933;Vogelviertel S\'fcd;2019;3;16;7;3;5;3;0;0;1;0;0;0;0;1;803141,4988;5818819,483;13,46026;52,43533\
192672;11;12;12304314;Ziekowstra\'dfe/Freie Scholle;2019;3;17;7;3;6;4;1;0;1;1;0;0;0;0;790946,2909;5836197,186;13,29658;52,59774\
192673;11;4;4030726;Droysenstra\'dfe;2019;3;20;5;3;5;2;2;1;1;0;0;0;0;1;792090,9974;5825291,993;13,30384;52,49937\
192674;11;7;7060604;Marienfelde S\'fcd;2019;3;17;7;3;5;7;1;0;1;0;0;0;0;1;797243,6867;5815444,284;13,37076;52,40831\
192675;11;5;5010313;Ackerstra\'dfe;2019;3;20;5;2;5;7;2;0;1;0;0;0;0;1;784663,7799;5829696,547;13,1985;52,54278\
192676;11;12;12103115;Breitkopfbecken;2019;3;19;7;3;6;2;2;0;1;1;0;0;0;1;795470,5129;5833409,148;13,3607;52,57031\
192677;11;7;7040403;Manteuffelstra\'dfe;2019;3;13;7;3;2;7;0;0;1;0;0;0;0;0;797777,5055;5820776,509;13,38333;52,45582\
192678;11;4;4030726;Droysenstra\'dfe;2019;3;22;5;3;6;2;2;0;1;1;0;0;0;1;792115,9352;5825765,934;13,30462;52,5036\
192679;11;12;12103219;Sch\'e4fersee;2019;3;23;5;3;1;5;2;1;1;0;0;0;1;1;795665,3551;5832967,692;13,36317;52,56625\
192680;11;4;4030726;Droysenstra\'dfe;2019;3;12;7;3;3;6;0;0;1;0;0;0;0;0;792185,3164;5825637,215;13,30553;52,50241\
192681;11;6;6030503;Zehlendorf Mitte;2019;3;9;7;3;5;3;0;0;1;0;0;0;0;1;789416,056;5817999,378;13,25822;52,43541\
192682;11;12;12214424;Scharnweberstra\'dfe;2019;3;16;5;3;2;6;0;0;1;0;0;0;0;1;793309,279;5832660,186;13,32824;52,56477\
192683;11;12;12103219;Sch\'e4fersee;2019;3;9;7;3;5;2;0;0;1;0;0;0;1;0;795063,7313;5832467,562;13,35387;52,56209\
192684;11;10;10020412;Alte Hellersdorfer Stra\'dfe;2019;3;15;7;3;6;4;0;1;0;1;0;0;0;1;810969,9685;5832025,658;13,58737;52,54928\
192685;11;8;8010509;Schulenburgpark;2019;3;14;5;3;5;7;0;0;1;0;0;0;1;1;803655,6953;5822278,953;13,47094;52,46605\
192686;11;2;2020203;Viktoriapark;2019;3;2;7;3;5;2;2;0;1;0;0;0;0;0;797760,1827;5824597,336;13,38649;52,49008\
192687;11;2;2010102;Mehringplatz;2019;3;19;7;2;6;4;2;0;1;1;0;0;0;1;798200,4807;5826386,813;13,39456;52,50588\
192688;11;9;9010302;Sp\'e4thsfelde;2019;3;15;5;3;2;6;0;0;1;0;0;0;0;1;804040,9437;5821221,112;13,47563;52,45635\
192689;11;6;6030610;Lichterfelde West;2019;3;19;7;2;5;2;2;1;1;0;0;0;0;1;792926,8526;5817768,256;13,30951;52,43147\
192690;11;9;9030901;Dorf Altglienicke;2019;3;16;5;3;5;2;1;0;1;0;0;0;0;1;808085,0312;5816924,185;13,531;52,41558\
192691;11;12;12302107;Schorfheidestra\'dfe;2019;3;19;7;3;6;2;2;0;1;1;0;0;0;1;794397,659;5836235,063;13,34742;52,59622\
192692;11;4;4041342;Schlangenbader Stra\'dfe;2019;3;19;7;3;5;2;2;0;1;0;0;0;0;1;792528,0593;5822918,151;13,30818;52,47785\
192693;11;4;4051653;Prager Platz;2019;3;23;5;2;9;1;2;0;1;0;0;0;0;1;794383,4822;5824838,069;13,33711;52,49407\
192694;11;6;6010205;S\'fcdende;2019;3;19;7;3;6;2;2;0;1;1;0;0;0;1;795314,8636;5819982,85;13,34649;52,45004\
192695;11;8;8010118;Silbersteinstra\'dfe;2019;3;20;7;3;5;3;2;1;1;0;0;0;0;1;800819,4939;5822577,093;13,42959;52,47029\
192696;11;9;9020802;K\'f6llnische Vorstadt;2019;3;20;7;3;8;1;2;0;1;0;0;0;0;1;810041,5726;5819507,931;13,56208;52,43763\
192697;11;8;8010118;Silbersteinstra\'dfe;2019;3;18;5;3;6;2;1;0;1;1;0;0;0;0;801076,1401;5821981,898;13,43282;52,46481\
192698;11;8;8020622;Parchimer Allee;2019;3;10;7;3;5;2;0;0;1;0;0;0;0;0;801264,1407;5819820,028;13,43363;52,44533\
192699;11;9;9020701;Adlershof West;2019;3;20;7;3;5;3;2;0;1;0;0;0;0;1;807657,4901;5819361,404;13,52698;52,43766\
192700;11;8;8020619;Buschkrugallee Nord;2019;3;21;7;2;6;4;2;0;1;1;0;0;0;1;801431,8283;5821029,718;13,43718;52,45608\
192701;11;1;1033202;Humboldthain S\'fcd;2019;3;18;5;3;0;1;2;0;0;0;1;0;0;1;797775,1219;5829747,105;13,39132;52,53623\
192702;11;4;4030931;Breitscheidplatz;2019;3;22;7;3;5;3;2;0;1;0;0;0;0;1;793910,1546;5825533,206;13,33077;52,50055\
192703;11;8;8010213;K\'f6rnerpark;2019;3;23;7;3;5;3;2;0;1;0;0;0;0;1;801230,7821;5822467,79;13,43553;52,46908\
192704;11;8;8010404;Rixdorf;2019;3;11;6;3;5;3;0;0;1;0;0;0;0;1;802349,1125;5822949,948;13,45238;52,47279\
192705;11;7;7070703;John-Locke-Stra\'dfe;2019;3;13;5;3;5;3;0;1;1;0;0;0;0;0;799287,2733;5813135,314;13,39865;52,3865\
192706;11;1;1044201;Reinickendorfer Stra\'dfe;2019;3;23;6;2;6;4;2;0;1;1;0;0;0;0;796624,5779;5831625,213;13,37608;52,55369\
192707;11;9;9052001;K\'f6penick Nord;2019;3;1;5;3;9;1;2;0;1;0;0;0;0;1;811541,1437;5823057,501;13,58737;52,46859\
192708;11;3;3061131;Falkplatz;2019;3;23;6;3;6;4;2;0;1;1;0;0;0;0;798944,2194;5831069,029;13,40969;52,54744\
192709;11;2;2010102;Mehringplatz;2019;3;17;6;3;2;6;0;1;1;0;0;0;0;0;797933,465;5826387,348;13,39063;52,50603\
192710;11;3;3010102;Buch;2019;3;6;5;2;6;4;0;0;1;1;0;0;0;1;804879,9504;5841522,898;13,50658;52,63784\
192711;11;9;9020501;Obersch\'f6neweide West;2019;3;17;6;2;1;1;0;0;1;0;0;0;1;0;806340,8616;5822224,92;13,5103;52,46407\
192712;11;3;3040614;Pankow Zentrum;2019;3;16;6;2;6;4;0;0;1;1;0;0;0;0;798433,4126;5833809,518;13,40465;52,57228\
192713;11;3;3061227;Humannplatz;2019;3;14;6;3;5;3;0;0;1;0;0;0;0;1;800086,2845;5831671,075;13,42703;52,55221\
192714;11;8;8010407;Gewerbegebiet Ederstra\'dfe;2019;3;13;5;3;5;3;0;0;1;0;0;0;0;1;802293,4431;5823884,189;13,45241;52,48119\
192715;11;2;2010103;Moritzplatz;2019;3;8;6;3;5;3;0;1;1;0;0;0;0;0;799327,2419;5826236,426;13,41097;52,50391\
192716;11;9;9010301;Baumschulenstra\'dfe;2019;3;19;5;3;3;6;2;1;0;0;0;0;0;1;804945,741;5823041,929;13,49057;52,47217\
192717;11;4;4041137;Flinsberger Platz;2019;3;5;5;3;0;3;2;0;1;0;1;0;0;1;791521,4526;5823559,678;13,29396;52,48414\
192718;11;1;1033102;Gesundbrunnen;2019;3;17;5;3;2;6;0;0;1;0;0;0;0;1;797208,0509;5831915,814;13,38492;52,55598\
192719;11;4;4051448;Schaperstra\'dfe;2019;3;6;5;2;5;2;0;1;1;0;0;0;0;1;793917,4918;5824957,62;13,33037;52,49539\
192720;11;9;9020501;Obersch\'f6neweide West;2019;3;7;5;3;5;3;0;0;1;0;0;0;1;1;805703,8924;5824052,524;13,50263;52,4808\
192721;11;8;8041036;Zittauer Stra\'dfe;2019;3;8;5;2;5;3;0;1;1;0;0;0;0;1;804619,5426;5816128,755;13,47948;52,41039\
192722;11;6;6040810;Dahlem;2019;3;22;5;3;6;7;2;0;1;1;0;0;0;1;790489,378;5819760,269;13,27549;52,45063\
192723;11;2;2010103;Moritzplatz;2019;3;23;5;3;5;3;2;1;1;0;0;0;0;0;799814,0295;5825748,785;13,41768;52,49927\
192724;11;2;2030301;Oranienplatz;2019;3;20;5;3;1;5;2;1;1;0;0;0;0;1;799947,5213;5825964,133;13,41984;52,50113\
192725;11;3;3030715;Heinersdorf;2019;3;13;5;3;5;3;0;0;1;0;0;0;1;1;800939,6788;5833548,042;13,44128;52,56856\
192726;11;10;10020517;Adele-Sandrock-Stra\'dfe;2019;3;20;5;3;5;3;2;0;1;0;0;0;0;0;812606,1418;5830417,718;13,60991;52,53393\
192727;11;8;8010117;Schillerpromenade;2019;3;19;5;3;2;5;2;1;1;0;0;0;0;0;800474,6541;5823594,652;13,42544;52,4796\
192728;11;9;9052001;K\'f6penick Nord;2019;3;8;5;3;5;3;0;1;1;0;0;0;0;1;810356,9939;5823533,221;13,57044;52,47352\
192729;11;6;6020303;Lankwitz Kirche;2019;3;18;5;3;6;2;1;0;1;1;0;0;0;0;795552,7451;5818313,191;13,34851;52,43494\
192730;11;2;2020203;Viktoriapark;2019;3;18;5;3;5;2;2;1;1;0;0;0;0;1;797770,2322;5824017,098;13,38612;52,48487\
192731;11;2;2030301;Oranienplatz;2019;3;18;5;3;2;6;0;1;1;0;0;0;0;1;799722,8725;5826056,093;13,41662;52,50208\
192732;11;6;6030610;Lichterfelde West;2019;3;8;5;3;1;5;0;1;1;0;0;0;0;1;791092,8696;5817818,492;13,28266;52,4329\
192733;11;12;12214424;Scharnweberstra\'dfe;2019;3;17;5;3;3;6;0;0;1;0;0;0;1;1;793214,9994;5832615,173;13,32681;52,56441\