OBJECTID;LAND;BEZ;LOR;STRASSE;UJAHR;UMONAT;USTUNDE;UWOCHENTAG;UKATEGORIE;UART;UTYP1;ULICHTVERH;IstRad;IstPKW;IstFuss;IstKrad;IstGkfz;IstSonstige;USTRZUSTAND;LINREFX;LINREFY;XGCSWGS84;YGCSWGS84\
192734;11;2;2030302;Lausitzer Platz;2019;3;17;5;3;5;3;1;0;1;0;1;0;0;1;800733,7773;5826517,177;13,43189;52,50565\
192735;11;4;4030827;Karl-August-Platz;2019;3;17;5;3;2;6;0;0;1;0;0;0;0;0;792272,9023;5826111,752;13,30723;52,50662\
192736;11;2;2030301;Oranienplatz;2019;3;17;5;3;6;4;0;1;0;1;0;0;0;1;799986,5556;5825731,476;13,4202;52,49902\
192737;11;1;1044202;Sparrplatz;2019;3;12;5;3;5;2;0;0;1;0;0;0;0;1;794619,0775;5829877,865;13,34504;52,53912\
192738;11;9;9051901;Dammvorstadt;2019;3;17;5;3;2;1;0;0;1;0;0;0;0;0;810620,5082;5820336,336;13,57133;52,44473\
192739;11;3;3010102;Buch;2019;3;16;5;3;0;3;0;0;1;0;1;0;0;1;804813,7833;5841410,604;13,5055;52,63687\
192740;11;1;1022104;Emdener Stra\'dfe;2019;3;12;5;3;2;6;0;0;1;0;0;0;0;1;793936,6751;5828480,523;13,33377;52,52696\
192741;11;1;1011401;Invalidenstra\'dfe;2019;3;16;5;3;2;7;0;1;1;0;0;0;0;1;797769,8712;5829051,373;13,39062;52,53\
192742;11;1;1022204;Thomasiusstra\'dfe;2019;3;16;5;3;2;2;0;0;1;0;1;0;0;1;795117,8852;5828257,641;13,35093;52,52432\
192743;11;8;8020727;Buckow Mitte;2019;3;15;5;3;2;1;0;0;1;0;0;0;0;0;801593,8463;5817456,038;13,43633;52,42396\
192744;11;10;10040828;Kaulsdorf Nord;2019;3;10;5;3;5;3;0;0;1;0;0;0;0;1;811848,0433;5829318,869;13,59774;52,52452\
192745;11;2;2030302;Lausitzer Platz;2019;3;7;5;3;5;2;0;1;1;0;0;0;0;1;800671,4714;5825819,593;13,43034;52,49944\
192746;11;12;12214424;Scharnweberstra\'dfe;2019;3;8;5;2;5;3;0;0;1;0;0;1;0;0;792689,2488;5833256,902;13,31964;52,57045\
192747;11;1;1011402;Arkonaplatz;2019;3;8;5;3;2;6;0;0;1;0;1;0;0;1;798097,0905;5829959,453;13,39624;52,53796\
192748;11;10;10030724;Oberfeldstra\'dfe;2019;3;10;5;3;5;7;0;0;1;0;0;0;0;1;808621,2132;5829492,795;13,55049;52,52792\
192749;11;11;11020514;Gro\'dfe-Leege-Stra\'dfe;2019;3;10;5;3;5;2;0;1;1;0;0;0;0;0;804458,1245;5830929,256;13,49063;52,54313\
192750;11;10;10010308;Marzahner Chaussee;2019;3;9;5;3;2;6;0;0;1;0;0;0;0;1;806581,1436;5829152,931;13,5202;52,52602\
192751;11;4;4051654;Wilhelmsaue;2019;3;12;5;3;5;2;0;1;1;0;0;0;0;0;793436,1219;5823922,293;13,32239;52,48637\
192752;11;9;9051702;B\'f6lschestra\'dfe;2019;3;12;5;3;1;5;0;1;1;0;0;0;0;0;814372,092;5821212,33;13,62718;52,45043\
192753;11;1;1033201;Brunnenstra\'dfe;2019;3;9;5;3;5;5;0;1;1;0;0;0;0;1;797857,2657;5830383,978;13,39309;52,54189\
192754;11;9;9052001;K\'f6penick Nord;2019;3;12;5;3;2;2;0;0;1;0;0;0;0;0;810368,9041;5823529,692;13,57061;52,47349\
192755;11;3;3040614;Pankow Zentrum;2019;3;14;5;3;3;6;0;1;1;0;0;0;0;0;798894,903;5834982,494;13,41249;52,58254\
192756;11;4;4041134;Bismarckallee;2019;3;6;4;2;5;3;0;1;1;0;0;0;0;1;790855,3244;5823646,832;13,28425;52,48528\
192757;11;4;4051653;Prager Platz;2019;3;14;5;3;6;7;0;0;1;1;0;0;0;0;794357,1071;5824522,62;13,33645;52,49125\
192758;11;3;3061227;Humannplatz;2019;3;7;5;3;6;4;0;1;0;1;0;0;0;1;799955,1874;5831077,059;13,42456;52,54695\
192759;11;7;7040403;Manteuffelstra\'dfe;2019;3;13;4;2;6;4;0;1;0;1;0;0;0;1;797348,5944;5821909,513;13,37805;52,46621\
192760;11;11;11051331;Karlshorst Nord;2019;3;5;5;3;5;3;2;1;0;0;0;0;1;1;807327,7241;5824796,493;13,52715;52,48656\
192761;11;9;9052001;K\'f6penick Nord;2019;3;9;4;3;2;2;0;0;1;0;0;0;0;0;809220,1593;5823019,721;13,55328;52,46957\
192762;11;3;3020203;Blankenfelde;2019;3;9;5;3;2;6;0;0;1;0;0;1;0;0;798702,313;5837415,118;13,41185;52,60445\
192763;11;4;4020314;Messegel\'e4nde;2019;3;8;5;3;5;2;0;0;1;0;0;0;0;0;790387,1065;5825672,243;13,27914;52,50368\
192764;11;3;3020209;Niedersch\'f6nhausen;2019;3;15;4;3;0;3;0;1;1;0;0;0;0;1;797573,352;5835074,101;13,39313;52,58409\
192765;11;7;7010101;Wittenbergplatz/Viktoria-Luise-Platz;2019;3;9;5;2;5;3;0;1;1;0;0;0;0;1;794484,4116;5824915,594;13,33866;52,49471\
192766;11;1;1011401;Invalidenstra\'dfe;2019;3;20;4;2;6;4;2;0;1;1;0;0;0;1;798436,3438;5829161,565;13,40051;52,53062\
192767;11;11;11010205;Falkenberg West;2019;3;0;5;2;6;4;2;0;1;1;0;0;0;0;805854,5687;5833606,015;13,51362;52,56634\
192768;11;8;8020620;Tempelhofer Weg;2019;3;14;4;3;3;6;0;0;1;0;0;1;0;0;800630,8551;5820549,874;13,42499;52,45222\
192769;11;4;4030931;Breitscheidplatz;2019;3;23;4;3;6;2;2;0;1;1;0;0;0;1;794487,1926;5825868,287;13,33955;52,50324\
192770;11;4;4051448;Schaperstra\'dfe;2019;3;10;4;3;5;2;0;0;1;0;0;0;0;0;794231,0646;5825420,257;13,33539;52,49937\
192771;11;5;5010209;An der Kappe;2019;3;16;4;3;5;2;0;0;1;0;0;0;0;0;781905,797;5829565,512;13,15782;52,54304\
192772;11;9;9020702;Adlershof Ost;2019;3;5;4;3;2;6;2;1;0;0;0;0;1;0;809520,0078;5819769,871;13,55467;52,44027\
192773;11;12;12302107;Schorfheidestra\'dfe;2019;3;5;4;3;5;3;2;0;1;0;0;0;0;1;793844,7105;5836157,975;13,33921;52,59583\
192774;11;10;10040933;Mahlsdorf S\'fcd;2019;3;11;4;2;5;3;0;1;1;0;0;0;0;0;813093,9946;5826504,899;13,6134;52,49859\
192775;11;3;3030711;Blankenburg;2019;3;12;6;3;5;3;0;1;1;0;0;0;0;1;801526,6469;5836125,721;13,45226;52,59134\
192776;11;2;2050601;Hausburgviertel;2019;3;20;4;2;6;2;2;0;1;1;0;0;0;0;801880,2092;5828990,558;13,45097;52,52719\
192777;11;4;4051448;Schaperstra\'dfe;2019;3;20;4;3;5;2;2;1;1;0;0;0;0;0;794168,2083;5825307,041;13,33437;52,49839\
192778;11;6;6010210;Bismarckstra\'dfe;2019;3;5;4;3;6;2;2;0;1;1;0;0;0;1;794786,7479;5821586,457;13,34016;52,4647\
192779;11;5;5010206;G\'fctersloher Weg;2019;3;20;4;2;6;2;2;0;1;1;0;0;0;0;781954,3838;5830607,801;13,15942;52,55236\
192780;11;12;12214125;Waldidyll/Flughafensee;2019;3;19;4;3;5;2;2;0;1;0;0;0;0;0;790690,321;5834316,046;13,29116;52,58101\
192781;11;1;1011306;Heine-Viertel Ost;2019;3;6;4;3;5;5;2;0;1;0;1;0;0;1;800063,6754;5826898,652;13,42239;52,50944\
192782;11;2;2030401;Reichenberger Stra\'dfe;2019;3;19;4;3;4;5;2;0;1;0;0;0;1;0;800625,4603;5825255,542;13,42916;52,49441\
192783;11;12;12231101;Hermsdorf;2019;3;18;4;3;5;3;1;0;1;0;0;0;0;1;791418,4625;5838758,261;13,30579;52,62045\
192784;11;2;2020202;Rathaus Yorckstra\'dfe;2019;3;16;4;3;2;2;0;0;1;0;0;0;0;0;797943,2318;5825259,116;13,38977;52,49591\
192785;11;8;8010404;Rixdorf;2019;3;16;4;2;3;6;0;0;1;0;1;0;1;0;801520,9887;5823833,879;13,44102;52,48117\
192786;11;11;11010309;Zingster Stra\'dfe West;2019;3;6;4;3;4;7;2;0;1;0;0;0;0;0;804225,406;5833409,672;13,48948;52,56549\
192787;11;3;3071537;Kollwitzplatz;2019;3;15;4;3;5;3;0;0;1;0;0;0;0;0;799527,8546;5829746,882;13,41708;52,53527\
192788;11;9;9041402;Siedlung K\'e4mmereiheide;2019;3;7;4;3;5;2;0;1;0;0;0;0;1;0;812462,7442;5820103,141;13,59813;52,44159\
192789;11;10;10040932;Alt-Mahlsdorf;2019;3;15;4;3;6;4;0;0;0;1;0;0;1;0;812923,9996;5827950,735;13,61226;52,51165\
192790;11;4;4030519;Kaiserin-Augusta-Allee;2019;3;7;4;3;1;5;0;1;1;0;0;0;0;0;792661,5112;5828245,455;13,31482;52,52554\
192791;11;4;4030415;Schlo\'dfgarten;2019;3;13;4;3;5;2;0;1;1;0;0;0;0;0;791379,3619;5827491,813;13,29531;52,51947\
192792;11;11;11030721;R\'fcdigerstra\'dfe;2019;3;19;5;3;6;2;2;0;1;1;0;0;0;1;804632,9437;5827766,871;13,4903;52,51469\
192793;11;4;4030931;Breitscheidplatz;2019;3;12;4;3;1;5;0;1;1;0;0;0;0;0;794343,0171;5825940,22;13,33749;52,50397\
192794;11;1;1022202;Heidestra\'dfe;2019;3;13;4;3;5;2;0;0;1;0;0;0;0;0;795664,665;5829738,324;13,36028;52,5373\
192795;11;6;6020409;K\'f6nigsberger Stra\'dfe;2019;3;11;4;3;5;7;0;1;1;0;0;0;0;0;794061,1949;5818772,899;13,32703;52,43987\
192796;11;7;7030301;Friedenau;2019;3;13;4;3;1;7;0;0;1;0;0;0;1;0;793645,4629;5822419,666;13,32414;52,47278\
192797;11;1;1011101;St\'fclerstra\'dfe;2019;3;11;4;3;5;3;0;1;1;0;0;0;0;0;795306,8497;5826271,315;13,35195;52,50641\
192798;11;1;1011201;Wilhelmstra\'dfe;2019;3;11;4;2;5;2;0;1;1;0;0;0;0;0;796961,1086;5826699,89;13,37663;52,50936\
192799;11;1;1022202;Heidestra\'dfe;2019;3;13;4;3;5;2;0;1;1;0;0;0;0;0;795668,9129;5829732,336;13,36034;52,53724\
192800;11;7;7070703;John-Locke-Stra\'dfe;2019;3;11;4;3;5;2;0;0;1;0;1;0;0;0;799019,8548;5814282,127;13,39576;52,39692\
192801;11;4;4030621;Spreestadt;2019;3;9;4;3;6;4;0;1;0;1;0;0;0;0;793760,8617;5827072,999;13,32994;52,51444\
192802;11;9;9051901;Dammvorstadt;2019;3;8;4;3;3;6;0;0;0;0;1;0;1;0;810726,8885;5820929,841;13,57345;52,44998\
192803;11;7;7020203;Kaiser-Wilhelm-Platz;2019;3;15;4;2;6;4;0;0;1;1;0;0;0;0;795356,0127;5823479,369;13,35019;52,48136\
192804;11;1;1033203;Humboldthain Nordwest;2019;3;7;4;3;5;2;0;0;1;0;0;0;0;0;796852,9193;5830641,047;13,37856;52,54475\
192805;11;4;4030621;Spreestadt;2019;3;15;4;3;2;6;0;0;1;0;0;0;1;0;793294,4273;5827818,962;13,32374;52,52137\
192806;11;3;3030715;Heinersdorf;2019;3;7;4;3;5;2;0;1;1;0;0;0;0;0;800883,1644;5833381,892;13,4403;52,5671\
192807;11;10;10040931;Mahlsdorf Nord;2019;3;6;4;3;6;4;1;0;1;1;0;0;0;0;813278,5266;5829057,579;13,61851;52,52136\
192808;11;5;5010314;Carl-Schurz-Stra\'dfe;2019;3;15;4;3;0;2;0;0;1;0;0;0;1;0;784846,5804;5829228,539;13,20078;52,53849\
192809;11;3;3040614;Pankow Zentrum;2019;3;15;3;3;5;3;0;1;1;0;0;0;0;0;797774,0077;5832965,555;13,39419;52,56508\
192810;11;4;4030726;Droysenstra\'dfe;2019;3;19;5;3;5;3;2;1;1;0;0;0;0;1;792090,9226;5825310,163;13,30386;52,49953\
192811;11;6;6010101;Fichtenberg;2019;3;8;3;3;5;3;0;1;0;0;0;0;1;0;792715,0329;5821673,533;13,30983;52,46659\
192812;11;4;4051445;Eisenzahnstra\'dfe;2019;3;21;3;3;6;2;2;1;0;1;0;0;0;0;792337,216;5824074,31;13,30639;52,48832\
192813;11;2;2050802;Boxhagener Platz;2019;3;19;3;3;5;3;2;0;1;0;0;0;1;1;802524,2252;5827271,208;13,45887;52,51142\
192814;11;11;11030619;Fennpfuhl Ost;2019;3;16;4;2;5;7;0;0;1;0;1;0;0;0;804146,4714;5829812,456;13,48503;52,5333\
192815;11;4;4041134;Bismarckallee;2019;3;19;3;3;2;6;2;0;1;0;0;0;0;1;790861,2747;5824620,665;13,28519;52,494\
192816;11;2;2010103;Moritzplatz;2019;3;19;3;3;5;2;2;1;1;0;0;0;0;0;799118,3786;5826276,424;13,40794;52,50438\
192817;11;4;4030620;Alt-Lietzow;2019;3;16;4;3;2;7;0;1;1;0;0;0;0;0;792611,259;5827365,268;13,31331;52,51767\
192818;11;7;7020203;Kaiser-Wilhelm-Platz;2019;3;18;3;3;6;2;2;0;1;1;0;0;0;1;796116,3313;5824097,043;13,3619;52,48649\
192819;11;1;1011105;N\'f6rdlicher Landwehrkanal;2019;3;18;3;3;5;3;2;1;1;0;0;0;0;1;795848,7077;5826675,736;13,36027;52,50975\
192820;11;8;8010406;Treptower Stra\'dfe Nord;2019;3;19;3;3;5;2;2;1;1;0;0;0;0;1;802025,7381;5824298,294;13,44885;52,48505\
192821;11;5;5010312;Kurstra\'dfe;2019;3;16;4;2;5;7;0;0;1;0;0;0;0;0;784826,8174;5830252,302;13,20137;52,54768\
192822;11;7;7040405;Rathaus Tempelhof;2019;3;17;3;3;5;3;2;0;1;0;0;0;0;1;799070,0521;5821704,455;13,40313;52,46343\
192823;11;7;7070705;Franziusweg/Rohrbachstra\'dfe;2019;3;18;4;3;5;2;1;1;1;0;0;0;0;0;798388,65;5813699,983;13,38599;52,39205\
192824;11;1;1022206;L\'fcneburger Stra\'dfe;2019;3;17;3;2;6;4;1;0;1;1;0;0;0;1;796203,8335;5828205,897;13,36684;52,52327\
192825;11;8;8010404;Rixdorf;2019;3;16;3;2;6;7;0;0;1;1;0;0;0;0;801713,0865;5823697,488;13,44372;52,47984\
192826;11;2;2020204;Urbanstra\'dfe;2019;3;20;4;3;0;1;2;1;1;0;0;0;0;0;798458,6781;5824735,743;13,39687;52,49094\
192827;11;9;9051701;Hirschgarten;2019;3;15;3;3;5;3;2;1;1;0;0;0;0;0;813348,9456;5821562,382;13,6125;52,45416\
192828;11;1;1011101;St\'fclerstra\'dfe;2019;3;15;3;3;3;6;0;0;1;0;1;0;0;1;794479,5559;5826092,151;13,33963;52,50526\
192829;11;6;6020302;Komponistenviertel Lankwitz;2019;3;23;4;3;6;7;2;0;1;1;0;0;0;1;794684,2267;5819217,976;13,33657;52,44352\
192830;11;4;4020310;Park Ruhwald;2019;3;10;3;3;6;3;0;0;1;1;0;0;0;1;790347,57;5827464,472;13,28012;52,51977\
192831;11;10;10020413;Gut Hellersdorf;2019;3;12;3;2;0;3;0;0;1;0;1;0;0;1;811461,8337;5830676,287;13,59334;52,53691\
192832;11;6;6040810;Dahlem;2019;3;12;3;2;5;2;0;0;1;0;0;1;0;0;791226,5729;5820636,548;13,28708;52,45809\
192833;11;4;4030931;Breitscheidplatz;2019;3;16;3;3;2;6;0;0;1;0;0;0;1;0;794095,212;5826439,412;13,33429;52,50858\
192834;11;11;11020515;Landsberger Allee;2019;3;6;3;3;6;4;1;0;0;1;1;0;0;0;803600,4629;5830227,555;13,47738;52,53732\
192835;11;1;1011402;Arkonaplatz;2019;3;6;3;3;5;2;0;1;1;0;0;0;0;0;798798,1988;5829172,914;13,40584;52,53052\
192836;11;2;2010102;Mehringplatz;2019;3;9;3;2;1;5;0;1;1;0;0;0;0;0;798037,3036;5826555,497;13,39231;52,50748\
192837;11;12;12302212;Rollbergesiedlung;2019;3;6;3;3;0;3;0;0;1;0;1;0;0;1;792791,1302;5837479,513;13,32487;52,60825\
192838;11;7;7030301;Friedenau;2019;3;19;3;3;0;2;2;0;1;0;0;0;1;0;794241,9163;5822036,98;13,33256;52,46903\
192839;11;1;1011203;Unter den Linden S\'fcd;2019;3;6;3;3;5;3;0;0;1;0;0;0;0;0;797782,9293;5827352,193;13,38929;52,51476\
192840;11;1;1022103;Westhafen;2019;3;7;3;3;3;6;0;1;0;0;0;1;0;0;795649,8481;5829746,648;13,36007;52,53738\
192841;11;3;3040513;Sch\'f6nholz;2019;3;19;3;2;5;3;2;1;1;0;0;0;0;0;797412,3571;5833971,488;13,38977;52,57429\
192842;11;3;3061332;Helmholtzplatz;2019;3;8;3;3;2;2;0;1;1;0;0;0;0;0;799927,3735;5830736,112;13,42385;52,54391\
192843;11;2;2020204;Urbanstra\'dfe;2019;3;8;3;3;5;3;0;1;1;0;0;0;0;0;799102,428;5825207,14;13,40675;52,49481\
192844;11;6;6020409;K\'f6nigsberger Stra\'dfe;2019;3;17;3;3;0;2;0;1;1;0;0;0;0;1;793122,9027;5817654,353;13,31229;52,43034\
192845;11;3;3050920;Wei\'dfer See;2019;3;19;3;3;5;3;2;0;1;0;0;0;0;0;802185,2157;5832421,244;13,45857;52,55777\
192846;11;1;1033202;Humboldthain S\'fcd;2019;3;9;3;3;6;4;0;0;1;1;0;0;0;0;797744,8473;5829711,43;13,39084;52,53593\
192847;11;1;1044203;Leopoldplatz;2019;3;5;5;3;0;6;2;0;1;0;1;0;0;1;795085,2848;5831211,714;13,35308;52,55082\
192848;11;1;1011305;Heine-Viertel West;2019;3;9;3;3;5;2;0;1;1;0;0;0;0;0;799648,6808;5827039,581;13,41642;52,51093\
192849;11;4;4020310;Park Ruhwald;2019;3;17;3;3;5;2;1;1;1;0;0;0;0;0;790373,8651;5827299,193;13,28037;52,51828\
192850;11;6;6030610;Lichterfelde West;2019;3;10;3;3;5;3;0;0;1;0;0;0;0;0;792933,5835;5817745,462;13,30959;52,43126\
192851;11;4;4030620;Alt-Lietzow;2019;3;11;3;3;5;3;0;0;1;0;0;0;0;0;791992,0613;5827500,99;13,30432;52,51922\
192852;11;5;5030730;Zitadellenweg;2019;3;16;3;3;5;3;0;1;1;0;0;0;0;0;786453,0434;5831100,42;13,22602;52,55443\
192853;11;4;4051653;Prager Platz;2019;3;11;3;3;5;2;0;1;1;0;0;0;0;0;794040,2623;5824716,526;13,33197;52,49316\
192854;11;4;4030417;Schlo\'dfstra\'dfe;2019;3;18;3;3;5;3;2;1;1;0;0;0;0;1;791493,2201;5827210,917;13,29674;52,51689\
192855;11;1;1011204;Leipziger Stra\'dfe;2019;3;16;3;3;5;7;0;0;1;0;0;0;0;0;798525,9738;5826770,855;13,39968;52,50914\
192856;11;2;2050802;Boxhagener Platz;2019;3;16;3;3;1;5;0;1;1;0;0;0;0;1;802304,3386;5827104,549;13,45549;52,51005\
192857;11;11;11030618;Fennpfuhl West;2019;3;17;3;3;5;3;0;0;1;0;0;0;0;0;802949,9153;5829190,773;13,46687;52,52839\
192858;11;2;2020202;Rathaus Yorckstra\'dfe;2019;3;16;3;2;6;4;0;0;1;1;0;0;0;0;797867,016;5825068,566;13,38848;52,49424\
192859;11;7;7040403;Manteuffelstra\'dfe;2019;3;16;3;3;5;3;0;1;1;0;0;0;0;0;797389,141;5821873,231;13,37861;52,46586\
192860;11;1;1011105;N\'f6rdlicher Landwehrkanal;2019;3;9;2;3;1;5;0;1;1;0;0;0;0;0;796736,1946;5826827,547;13,37344;52,51063\
192861;11;1;1011401;Invalidenstra\'dfe;2019;3;17;3;3;5;3;0;1;0;0;0;1;0;0;797843,4225;5829077,815;13,39172;52,53019\
192862;11;2;2020206;Graefekiez;2019;3;18;2;3;2;2;2;0;1;0;0;0;0;1;799685,1834;5824504,007;13,41467;52,48819\
192863;11;8;8010406;Treptower Stra\'dfe Nord;2019;3;18;5;3;5;3;2;1;1;0;0;0;0;1;802381,5512;5824040,972;13,45384;52,48255\
192864;11;4;4051446;Preu\'dfenpark;2019;3;16;2;3;6;4;0;0;1;1;0;0;0;0;792827,8656;5824351,434;13,31384;52,49054\
192865;11;4;4051653;Prager Platz;2019;3;16;2;3;2;6;1;0;1;0;0;0;0;1;793993,6301;5824427,361;13,33103;52,49059\
192866;11;2;2020206;Graefekiez;2019;3;16;2;3;5;3;0;1;1;0;0;0;0;0;799611,2848;5824523,634;13,4136;52,4884\
192867;11;6;6010102;Schlo\'dfstra\'dfe;2019;3;15;2;3;2;6;0;0;1;0;0;0;0;0;793619,4948;5820552,137;13,32212;52,45606\
192868;11;1;1022101;Huttenkiez;2019;3;14;2;3;5;7;0;0;1;0;1;0;0;0;793271,9817;5828544,641;13,32405;52,52789\
192869;11;5;5030730;Zitadellenweg;2019;3;14;3;3;2;6;0;0;1;0;0;0;0;0;786448,556;5830945,616;13,22582;52,55305\
192870;11;10;10010310;Alt-Marzahn;2019;3;14;2;3;5;3;0;0;1;0;0;0;0;0;807807,0029;5830769,237;13,53971;52,53982\
192871;11;6;6020410;Oberhofer Platz;2019;3;12;2;3;3;6;0;1;1;0;0;0;0;1;794242,6885;5817028,558;13,32816;52,42413\
192872;11;3;3061332;Helmholtzplatz;2019;3;11;3;3;5;7;0;1;0;0;0;0;1;0;799735,9922;5830870,747;13,42115;52,54523\
192873;11;7;7060604;Marienfelde S\'fcd;2019;3;13;2;3;5;2;0;0;1;0;0;0;1;1;795808,6524;5816024,528;13,35024;52,41429\
192874;11;6;6020408;Lichterfelde S\'fcd;2019;3;13;2;3;1;5;0;0;1;0;1;0;0;1;792834,508;5816448,972;13,307;52,41969\
192875;11;8;8010211;Flughafenstra\'dfe;2019;3;10;3;3;5;3;0;1;0;0;0;0;1;1;800440,1271;5823728,065;13,42506;52,48082\
192876;11;7;7040401;Neu-Tempelhof;2019;3;12;2;3;5;3;0;0;1;0;0;0;0;1;797105,54;5823462,511;13,37586;52,48026\
192877;11;4;4030518;Tegeler Weg;2019;3;12;2;3;5;3;0;0;1;0;0;0;0;1;791479,6966;5828283,765;13,29748;52,52651\
192878;11;1;1033102;Gesundbrunnen;2019;3;11;2;3;1;5;0;0;1;0;1;0;0;0;797571,4507;5831290,818;13,38971;52,55018\
192879;11;4;4051653;Prager Platz;2019;3;10;3;3;6;4;0;1;0;1;0;0;0;0;794137,395;5824705,94;13,33338;52,49301\
192880;11;4;4020313;K\'f6nigin-Elisabeth-Stra\'dfe;2019;3;9;2;3;2;6;0;0;1;0;0;0;0;1;790214,796;5826660,659;13,27747;52,51264\
192881;11;8;8010404;Rixdorf;2019;3;17;5;3;2;6;2;0;1;0;0;0;0;1;802603,269;5823076,336;13,45622;52,47378\
192882;11;4;4030623;Ernst-Reuter-Platz;2019;3;6;2;3;3;6;0;0;1;0;0;0;0;1;792999,8361;5826960,768;13,31866;52,51384\
192883;11;4;4030930;George-Grosz-Platz;2019;3;18;2;3;5;2;1;0;1;0;1;0;0;1;792961,1267;5825687,952;13,31697;52,50245\
192884;11;4;4051448;Schaperstra\'dfe;2019;3;9;3;3;5;2;0;0;1;0;1;0;0;0;794172,1556;5825317,13;13,33443;52,49847\
192885;11;1;1011204;Leipziger Stra\'dfe;2019;3;19;2;3;5;3;2;1;1;0;0;0;0;1;798020,6032;5826589,865;13,3921;52,50779\
192886;11;9;9020701;Adlershof West;2019;3;19;2;3;5;3;2;1;1;0;0;0;0;1;807874,7835;5818129,657;13,52903;52,4265\
192887;11;2;2020202;Rathaus Yorckstra\'dfe;2019;3;8;3;2;6;2;0;0;0;1;0;1;0;0;797945,1393;5825258,906;13,3898;52,49591\
192888;11;2;2020206;Graefekiez;2019;3;20;2;2;5;3;2;1;1;0;0;0;0;1;799561,8065;5824891,292;13,41321;52,49173\
192889;11;1;1022202;Heidestra\'dfe;2019;3;22;2;2;5;2;2;0;1;0;0;0;0;1;795665,74;5829739,276;13,3603;52,53731\
192890;11;9;9010101;Elsenstra\'dfe;2019;3;8;3;3;5;3;0;1;1;0;0;0;0;1;802121,3644;5825068,427;13,45095;52,4919\
192891;11;1;1011301;Charit\'e9viertel;2019;3;23;2;2;6;4;2;0;1;1;0;0;0;0;796859,435;5828863,782;13,37707;52,52881\
192892;11;1;1011201;Wilhelmstra\'dfe;2019;3;8;3;3;5;3;0;1;1;0;0;0;0;1;797646,8075;5826896,191;13,38688;52,51074\
192893;11;5;5010314;Carl-Schurz-Stra\'dfe;2019;3;17;2;2;6;4;1;0;1;1;0;0;0;1;784616,0214;5828841,983;13,19706;52,53515\
192894;11;9;9020702;Adlershof Ost;2019;3;8;2;3;5;3;0;0;1;0;0;0;0;0;809468,6383;5819066,285;13,55326;52,434\
192895;11;2;2020203;Viktoriapark;2019;3;0;3;3;5;3;2;0;1;0;0;0;0;1;797809,833;5824908,594;13,3875;52,49284\
192896;11;11;11030721;R\'fcdigerstra\'dfe;2019;3;17;2;2;0;1;0;1;0;0;0;0;0;1;805209,7064;5828125,408;13,4991;52,51758\
192897;11;5;5010314;Carl-Schurz-Stra\'dfe;2019;3;6;3;3;0;6;0;0;0;0;1;0;1;1;784969,3741;5829415,118;13,20275;52,5401\
192898;11;10;10040933;Mahlsdorf S\'fcd;2019;3;4;2;3;0;6;2;0;1;0;0;0;1;1;813149,0614;5826930,516;13,61461;52,50237\
192899;11;1;1044103;Westliche M\'fcllerstra\'dfe;2019;3;13;2;3;0;1;0;0;0;0;1;0;0;1;795186,3645;5831034,125;13,3544;52,54917\
192900;11;6;6030502;Zehlendorf S\'fcd;2019;3;7;3;3;5;2;0;1;1;0;0;0;0;0;790233,2817;5814957,489;13,26757;52,40771\
192901;11;12;12302110;Dannenwalder Weg;2019;3;18;1;3;5;2;1;1;1;0;0;0;0;0;794990,7913;5836323,183;13,35623;52,59669\
192902;11;8;8020619;Buschkrugallee Nord;2019;3;13;1;3;5;2;0;0;1;0;0;0;0;1;801856,445;5821906,435;13,4442;52,46371\
192903;11;4;4030827;Karl-August-Platz;2019;3;7;3;3;3;6;0;0;1;0;1;0;0;0;792344,7515;5826120,703;13,3083;52,50666\
192904;11;9;9030901;Dorf Altglienicke;2019;3;0;1;2;1;5;2;0;1;0;0;0;0;0;808008,877;5816742,563;13,52972;52,41399\
192905;11;4;4020310;Park Ruhwald;2019;3;22;1;3;4;1;2;0;1;0;0;0;1;1;790223,1405;5828157,83;13,2789;52,52606\
192906;11;1;1033203;Humboldthain Nordwest;2019;3;16;3;3;2;6;0;0;1;0;0;0;0;0;796957,3703;5831433,892;13,3808;52,5518\
192907;11;3;3061131;Falkplatz;2019;3;18;1;3;0;6;2;0;1;0;1;0;0;1;799180,0805;5830843,803;13,41296;52,54529\
192908;11;3;3030715;Heinersdorf;2019;3;8;3;3;5;2;0;1;1;0;0;0;0;1;800131,6555;5833862,363;13,42968;52,57182\
192909;11;1;1011304;Karl-Marx-Allee;2019;3;17;1;3;5;2;1;1;1;0;0;0;0;1;800051,239;5828091,307;13,42328;52,52014\
192910;11;5;5020625;Borkumer Stra\'dfe;2019;3;16;1;3;2;1;0;0;1;0;1;0;0;1;783743,6279;5828681,991;13,1841;52,53417\
192911;11;5;5020626;Adamstra\'dfe;2019;3;16;3;3;6;4;0;0;1;1;0;0;0;0;784701,7652;5827687,064;13,19733;52,52475\
192912;11;2;2010104;Wassertorplatz;2019;3;15;1;3;3;6;0;0;1;0;1;0;0;1;799860,4213;5825697,363;13,41832;52,49879\
192913;11;4;4020208;Kranzallee;2019;3;15;1;3;5;3;0;0;1;0;0;0;0;1;788805,0654;5825931,392;13,25612;52,50685\
192914;11;12;12214422;Klixstra\'dfe;2019;3;10;1;3;5;3;0;0;1;0;0;0;0;1;792091,3586;5832945,375;13,31057;52,56798\
192915;11;3;3040614;Pankow Zentrum;2019;3;8;3;3;1;5;0;1;1;0;0;0;0;1;798737,7957;5833132,832;13,40851;52,56605\