OBJECTID;LAND;BEZ;LOR;STRASSE;UJAHR;UMONAT;USTUNDE;UWOCHENTAG;UKATEGORIE;UART;UTYP1;ULICHTVERH;IstRad;IstPKW;IstFuss;IstKrad;IstGkfz;IstSonstige;USTRZUSTAND;LINREFX;LINREFY;XGCSWGS84;YGCSWGS84\
193098;11;5;5040938;Kafkastra\'dfe;2019;3;10;4;3;5;3;0;0;1;0;0;0;1;0;781104,2648;5819158,907;13,13725;52,45014\
193099;11;12;12231101;Hermsdorf;2019;3;19;5;3;5;3;2;1;1;0;0;0;0;0;792564,3013;5839437,383;13,32327;52,62592\
193100;11;4;4030620;Alt-Lietzow;2019;3;16;5;3;0;3;0;1;1;0;0;0;0;0;791864,8235;5827458,923;13,30242;52,51891\
193101;11;3;3061332;Helmholtzplatz;2019;3;7;5;3;1;5;0;1;1;0;0;0;0;1;799234,41;5831106,031;13,41399;52,54761\
193102;11;12;12214422;Klixstra\'dfe;2019;3;16;5;3;6;4;0;0;1;1;0;0;0;0;792226,2061;5833342,338;13,31291;52,57146\
193103;11;6;6040806;Fischtal;2019;3;9;4;3;5;2;0;0;1;0;1;0;0;0;788836,872;5819602,632;13,25111;52,45009\
193104;11;5;5020629;B\'f6rnicker Stra\'dfe;2019;3;16;5;2;2;6;0;0;1;0;0;0;0;0;786023,2587;5826043,251;13,21535;52,50932\
193105;11;6;6020303;Lankwitz Kirche;2019;3;9;4;3;5;2;0;0;1;0;1;0;0;0;795672,2911;5818238,429;13,35019;52,43421\
193106;11;4;4051448;Schaperstra\'dfe;2019;3;15;5;3;2;6;0;0;1;0;0;0;0;0;793843,0561;5824905,764;13,32924;52,49496\
193107;11;1;1044201;Reinickendorfer Stra\'dfe;2019;3;15;5;3;2;2;0;1;1;0;0;0;0;0;796462,016;5831926,719;13,37396;52,55648\
193108;11;1;1011302;Oranienburger Stra\'dfe;2019;3;21;4;3;2;6;2;0;1;0;1;0;0;1;797709,9934;5828784,538;13,3895;52,52764\
193109;11;3;3061126;Arnimplatz;2019;3;15;5;3;6;4;0;0;1;1;0;0;0;0;798828,0772;5831718,691;13,40857;52,55333\
193110;11;5;5020625;Borkumer Stra\'dfe;2019;3;15;5;3;5;3;0;0;1;0;0;0;0;0;784730,906;5828597,857;13,19854;52,5329\
193111;11;2;2050802;Boxhagener Platz;2019;3;17;6;3;0;3;0;1;1;0;0;0;0;0;802111,8073;5827355,078;13,45289;52,5124\
193112;11;3;3040512;Wilhelmsruh;2019;3;8;4;3;0;1;0;1;0;0;0;0;0;0;796849,83;5835817,989;13,38315;52,59115\
193113;11;4;4030931;Breitscheidplatz;2019;3;15;5;3;3;6;0;1;0;0;0;0;1;0;794365,1131;5826076,566;13,33794;52,50518\
193114;11;12;12214527;Alt-Tegel;2019;3;13;5;2;5;3;0;0;1;0;0;1;0;0;789985,7716;5834781,572;13,2812;52,58556\
193115;11;4;4051654;Wilhelmsaue;2019;3;12;5;3;5;3;0;1;1;0;0;0;0;1;793800,579;5823985,206;13,3278;52,48673\
193116;11;4;4051448;Schaperstra\'dfe;2019;3;13;5;3;2;7;0;1;1;0;0;0;0;0;793510,7364;5825408,356;13,3248;52,49965\
193117;11;7;7050503;Eisenacher Stra\'dfe;2019;3;12;6;3;2;6;0;0;1;0;0;0;0;0;798943,9801;5819534,615;13,39934;52,44405\
193118;11;6;6010209;Feuerbachstra\'dfe;2019;3;21;4;3;6;2;2;0;1;1;0;0;0;1;794752,4149;5821232,981;13,33935;52,46155\
193119;11;7;7060604;Marienfelde S\'fcd;2019;3;13;5;3;2;6;0;0;1;0;1;0;0;0;796074,1811;5815946,284;13,35406;52,41344\
193120;11;3;3040614;Pankow Zentrum;2019;3;11;5;3;5;3;0;0;1;0;0;0;0;0;798741,9117;5834923,985;13,41019;52,5821\
193121;11;8;8010301;Reuterkiez;2019;3;9;5;3;6;4;0;0;0;1;1;0;0;0;800984,7939;5824783,452;13,43401;52,48998\
193122;11;5;5030731;Gartenfelder Stra\'dfe;2019;3;14;5;3;0;1;0;0;1;0;0;0;1;0;787378,13;5829830,497;13,23853;52,54256\
193123;11;5;5030731;Gartenfelder Stra\'dfe;2019;3;8;4;3;5;2;0;0;1;0;0;0;0;0;788032,5992;5829370,155;13,24775;52,53809\
193124;11;9;9010401;Johannisthal West;2019;3;14;5;3;0;3;0;0;1;0;1;0;0;0;805816,133;5819649,282;13,50024;52,44128\
193125;11;9;9051901;Dammvorstadt;2019;3;18;4;3;3;6;2;0;1;0;1;0;0;0;809647,1694;5821484,074;13,55812;52,45556\
193126;11;5;5020521;D\'f6beritzer Weg;2019;3;14;5;3;5;3;0;1;0;0;0;0;1;0;780311,7375;5827868,741;13,13295;52,52865\
193127;11;4;4030415;Schlo\'dfgarten;2019;3;13;5;3;1;5;0;1;0;0;0;0;1;0;790871,5992;5827395,189;13,28777;52,51887\
193128;11;9;9031101;Gr\'fcnau;2019;3;17;4;3;0;5;0;1;1;0;0;0;0;0;811007,3658;5817935,386;13,57477;52,42299\
193129;11;4;4030724;Lietzensee;2019;3;13;5;2;2;6;0;1;0;0;0;1;0;0;790700,3246;5825995,321;13,28403;52,50641\
193130;11;6;6030608;Schweizer Viertel;2019;3;9;5;3;5;3;0;0;1;0;0;0;0;0;791192,479;5816013,718;13,28255;52,41667\
193131;11;4;4010101;Jungfernheide;2019;3;17;6;3;5;3;0;0;1;0;0;0;0;0;790179,5454;5829491,523;13,27942;52,53804\
193132;11;11;11051229;Rummelsburg;2019;3;6;4;3;2;6;0;1;1;0;0;0;0;0;804666,6981;5825590,576;13,48881;52,49517\
193133;11;1;1011204;Leipziger Stra\'dfe;2019;3;8;5;3;5;3;0;1;1;0;0;0;0;0;798685,129;5827093,38;13,40231;52,51194\
193134;11;7;7010102;Nollendorfplatz;2019;3;14;5;3;5;3;0;0;1;0;1;0;0;0;795419,204;5825754,49;13,35314;52,50172\
193135;11;2;2010103;Moritzplatz;2019;3;8;5;3;2;6;0;0;1;0;0;0;0;0;798993,6005;5826329,37;13,40616;52,50493\
193136;11;1;1011105;N\'f6rdlicher Landwehrkanal;2019;3;17;4;3;5;2;0;1;1;0;0;0;0;0;796569,367;5826870,404;13,37103;52,5111\
193137;11;7;7050503;Eisenacher Stra\'dfe;2019;3;7;5;3;5;3;0;1;1;0;0;0;0;0;798341,6706;5820498,241;13,39136;52,45301\
193138;11;4;4051551;Brabanter Platz;2019;3;17;4;3;2;6;0;0;1;0;0;0;0;0;792804,928;5823237,491;13,31252;52,48057\
193139;11;10;10040933;Mahlsdorf S\'fcd;2019;3;7;5;2;5;3;0;0;1;0;1;0;0;0;811982,494;5826843,854;13,59739;52,50227\
193140;11;3;3061126;Arnimplatz;2019;3;7;5;3;5;2;0;1;1;0;0;0;0;0;799208,8302;5831774,33;13,41422;52,55361\
193141;11;8;8010116;Wissmannstra\'dfe;2019;3;5;4;3;6;2;0;0;1;1;0;0;0;0;800164,9277;5823775,588;13,42106;52,48139\
193142;11;3;3020307;Buchholz;2019;3;6;5;3;5;3;1;0;1;0;0;0;0;0;799501,2353;5837472,646;13,42367;52,60453\
193143;11;1;1011203;Unter den Linden S\'fcd;2019;3;4;4;3;6;2;2;0;1;1;0;0;0;0;797828,5425;5827059,634;13,3897;52,51211\
193144;11;1;1022104;Emdener Stra\'dfe;2019;3;6;5;3;0;1;0;1;0;0;0;0;0;0;794571,7245;5828744,055;13,34334;52,52898\
193145;11;9;9031001;Bohnsdorf;2019;3;14;4;2;0;3;0;1;0;0;0;0;1;0;811057,2588;5815827,283;13,57355;52,40407\
193146;11;12;12214422;Klixstra\'dfe;2019;3;16;4;3;0;6;0;0;1;0;1;0;0;1;792114,307;5832942,979;13,31091;52,56794\
193147;11;1;1011201;Wilhelmstra\'dfe;2019;3;21;4;3;0;6;2;0;1;0;1;0;0;0;797218,5488;5827069,214;13,38074;52,51253\
193148;11;1;1033203;Humboldthain Nordwest;2019;3;8;4;3;1;5;0;1;0;0;0;0;1;0;796622,1417;5830363,486;13,37492;52,54238\
193149;11;6;6020302;Komponistenviertel Lankwitz;2019;3;14;6;3;2;6;0;0;1;0;0;0;0;0;794288,6621;5819314,413;13,33085;52,4446\
193150;11;12;12214125;Waldidyll/Flughafensee;2019;3;21;4;3;5;3;2;0;1;0;0;0;0;0;789669,7034;5833670,082;13,27558;52,57577\
193151;11;2;2050601;Hausburgviertel;2019;3;10;3;3;6;4;0;1;0;1;0;0;0;0;801909,4191;5828907,083;13,45132;52,52643\
193152;11;8;8010117;Schillerpromenade;2019;3;18;4;3;2;6;1;0;1;0;0;0;0;0;800648,0247;5823047,451;13,4275;52,4746\
193153;11;2;2050802;Boxhagener Platz;2019;3;12;3;3;5;2;0;1;0;0;0;0;1;1;802065,394;5827160,95;13,45203;52,51069\
193154;11;9;9041601;M\'fcggelheim;2019;3;18;4;3;5;3;1;1;1;0;0;0;0;0;816780,3239;5817295,627;13,65878;52,41395\
193155;11;3;3061126;Arnimplatz;2019;3;18;4;3;5;3;1;1;1;0;0;0;0;0;799245,9774;5831804,282;13,41479;52,55386\
193156;11;5;5020625;Borkumer Stra\'dfe;2019;3;7;3;3;5;2;0;1;1;0;0;0;0;0;784561,6761;5828220,439;13,19573;52,5296\
193157;11;10;10040933;Mahlsdorf S\'fcd;2019;3;17;4;3;2;1;1;0;1;0;0;0;0;0;812704,6337;5825483,593;13,60672;52,48966\
193158;11;1;1044102;Schillerpark;2019;3;17;4;3;5;2;0;1;1;0;0;0;0;0;794595,3551;5831872,834;13,34646;52,55701\
193159;11;4;4020311;Reichsstra\'dfe;2019;3;8;3;3;2;6;0;0;1;0;0;0;0;0;790158,2239;5826636,388;13,27662;52,51245\
193160;11;11;11030721;R\'fcdigerstra\'dfe;2019;3;16;4;3;2;2;0;0;1;0;0;0;0;0;803917,0038;5827989,485;13,47999;52,51709\
193161;11;11;11010205;Falkenberg West;2019;3;16;4;3;2;2;2;0;1;0;0;0;0;0;806869,3619;5832664,563;13,52768;52,55733\
193162;11;8;8020727;Buckow Mitte;2019;3;16;5;2;2;6;0;0;1;0;0;0;0;1;801490,0561;5817329,643;13,4347;52,42289\
193163;11;2;2040703;Wriezener Bahnhof/Entwicklungsgebiet;2019;3;16;4;3;3;6;0;1;0;0;0;1;0;0;801713,7421;5826170,011;13,44597;52,502\
193164;11;1;1011303;Alexanderplatzviertel;2019;3;9;4;3;5;2;0;1;1;0;0;0;0;0;798651,8553;5828140,245;13,40276;52,52135\
193165;11;12;12214424;Scharnweberstra\'dfe;2019;3;20;3;2;0;7;2;0;0;0;1;0;0;1;793370,9363;5832511,043;13,32901;52,56339\
193166;11;12;12103115;Breitkopfbecken;2019;3;22;4;2;5;2;2;0;1;0;0;0;0;0;795501,7733;5833431,344;13,36118;52,57049\
193167;11;1;1033202;Humboldthain S\'fcd;2019;3;18;4;3;9;1;2;0;0;0;0;0;1;0;796982,4088;5830155,08;13,38003;52,54032\
193168;11;1;1011402;Arkonaplatz;2019;3;10;5;3;0;7;0;1;0;0;0;0;0;1;798694,4;5830098,308;13,40515;52,53887\
193169;11;6;6020302;Komponistenviertel Lankwitz;2019;3;16;4;3;2;6;0;0;1;0;0;0;0;0;794372,2551;5819070,692;13,33186;52,44237\
193170;11;10;10010207;Marzahner Promenade;2019;3;19;3;3;5;3;2;1;1;0;0;0;0;0;808758,7083;5831399,875;13,55428;52,54493\
193171;11;1;1044101;Rehberge;2019;3;16;4;3;5;3;0;0;1;0;0;0;0;0;793775,5002;5831867,548;13,33439;52,55741\
193172;11;2;2010102;Mehringplatz;2019;3;18;3;3;1;5;1;1;0;0;0;0;1;0;798507,1582;5826513,011;13,39917;52,50684\
193173;11;2;2030302;Lausitzer Platz;2019;3;15;4;3;1;5;0;1;1;0;0;0;0;0;801300,3939;5826160,041;13,43989;52,50214\
193174;11;12;12224230;Heiligensee;2019;3;15;4;3;0;7;0;0;1;0;0;0;0;0;786992,9715;5838296,368;13,24019;52,61866\
193175;11;3;3061227;Humannplatz;2019;3;15;4;2;5;3;0;0;1;0;1;0;1;0;800111,3335;5831695,241;13,42742;52,55241\
193176;11;1;1022102;Beusselkiez;2019;3;16;3;3;5;2;0;0;1;0;0;0;0;0;793554,8319;5828921,377;13,32854;52,53112\
193177;11;2;2050601;Hausburgviertel;2019;3;12;4;3;3;6;0;1;0;0;0;0;0;0;801919,6916;5829035,002;13,45159;52,52757\
193178;11;12;12214424;Scharnweberstra\'dfe;2019;3;12;4;3;6;4;0;1;0;1;0;0;0;0;793238,6885;5832498,917;13,32706;52,56336\
193179;11;1;1011203;Unter den Linden S\'fcd;2019;3;9;6;3;0;5;0;0;1;0;0;0;0;0;798030,5709;5827091,658;13,39269;52,51229\
193180;11;5;5030832;Rohrdamm;2019;3;15;3;3;2;6;0;0;1;0;0;0;0;1;789559,4733;5829282,656;13,27013;52,53649\
193181;11;12;12214422;Klixstra\'dfe;2019;3;11;4;3;2;6;0;0;1;0;0;0;0;0;792060,0283;5832941,959;13,31011;52,56796\
193182;11;12;12231102;Frohnau;2019;3;6;4;3;5;3;0;1;1;0;0;0;0;0;790103,5147;5839983,093;13,28749;52,63213\
193183;11;8;8020727;Buckow Mitte;2019;3;8;5;3;5;3;0;0;1;0;0;0;0;1;801518,0238;5817348,931;13,43512;52,42304\
193184;11;11;11010207;Wartenberg Nord;2019;3;6;4;3;6;4;0;0;0;1;0;0;1;0;805338,9265;5834597,975;13,50695;52,57552\
193185;11;10;10020416;B\'f6hlener Stra\'dfe;2019;3;15;3;3;6;4;0;0;0;1;0;0;1;1;813194,5509;5831267,146;13,61936;52,54121\
193186;11;4;4051551;Brabanter Platz;2019;3;6;4;3;6;2;0;0;0;1;0;0;1;0;793354,8764;5823070,891;13,32045;52,47878\
193187;11;8;8010301;Reuterkiez;2019;3;18;3;3;0;6;0;0;1;0;0;0;1;0;800616,9104;5824414,871;13,42827;52,48687\
193188;11;3;3030405;Karow Nord;2019;3;7;4;3;5;3;0;1;1;0;0;0;0;0;804186,0689;5838961,078;13,494;52,61527\
193189;11;10;10020413;Gut Hellersdorf;2019;3;7;4;3;5;3;0;0;1;0;0;0;1;0;811319,9516;5831189,873;13,59173;52,54159\
193190;11;10;10010309;Springpfuhl;2019;3;17;3;2;5;3;0;0;1;0;0;0;0;1;807840,074;5829077,276;13,53863;52,52463\
193191;11;10;10010309;Springpfuhl;2019;3;7;4;3;0;7;0;0;1;0;0;0;1;0;808579,1165;5830116,792;13,55045;52,53353\
193192;11;7;7040403;Manteuffelstra\'dfe;2019;3;19;3;3;2;2;2;0;1;0;0;0;1;0;797258,2891;5820960,583;13,37588;52,45775\
193193;11;3;3061227;Humannplatz;2019;3;8;4;3;2;7;0;0;1;0;0;0;0;0;799972,4039;5831087,45;13,42483;52,54704\
193194;11;1;1011201;Wilhelmstra\'dfe;2019;3;8;4;2;5;2;0;1;0;0;0;1;0;0;797472,9448;5826794,385;13,38423;52,50993\
193195;11;4;4010103;Paul-Hertz-Siedlung;2019;3;10;4;3;3;6;0;0;1;0;0;1;0;0;791145,0297;5829114,831;13,29329;52,53414\
193196;11;12;12301204;Wittenau Nord;2019;3;15;3;3;5;3;0;1;1;0;0;0;0;0;791666,943;5835558,051;13,30663;52,59163\
193197;11;4;4030726;Droysenstra\'dfe;2019;3;11;4;2;5;3;0;1;1;0;0;0;0;0;792284,5515;5825376,637;13,30676;52,50002\
193198;11;8;8041036;Zittauer Stra\'dfe;2019;3;7;4;3;5;3;0;1;1;0;0;0;0;0;804393,3872;5815998,004;13,47605;52,40934\
193199;11;1;1033203;Humboldthain Nordwest;2019;3;23;6;3;0;1;2;1;0;0;0;0;0;0;796753,567;5830731,242;13,37718;52,54561\
193200;11;1;1011202;Unter den Linden Nord;2019;3;15;3;3;0;4;0;1;0;1;0;0;0;1;797673,9225;5827911,272;13,38819;52,51983\
193201;11;4;4030620;Alt-Lietzow;2019;3;11;4;2;0;7;0;1;0;0;0;0;0;0;791972,9208;5827382,286;13,30394;52,51817\
193202;11;1;1033203;Humboldthain Nordwest;2019;3;19;4;1;6;4;1;0;1;1;0;0;1;0;796569,7024;5829846,653;13,37369;52,53778\
193203;11;9;9020701;Adlershof West;2019;3;11;5;3;5;2;0;1;0;0;0;1;0;0;808470,0813;5819062,358;13,53862;52,43453\
193204;11;4;4030726;Droysenstra\'dfe;2019;3;13;3;3;1;5;0;1;1;0;0;0;1;0;792066,01;5825835,733;13,30395;52,50425\
193205;11;5;5020626;Adamstra\'dfe;2019;3;15;3;3;6;4;0;0;1;1;0;0;0;1;784743,3609;5827446,28;13,19774;52,52257\
193206;11;6;6010209;Feuerbachstra\'dfe;2019;3;9;3;3;5;3;0;0;1;0;1;0;0;0;794458,5651;5821330,194;13,33512;52,46258\
193207;11;6;6020303;Lankwitz Kirche;2019;3;15;3;2;1;5;0;0;1;0;1;0;0;1;795271,8455;5818360,548;13,34443;52,43552\
193208;11;8;8010510;Gewerbegebiet K\'f6llnische Heide;2019;3;8;3;2;5;3;0;0;1;0;0;0;0;0;803651,0589;5821882,03;13,47051;52,46249\
193209;11;3;3030711;Blankenburg;2019;3;7;3;3;5;2;0;1;1;0;0;0;0;0;801915,263;5836369,608;13,4582;52,59331\
193210;11;8;8010509;Schulenburgpark;2019;3;15;3;3;5;3;0;1;1;0;0;0;0;1;804053,4221;5821923,049;13,47646;52,46264\
193211;11;6;6040701;Wannsee;2019;3;18;3;2;1;5;1;1;1;0;0;0;0;0;784508,0861;5816918,154;13,1853;52,42829\
193212;11;1;1011301;Charit\'e9viertel;2019;3;19;3;3;3;6;2;0;1;0;0;0;0;0;796769,1493;5828812,499;13,37569;52,5284\
193213;11;3;3061228;Erich-Weinert-Stra\'dfe;2019;3;16;6;3;2;6;0;0;1;0;1;0;0;0;800337,5384;5831570,58;13,43063;52,55117\
193214;11;8;8010117;Schillerpromenade;2019;3;15;3;3;6;4;0;0;1;1;0;0;0;1;800511,8271;5823453,694;13,42586;52,47832\
193215;11;8;8020622;Parchimer Allee;2019;3;15;3;3;6;4;0;0;1;1;0;0;0;1;801434,7689;5820279,604;13,43655;52,44936\
193216;11;5;5010103;Amorbacher Weg;2019;3;19;3;3;5;3;2;0;1;0;0;0;0;0;784584,9932;5831089,472;13,19853;52,55531\
193217;11;11;11020513;Orankesee;2019;3;23;3;3;5;2;2;0;1;0;0;0;1;0;802896,9356;5831227,324;13,46795;52,54667\
193218;11;7;7010102;Nollendorfplatz;2019;3;16;6;3;0;2;0;0;1;0;1;0;0;0;795206,5449;5825600,281;13,34988;52,50045\
193219;11;1;1011102;Gro\'dfer Tiergarten;2019;3;15;3;3;5;3;0;0;1;0;0;0;0;1;795188,661;5827210,532;13,35104;52,5149\
193220;11;7;7050503;Eisenacher Stra\'dfe;2019;3;17;3;2;0;1;0;1;0;0;0;0;0;0;798698,6943;5819666,822;13,39586;52,44537\
193221;11;8;8010301;Reuterkiez;2019;3;20;5;3;1;5;2;1;1;0;0;0;0;1;800713,5673;5824367,012;13,42965;52,48639\
193222;11;1;1044102;Schillerpark;2019;3;11;3;3;1;5;0;0;1;0;0;1;0;0;794779,4101;5831849,454;13,34914;52,5567\
193223;11;2;2040502;Friedenstra\'dfe;2019;3;15;3;3;2;6;0;0;1;0;0;0;0;1;800463,8662;5828447,579;13,42967;52,52311\
193224;11;4;4030929;Hindemithplatz;2019;3;11;3;2;0;5;0;0;1;0;1;0;0;0;792720,6639;5825934,638;13,31365;52,50479\
193225;11;12;12302109;Treuenbrietzener Stra\'dfe;2019;3;15;3;3;5;3;0;0;1;0;0;0;0;1;795733,6904;5837042,609;13,36781;52,60274\
193226;11;7;7050503;Eisenacher Stra\'dfe;2019;3;11;3;2;3;6;0;0;0;0;1;0;1;0;799204,4594;5820009,838;13,40358;52,44817\
193227;11;2;2020204;Urbanstra\'dfe;2019;3;9;3;3;0;2;0;1;0;0;0;0;1;0;798294,7225;5824811,482;13,39453;52,4917\
193228;11;1;1011302;Oranienburger Stra\'dfe;2019;3;15;3;3;3;6;0;1;0;0;0;0;1;1;798973,2369;5828493,056;13,4078;52,52433\
193229;11;1;1044101;Rehberge;2019;3;9;3;3;6;4;0;0;1;1;0;0;0;0;793889,3927;5830065,901;13,33447;52,5412\
193230;11;5;5020627;Tiefwerder;2019;3;7;3;3;6;2;0;0;0;1;0;1;0;0;785933,5814;5827990,236;13,2157;52,52682\
193231;11;7;7010102;Nollendorfplatz;2019;3;14;6;3;5;2;0;0;1;0;0;0;0;0;794951,6046;5825651,056;13,34618;52,50105\
193232;11;6;6010209;Feuerbachstra\'dfe;2019;3;7;3;3;1;5;0;1;1;0;0;0;0;1;794485,3376;5821467,248;13,33563;52,46379\
193233;11;6;6020409;K\'f6nigsberger Stra\'dfe;2019;3;9;3;3;0;5;0;0;1;0;0;0;1;0;793969,8681;5817489,275;13,32457;52,42841\
193234;11;2;2050803;Stralauer Kiez;2019;3;17;3;3;3;2;0;0;1;0;1;0;0;0;803061,3159;5825880,527;13,4655;52,49866\
193235;11;1;1011303;Alexanderplatzviertel;2019;3;19;3;3;6;4;2;1;0;1;0;0;0;0;799103,004;5828954,842;13,41012;52,5284\
193236;11;2;2030302;Lausitzer Platz;2019;3;17;3;2;6;4;1;0;1;1;0;0;0;0;800357,4339;5826061,977;13,42595;52,50178\
193237;11;8;8010301;Reuterkiez;2019;3;16;3;3;5;2;0;0;1;0;0;0;0;0;800759,3071;5824342,291;13,4303;52,48615\
193238;11;5;5020626;Adamstra\'dfe;2019;3;15;3;3;0;4;0;0;0;1;0;0;1;0;784763,7764;5827180,85;13,19781;52,52017\
193239;11;7;7040401;Neu-Tempelhof;2019;3;13;3;3;1;7;0;1;0;0;0;0;1;0;797631,6798;5823907,627;13,38399;52,48396\
193240;11;3;3020209;Niedersch\'f6nhausen;2019;3;14;3;3;5;2;0;1;0;0;0;0;0;0;798041,6415;5834786,003;13,39976;52,58125\
193241;11;5;5010313;Ackerstra\'dfe;2019;3;13;3;3;6;4;0;0;1;1;0;0;0;0;784578,5718;5830320,116;13,19778;52,54842\
193242;11;2;2050801;Traveplatz;2019;3;21;3;3;5;2;2;1;1;0;0;0;0;0;803552,5218;5827193,532;13,47391;52,51016\
193243;11;8;8010303;Donaustra\'dfe;2019;3;13;3;3;6;2;0;0;1;1;0;0;0;0;801029,35;5823875,612;13,43384;52,48181\
193244;11;4;4010101;Jungfernheide;2019;3;23;3;3;3;6;2;0;1;0;0;0;1;1;791288,723;5830682,824;13,29678;52,54812\
193245;11;1;1011303;Alexanderplatzviertel;2019;3;15;3;3;2;6;0;0;1;0;0;0;0;1;799171,8904;5828976,076;13,41115;52,52855\
193246;11;8;8010118;Silbersteinstra\'dfe;2019;3;12;3;3;3;6;0;0;1;0;1;0;1;1;800764,3403;5822750,985;13,42894;52,47188\
193247;11;10;10010206;Ringkolonnaden;2019;3;15;2;3;2;6;0;0;1;0;0;0;0;1;808519,6937;5832441,41;13,55174;52,5544\
193248;11;4;4030415;Schlo\'dfgarten;2019;3;21;5;3;6;2;2;0;1;1;0;0;0;1;790804,6093;5827384,504;13,28677;52,51881\
193249;11;1;1011401;Invalidenstra\'dfe;2019;3;15;2;3;1;5;0;1;1;0;0;0;0;1;797176,8422;5829570,542;13,38236;52,53497\
193250;11;2;2010101;Askanischer Platz;2019;3;6;3;3;5;2;0;1;1;0;0;0;0;0;797744,2439;5826093,69;13,38759;52,5035\
193251;11;8;8020625;Handwerker-Siedlung;2019;3;14;2;3;2;6;0;0;1;0;0;0;0;1;801493,5084;5819225,629;13,43646;52,43988\
193252;11;9;9030903;K\'f6lner Viertel;2019;3;7;3;3;5;3;0;1;1;0;0;0;0;0;808595,6418;5815755,434;13,53741;52,40482\
193253;11;7;7050502;Fritz-Werner-Stra\'dfe;2019;3;15;2;3;2;6;0;0;1;0;0;0;0;0;797864,1275;5818822,81;13,38286;52,43826\
193254;11;7;7020204;Sch\'f6neberger Insel;2019;3;15;2;3;0;2;0;0;1;0;1;0;0;1;796048,4184;5823345,958;13,36024;52,47979\
193255;11;2;2020203;Viktoriapark;2019;3;15;2;3;5;2;0;1;1;0;0;0;0;0;797502,641;5824015,216;13,38219;52,485\
193256;11;5;5030731;Gartenfelder Stra\'dfe;2019;3;16;2;3;2;1;0;0;1;0;0;0;0;0;787112,9255;5829378,47;13,23424;52,53865\
193257;11;1;1011302;Oranienburger Stra\'dfe;2019;3;17;2;2;5;3;1;1;0;0;0;0;0;1;797913,2258;5828331,135;13,39208;52,52346\
193258;11;8;8010301;Reuterkiez;2019;3;13;6;3;2;2;0;1;1;0;0;0;0;0;801716,173;5824254,348;13,44427;52,48483\
193259;11;1;1011303;Alexanderplatzviertel;2019;3;8;3;3;5;3;0;0;1;0;1;0;0;0;799169,881;5827795,653;13,41006;52,51797\
193260;11;1;1022204;Thomasiusstra\'dfe;2019;3;18;2;3;5;7;1;0;1;0;0;0;0;1;794839,5041;5828303,352;13,34688;52,52488\
193261;11;7;7030303;Grazer Platz;2019;3;18;2;3;6;2;1;0;1;1;0;0;0;1;795229,5159;5822263,592;13,34726;52,47053\
193262;11;3;3050923;Wei\'dfenseer Spitze;2019;3;8;3;3;5;3;0;1;1;0;0;0;0;0;800420,4385;5832299,261;13,43251;52,55765\
193263;11;2;2030302;Lausitzer Platz;2019;3;18;2;3;6;4;1;0;0;1;1;0;0;1;800447,8684;5825898,905;13,42713;52,50027\
193264;11;11;11040925;Victoriastadt;2019;3;18;2;3;5;3;1;1;0;0;0;0;1;1;803619,017;5826582,501;13,47433;52,50464\
193265;11;12;12224229;Konradsh\'f6he/Tegelort;2019;3;9;3;3;1;5;0;1;1;0;0;0;0;0;786169,7596;5834304,579;13,22462;52,58331\
193266;11;5;5010310;Eckschanze;2019;3;18;2;2;6;4;1;0;1;1;0;0;0;1;784776,0394;5830375,875;13,20073;52,54882\
193267;11;7;7060604;Marienfelde S\'fcd;2019;3;20;2;3;5;2;2;1;1;0;0;0;0;1;796566,3081;5815869,989;13,36121;52,41249\
193268;11;6;6040807;Zehlendorf Eiche;2019;3;12;5;2;1;5;0;0;1;0;0;0;1;1;789706,856;5818413,4;13,26284;52,43897\
193269;11;2;2020206;Graefekiez;2019;3;20;2;3;5;7;2;0;1;0;0;0;0;1;800155,1275;5825054,002;13,42207;52,49286\
193270;11;2;2030402;Wrangelkiez;2019;3;9;3;3;5;3;0;1;1;0;0;0;0;0;801895,8754;5825670,013;13,44819;52,49742\
193271;11;9;9051901;Dammvorstadt;2019;3;20;2;3;6;4;2;0;1;1;0;0;0;1;811395,6628;5821164,189;13,58347;52,4517\
193272;11;9;9020702;Adlershof Ost;2019;3;14;3;3;5;2;0;1;1;0;0;0;0;0;809516,3314;5818774,6;13,55369;52,43136\
193273;11;1;1033102;Gesundbrunnen;2019;3;22;2;3;5;2;2;1;1;0;0;0;0;1;797161,6073;5831879,126;13,38421;52,55568\
193274;11;6;6040810;Dahlem;2019;3;9;2;3;0;6;0;1;1;0;0;0;0;0;791996,3412;5821478,858;13,29911;52,46523\
193275;11;6;6030504;Teltower Damm;2019;3;14;3;3;5;2;0;1;1;0;0;0;0;1;790598,4663;5815205,987;13,27314;52,40974\
193276;11;3;3010101;Bucher Forst;2019;3;15;2;3;5;3;0;0;1;0;0;0;0;1;803343,8236;5842648,203;13,48498;52,64879\
193277;11;12;12302107;Schorfheidestra\'dfe;2019;3;15;2;3;0;1;0;0;0;0;1;0;0;1;793734,7127;5836145,283;13,33758;52,59578\
193278;11;5;5020626;Adamstra\'dfe;2019;3;22;6;2;6;2;2;0;1;1;0;0;0;0;784548,2518;5828157,089;13,19548;52,52904\
193279;11;2;2040701;Andreasviertel;2019;3;9;3;3;2;6;0;0;1;0;0;0;0;1;800206,2487;5827467,181;13,42499;52,51446\