OBJECTID;LAND;BEZ;LOR;STRASSE;UJAHR;UMONAT;USTUNDE;UWOCHENTAG;UKATEGORIE;UART;UTYP1;ULICHTVERH;IstRad;IstPKW;IstFuss;IstKrad;IstGkfz;IstSonstige;USTRZUSTAND;LINREFX;LINREFY;XGCSWGS84;YGCSWGS84\
193280;11;8;8010214;Glasower Stra\'dfe;2019;3;14;2;3;0;3;0;1;1;0;0;0;0;1;801804,2647;5821957,6;13,44348;52,46419\
193281;11;4;4030518;Tegeler Weg;2019;3;14;5;2;6;4;0;0;1;1;0;0;0;1;791568,8464;5828014,577;13,29856;52,52405\
193282;11;8;8041037;Alt-Rudow;2019;3;14;2;3;2;6;0;0;1;0;0;0;0;1;805551,7745;5818558,138;13,49536;52,43164\
193283;11;11;11030720;Herzbergstra\'dfe;2019;3;10;3;3;5;3;0;0;1;0;0;0;0;0;804678,321;5828701,204;13,49182;52,52304\
193284;11;1;1011306;Heine-Viertel Ost;2019;3;13;2;3;6;2;0;0;0;1;0;0;1;0;799985,7015;5826927,415;13,42127;52,50974\
193285;11;7;7010101;Wittenbergplatz/Viktoria-Luise-Platz;2019;3;10;3;3;6;7;0;0;1;1;0;0;0;0;794915,0567;5825407,358;13,34542;52,49888\
193286;11;10;10030724;Oberfeldstra\'dfe;2019;3;12;2;3;2;6;0;0;1;0;0;0;0;0;809635,8784;5829710,297;13,5656;52,52929\
193287;11;8;8020622;Parchimer Allee;2019;3;9;5;2;1;5;0;0;1;0;1;0;0;1;801495,8468;5820441,985;13,43759;52,45078\
193288;11;4;4030623;Ernst-Reuter-Platz;2019;3;12;2;3;6;2;0;0;1;1;0;0;0;0;793503,2255;5826470,505;13,32562;52,50917\
193289;11;2;2020206;Graefekiez;2019;3;14;3;3;2;2;0;0;1;0;0;0;0;1;799079,4598;5824615,105;13,40588;52,48951\
193290;11;3;3030715;Heinersdorf;2019;3;11;2;3;5;2;0;0;1;0;0;0;0;0;800122,7423;5833866,284;13,42955;52,57186\
193291;11;9;9052001;K\'f6penick Nord;2019;3;10;3;3;6;4;0;0;1;1;0;0;0;0;811342,3639;5822448,626;13,58389;52,46324\
193292;11;10;10040932;Alt-Mahlsdorf;2019;3;11;2;3;5;3;0;1;1;0;0;0;0;0;813439,4104;5828065,705;13,61994;52,51238\
193293;11;2;2020202;Rathaus Yorckstra\'dfe;2019;3;7;2;3;3;6;0;0;1;0;0;1;0;0;797881,9313;5825062,514;13,38869;52,49418\
193294;11;1;1022104;Emdener Stra\'dfe;2019;3;10;3;2;2;7;0;0;1;0;0;0;0;0;794303,1318;5828483,01;13,33916;52,52678\
193295;11;7;7070704;Nahariyastra\'dfe;2019;3;7;2;2;6;4;0;0;1;1;0;0;0;0;800886,1873;5814178,714;13,42301;52,39498\
193296;11;11;11051330;Karlshorst West;2019;3;8;2;3;1;5;0;1;1;0;0;0;0;0;806610,9331;5825145,705;13,51695;52,49009\
193297;11;2;2030402;Wrangelkiez;2019;3;13;6;2;5;3;0;1;1;0;0;0;0;0;801874,7765;5825713,125;13,44792;52,49782\
193298;11;1;1011104;K\'f6rnerstra\'dfe;2019;3;14;3;3;6;4;0;0;1;1;0;0;0;1;796352,9474;5826134,047;13,36719;52,50462\
193299;11;6;6030503;Zehlendorf Mitte;2019;3;9;2;2;5;3;0;0;1;0;0;0;1;0;788362,9946;5817767,573;13,24257;52,43389\
193300;11;3;3061126;Arnimplatz;2019;3;15;5;3;6;4;0;0;1;1;0;0;0;1;799084,6752;5832199,511;13,41278;52,55749\
193301;11;6;6020304;Kaiser-Wilhelm-Stra\'dfe;2019;3;10;2;3;0;1;0;1;0;0;0;0;0;0;794859,5309;5817943,433;13,33801;52,432\
193302;11;12;12214125;Waldidyll/Flughafensee;2019;3;13;3;3;1;5;0;0;1;0;0;0;0;1;791342,6392;5833160,638;13,29975;52,57031\
193303;11;2;2020206;Graefekiez;2019;3;8;2;3;0;1;0;0;0;0;0;0;1;1;799067,5283;5824625,215;13,40571;52,48961\
193304;11;12;12103218;Teichstra\'dfe;2019;3;10;3;3;2;6;0;0;1;0;0;0;0;1;794846,623;5833748,013;13,35182;52,57369\
193305;11;2;2040502;Friedenstra\'dfe;2019;3;19;1;3;5;7;2;0;1;0;0;0;0;0;800724,89;5827968,454;13,43307;52,51867\
193306;11;8;8010301;Reuterkiez;2019;3;19;1;3;2;6;2;0;1;0;0;0;0;1;801137,7538;5824126,159;13,43566;52,484\
193307;11;9;9010401;Johannisthal West;2019;3;12;3;3;0;4;0;0;1;1;0;0;0;0;805792,0064;5820334,51;13,50051;52,44743\
193308;11;6;6010209;Feuerbachstra\'dfe;2019;3;18;1;3;5;3;2;0;1;0;0;0;0;1;794642,0769;5821087,913;13,3376;52,46031\
193309;11;12;12103116;Hausotterplatz;2019;3;15;1;2;5;3;0;0;1;0;1;0;0;0;796281,5022;5833224,058;13,37246;52,56821\
193310;11;12;12214422;Klixstra\'dfe;2019;3;11;1;3;2;6;0;0;1;0;0;0;0;0;792116,6905;5833097,534;13,31108;52,56933\
193311;11;12;12304313;Borsigwalde;2019;3;13;3;3;5;3;0;0;1;0;0;0;0;1;791440,5252;5834734,935;13,30257;52,58437\
193312;11;11;11040926;Weitlingstra\'dfe;2019;3;10;1;3;1;1;0;0;1;0;0;0;1;0;805232,9283;5826380,06;13,49784;52,50193\
193313;11;1;1011302;Oranienburger Stra\'dfe;2019;3;11;1;3;2;6;0;0;1;0;0;0;0;0;798857,927;5829030,984;13,40659;52,52922\
193314;11;4;4020312;Branitzer Platz;2019;3;14;6;3;0;4;0;1;0;1;0;0;0;0;789071,798;5827015,865;13,26099;52,51643\
193315;11;2;2010103;Moritzplatz;2019;3;12;1;3;5;3;0;0;1;0;0;0;0;0;799602,155;5825833,764;13,41465;52,50015\
193316;11;1;1033203;Humboldthain Nordwest;2019;3;13;3;3;0;7;0;0;0;0;1;0;0;1;795880,6404;5830598,592;13,36423;52,54489\
193317;11;5;5010206;G\'fctersloher Weg;2019;3;14;1;3;5;2;0;0;1;0;0;0;0;1;782364,715;5830494,274;13,16536;52,55113\
193318;11;1;1044202;Sparrplatz;2019;3;14;1;3;5;7;0;0;1;0;0;0;0;1;795108,5656;5830354,026;13,35266;52,54312\
193319;11;3;3020209;Niedersch\'f6nhausen;2019;3;17;1;3;9;1;1;0;1;0;0;0;0;1;797279,8919;5835397,354;13,3891;52,58715\
193320;11;4;4030930;George-Grosz-Platz;2019;3;12;3;3;2;6;0;0;1;0;0;0;0;1;792937,4194;5825532,386;13,31649;52,50107\
193321;11;9;9051901;Dammvorstadt;2019;3;19;1;3;2;6;2;0;1;0;0;0;0;1;810755,659;5821230,344;13,57415;52,45266\
193322;11;11;11040926;Weitlingstra\'dfe;2019;3;12;2;3;0;3;0;0;0;0;0;0;1;0;804786,1684;5826286,232;13,4912;52,50134\
193323;11;10;10010310;Alt-Marzahn;2019;3;20;1;2;5;2;2;1;1;0;0;0;0;1;809635,794;5830391,691;13,56624;52,5354\
193324;11;1;1011301;Charit\'e9viertel;2019;3;21;1;3;2;6;2;0;1;0;0;0;0;1;797615,3557;5828329,399;13,3877;52,52361\
193325;11;12;12301203;Wittenau S\'fcd;2019;3;7;2;2;6;4;0;0;1;1;0;0;0;1;793557,9123;5835435,04;13,33435;52,58951\
193326;11;3;3061227;Humannplatz;2019;3;10;1;3;1;5;0;0;1;0;0;0;0;0;799949,3521;5831431,666;13,4248;52,55014\
193327;11;3;3061227;Humannplatz;2019;3;9;1;3;5;3;0;0;1;0;0;0;1;0;799842,9095;5831532,503;13,42332;52,5511\
193328;11;1;1011204;Leipziger Stra\'dfe;2019;3;21;5;3;5;3;2;0;1;0;0;0;0;1;798862,1052;5826770,913;13,40462;52,50896\
193329;11;11;11020514;Gro\'dfe-Leege-Stra\'dfe;2019;3;8;1;3;5;3;0;0;1;0;1;0;0;0;804682,6026;5830739,678;13,49376;52,54131\
193330;11;5;5020417;Staakener Stra\'dfe;2019;3;6;2;3;5;3;0;0;1;0;0;1;0;1;782460,0271;5828519,059;13,16509;52,53337\
193331;11;11;11020515;Landsberger Allee;2019;3;17;7;3;5;3;2;0;1;0;1;0;0;1;805041,3408;5830416,583;13,49873;52,53821\
193332;11;2;2050801;Traveplatz;2019;3;4;2;2;0;1;2;1;0;0;0;0;0;0;803108,3288;5827107,481;13,4673;52,50963\
193333;11;1;1011301;Charit\'e9viertel;2019;3;18;7;2;1;5;2;1;1;0;0;0;0;1;797610,5583;5828361,173;13,38766;52,5239\
193334;11;7;7070705;Franziusweg/Rohrbachstra\'dfe;2019;3;12;7;2;1;5;0;1;1;0;0;0;0;1;798656,4172;5813639,883;13,38986;52,39137\
193335;11;11;11041128;Sewanstra\'dfe;2019;3;16;5;3;2;6;0;0;1;0;0;0;0;1;805905,2116;5825953,036;13,50733;52,49772\
193336;11;7;7020201;Bayerischer Platz;2019;3;13;7;3;1;5;0;0;1;0;0;0;0;1;794563,4851;5824262,954;13,33925;52,48881\
193337;11;6;6010208;Bergstra\'dfe;2019;3;0;2;2;5;7;2;0;1;0;0;0;0;0;794339,5453;5820571,87;13,3327;52,45584\
193338;11;7;7010102;Nollendorfplatz;2019;3;14;7;3;2;6;0;0;1;0;0;0;0;1;795897,0686;5824963,269;13,35945;52,49437\
193339;11;2;2030302;Lausitzer Platz;2019;3;16;2;3;2;6;0;1;0;0;0;0;0;0;801646,5713;5826073,509;13,44489;52,50117\
193340;11;1;1011204;Leipziger Stra\'dfe;2019;3;15;7;3;2;6;0;0;1;0;0;0;0;1;798883,3482;5827365,878;13,40547;52,51428\
193341;11;7;2020205;Chamissokiez;2019;3;18;7;3;2;6;1;0;1;0;0;0;0;1;798336,1916;5823980,052;13,3944;52,48423\
193342;11;6;6040807;Zehlendorf Eiche;2019;3;17;2;3;6;4;0;0;1;1;0;0;0;0;790173,1358;5818917,086;13,27012;52,44324\
193343;11;8;8010404;Rixdorf;2019;3;18;7;3;6;4;1;0;1;1;0;0;0;1;802571,4662;5823064,479;13,45574;52,47369\
193344;11;6;6020303;Lankwitz Kirche;2019;3;18;7;3;6;2;1;0;1;1;0;0;0;1;795909,969;5818720,015;13,35411;52,4384\
193345;11;4;4030931;Breitscheidplatz;2019;3;9;6;3;1;5;0;1;1;0;0;0;0;0;794384,5795;5825699,322;13,33789;52,50179\
193346;11;9;9030902;Wohngebiet II;2019;3;9;2;3;5;3;0;0;1;0;0;0;1;1;808172,3789;5815763,921;13,53122;52,40513\
193347;11;7;7010102;Nollendorfplatz;2019;3;18;7;3;6;2;1;0;1;1;0;0;0;1;794979,1224;5825230,728;13,34621;52,49726\
193348;11;1;1011201;Wilhelmstra\'dfe;2019;3;18;7;3;0;3;1;0;1;0;0;0;1;1;796945,022;5826780,999;13,37647;52,51009\
193349;11;11;11030721;R\'fcdigerstra\'dfe;2019;3;7;5;3;6;4;0;0;1;1;0;0;0;1;805207,726;5828190,635;13,49913;52,51817\
193350;11;7;7020204;Sch\'f6neberger Insel;2019;3;19;7;3;6;4;1;0;1;1;0;0;0;1;796345,8317;5822963,64;13,36427;52,4762\
193351;11;7;7060604;Marienfelde S\'fcd;2019;3;11;2;3;5;2;0;0;1;0;0;0;0;0;797601,4622;5815557,194;13,3761;52,40913\
193352;11;10;10010102;Havemannstra\'dfe;2019;3;19;7;3;6;2;2;0;1;1;0;0;0;1;809783,5604;5834072,849;13,57184;52,5683\
193353;11;1;1022206;L\'fcneburger Stra\'dfe;2019;3;11;2;3;2;6;0;0;1;0;0;0;0;1;796527,1046;5828671,573;13,37201;52,52727\
193354;11;1;1044103;Westliche M\'fcllerstra\'dfe;2019;3;20;7;3;2;6;2;0;1;0;0;0;0;1;794885,5195;5831065,063;13,35001;52,54961\
193355;11;11;11010205;Falkenberg West;2019;3;20;7;3;5;2;2;0;1;0;0;0;0;1;805964,6703;5833685,583;13,51532;52,56699\
193356;11;11;11020515;Landsberger Allee;2019;3;12;2;3;0;6;0;0;1;0;1;0;0;1;803399,7437;5830004,106;13,47423;52,53543\
193357;11;1;1033101;Soldiner Stra\'dfe;2019;3;20;7;2;1;5;2;0;1;0;0;1;0;1;797272,8649;5833186,517;13,38701;52,56733\
193358;11;7;7040401;Neu-Tempelhof;2019;3;21;7;3;6;7;2;1;0;1;0;0;0;1;798703,7066;5823950,383;13,39976;52,48376\
193359;11;4;4030929;Hindemithplatz;2019;3;17;6;3;2;6;2;0;1;0;0;0;0;0;792715,6143;5825785,787;13,31345;52,50346\
193360;11;1;1033202;Humboldthain S\'fcd;2019;3;21;7;3;6;4;2;0;1;1;0;0;0;1;797738,8871;5829704,41;13,39075;52,53587\
193361;11;4;4041342;Schlangenbader Stra\'dfe;2019;3;10;7;3;5;2;0;0;1;0;0;0;0;0;792526,692;5822912,069;13,30815;52,4778\
193362;11;1;1011301;Charit\'e9viertel;2019;3;12;2;3;1;5;0;1;1;0;0;0;0;0;797598,454;5828437,201;13,38755;52,52458\
193363;11;11;11051229;Rummelsburg;2019;3;10;7;2;6;4;0;0;1;1;0;0;0;0;803810,6689;5826178,406;13,47677;52,50091\
193364;11;7;7020204;Sch\'f6neberger Insel;2019;3;6;7;2;1;1;1;0;1;0;0;0;1;0;796097,2418;5823928,615;13,36147;52,48499\
193365;11;8;8010118;Silbersteinstra\'dfe;2019;3;18;6;3;5;3;0;0;1;0;0;0;0;0;801114,9198;5821902,753;13,43332;52,46408\
193366;11;1;1033203;Humboldthain Nordwest;2019;3;13;2;3;1;5;0;0;1;0;0;0;0;1;796478,8546;5830108,06;13,37258;52,54017\
193367;11;3;3040818;Pankow S\'fcd;2019;3;17;6;3;6;4;1;0;1;1;0;0;0;1;799525,3578;5833155,082;13,42012;52,56582\
193368;11;1;1011306;Heine-Viertel Ost;2019;3;9;6;3;1;5;0;1;1;0;0;0;0;1;800065,2522;5826647,181;13,42218;52,50719\
193369;11;2;2040701;Andreasviertel;2019;3;10;5;3;5;2;0;1;1;0;0;0;0;1;800718,0131;5827873,272;13,43288;52,51782\
193370;11;11;11020515;Landsberger Allee;2019;3;21;6;2;0;7;2;1;0;0;0;0;0;1;803342,1793;5830064,206;13,47343;52,536\
193371;11;5;5010101;Hakenfelde Nord;2019;3;15;2;3;6;2;0;0;1;1;0;0;0;0;785242,9911;5832253,088;13,20921;52,5654\
193372;11;7;7030303;Grazer Platz;2019;3;18;6;3;5;2;1;1;1;0;0;0;0;1;794985,5787;5822319,453;13,34373;52,47116\
193373;11;9;9020801;Spindlersfeld;2019;3;15;2;3;2;6;0;0;1;0;0;0;0;1;809728,9225;5820798,599;13,55869;52,44937\
193374;11;4;4030725;Amtsgerichtsplatz;2019;3;23;6;3;2;6;2;0;1;0;0;0;0;0;791299,1141;5826072,998;13,29289;52,50679\
193375;11;1;1011203;Unter den Linden S\'fcd;2019;3;20;6;2;6;2;2;0;1;1;0;0;0;1;797912,9562;5827374,924;13,39122;52,51489\
193376;11;8;8030829;Gropiusstadt Nord;2019;3;16;2;3;0;6;0;0;1;0;1;0;0;1;802702,0267;5818355,836;13,45339;52,43142\
193377;11;2;2030302;Lausitzer Platz;2019;3;21;6;3;5;3;2;1;1;0;0;0;0;0;800404,8964;5825792,815;13,4264;52,49934\
193378;11;11;11051331;Karlshorst Nord;2019;3;18;6;3;5;7;1;0;1;0;0;0;1;1;807364,2702;5825164,526;13,52802;52,48984\
193379;11;7;7070703;John-Locke-Stra\'dfe;2019;3;16;6;3;0;3;0;1;0;0;0;0;1;0;799980,3808;5813236,745;13,4089;52,38703\
193380;11;11;11020412;Hauptstra\'dfe;2019;3;16;2;3;2;6;0;0;1;0;0;0;0;0;805020,5262;5831474,584;13,4994;52,5477\
193381;11;3;3050923;Wei\'dfenseer Spitze;2019;3;16;6;3;2;6;1;0;1;0;1;0;0;1;800735,7457;5831799,798;13,43669;52,553\
193382;11;8;8010302;Bouch\'e9stra\'dfe;2019;3;15;6;3;5;3;0;1;1;0;0;0;0;1;801743,5588;5824293,78;13,44471;52,48517\
193383;11;12;12224230;Heiligensee;2019;3;17;2;3;6;7;0;0;1;1;0;0;0;0;786407,7139;5837735,591;13,23109;52,61394\
193384;11;12;12214423;Mellerbogen;2019;3;15;6;3;2;6;0;0;1;0;0;0;0;1;792461,9549;5833301,191;13,31634;52,57097\
193385;11;2;2010103;Moritzplatz;2019;3;15;6;3;1;5;0;1;1;0;0;0;0;1;799662,7346;5825809,464;13,41552;52,4999\
193386;11;7;7010104;Dennewitzplatz;2019;3;20;5;3;2;6;2;0;1;0;0;0;0;1;796273,9481;5824924,293;13,36495;52,49382\
193387;11;1;1011301;Charit\'e9viertel;2019;3;16;6;3;0;1;0;0;0;0;1;0;0;1;797314,0443;5829013,434;13,38388;52,5299\
193388;11;2;2020204;Urbanstra\'dfe;2019;3;17;2;2;5;2;0;1;1;0;0;0;0;0;798706,946;5824706,785;13,40049;52,49054\
193389;11;4;4020310;Park Ruhwald;2019;3;1;6;2;9;1;2;0;1;0;0;0;0;1;790223,3292;5828157,307;13,2789;52,52605\
193390;11;3;3061430;Volkspark Prenzlauer Berg;2019;3;16;2;3;2;6;0;0;1;0;0;0;0;0;802542,1969;5829336,977;13,46101;52,52993\
193391;11;1;1011303;Alexanderplatzviertel;2019;3;1;6;2;5;2;2;1;1;0;0;0;0;1;799235,8031;5828467,756;13,41164;52,52396\
193392;11;9;9020702;Adlershof Ost;2019;3;6;6;2;5;3;1;1;1;0;0;0;0;1;809466,6848;5819054,922;13,55323;52,4339\
193393;11;12;12214527;Alt-Tegel;2019;3;13;2;2;0;4;0;0;0;1;0;0;1;1;790066,563;5835340,156;13,28288;52,59053\
193394;11;3;3010102;Buch;2019;3;9;6;3;0;1;0;0;0;0;1;0;0;1;805196,5748;5841110,637;13,51086;52,63397\
193395;11;4;4030623;Ernst-Reuter-Platz;2019;3;9;6;3;5;2;0;1;1;0;0;0;0;0;792918,575;5826769,19;13,3173;52,51217\
193396;11;4;4030623;Ernst-Reuter-Platz;2019;3;14;6;3;3;6;0;0;1;0;0;0;1;0;793664,889;5826369,838;13,32791;52,50818\
193397;11;1;1011303;Alexanderplatzviertel;2019;3;15;6;2;0;1;0;0;0;0;1;0;0;1;799622,7204;5827581,517;13,41652;52,51581\
193398;11;5;5020628;Graetschelsteig;2019;3;11;2;3;5;2;0;0;1;0;0;0;0;1;783993,5385;5826853,358;13,18621;52,51764\
193399;11;11;11020412;Hauptstra\'dfe;2019;3;14;6;3;5;2;0;1;1;0;0;0;0;0;805724,6992;5831360,256;13,50964;52,54629\
193400;11;2;2030301;Oranienplatz;2019;4;15;5;3;6;4;0;0;1;1;0;0;0;0;799863,5622;5825853,946;13,41851;52,50019\
193401;11;4;4010102;Pl\'f6tzensee;2019;4;20;4;3;2;6;2;0;1;0;0;0;0;0;793185,2145;5830141,776;13,32419;52,54226\
193402;11;8;8010509;Schulenburgpark;2019;4;7;5;3;5;3;0;0;1;0;1;0;0;0;803752,474;5822184,216;13,47228;52,46515\
193403;11;6;6030504;Teltower Damm;2019;4;18;4;3;2;7;0;0;1;0;0;0;0;0;789989,5948;5817262,075;13,26599;52,4285\
193404;11;2;2050801;Traveplatz;2019;4;0;7;3;2;2;2;1;1;0;0;0;0;0;803329,2148;5826743,578;13,47022;52,50625\
193405;11;6;6020409;K\'f6nigsberger Stra\'dfe;2019;4;17;4;3;2;6;0;0;1;0;0;0;0;0;793413,6161;5817718,102;13,31661;52,43076\
193406;11;8;8010404;Rixdorf;2019;4;17;4;3;5;3;0;0;1;0;1;0;0;0;802369,6522;5823221,455;13,45293;52,47521\
193407;11;1;1033201;Brunnenstra\'dfe;2019;4;8;6;2;5;2;0;0;1;0;1;0;0;0;798079,604;5829993,131;13,39601;52,53827\
193408;11;10;10030727;Biesdorf S\'fcd;2019;4;16;4;3;2;7;0;1;1;0;0;0;0;0;809704,9283;5826049,81;13,56321;52,49645\
193409;11;2;2040502;Friedenstra\'dfe;2019;4;15;5;3;2;6;0;0;1;0;0;0;0;0;800698,2016;5828469,571;13,43313;52,52317\
193410;11;11;11030824;Frankfurter Allee S\'fcd;2019;4;12;1;3;6;4;0;0;1;1;0;0;0;0;804104,8014;5827321,149;13,48214;52,51099\
193411;11;2;2050602;Samariterviertel;2019;4;16;4;3;6;4;0;0;1;1;0;0;0;0;802301,7411;5827816,566;13,4561;52,51643\
193412;11;4;4030519;Kaiserin-Augusta-Allee;2019;4;13;7;3;5;2;0;0;1;0;0;0;0;0;792326,2752;5828246,852;13,30989;52,52573\
193413;11;1;1033102;Gesundbrunnen;2019;4;15;4;3;6;2;0;1;0;1;0;0;0;0;797150,028;5831400,811;13,38361;52,55139\
193414;11;8;8041038;Wa\'dfmannsdorfer Chaussee;2019;4;15;4;3;5;3;0;0;1;0;0;0;1;0;805795,7042;5816197,599;13,49678;52,41035\
193415;11;4;4030931;Breitscheidplatz;2019;4;2;6;2;1;5;2;1;1;0;0;0;0;0;793670,3461;5825858,154;13,32754;52,50359\
193416;11;3;3061227;Humannplatz;2019;4;14;4;2;5;3;0;1;0;0;0;0;0;0;799798,4518;5831176,502;13,42235;52,54793\
193417;11;9;9041601;M\'fcggelheim;2019;4;15;7;2;2;2;0;0;1;0;1;0;0;0;817477,3764;5816709,176;13,66844;52,40829\
193418;11;9;9041501;Altstadt Kietz;2019;4;14;4;2;0;5;0;1;0;0;0;0;1;0;810980,3395;5819984,217;13,57628;52,44137\
193419;11;12;12103218;Teichstra\'dfe;2019;4;16;4;2;5;2;0;0;1;0;0;0;0;0;794839,7292;5833068,212;13,35111;52,5676\
193420;11;2;2040703;Wriezener Bahnhof/Entwicklungsgebiet;2019;4;19;6;2;0;2;1;0;0;1;1;0;0;0;801767,78;5826253,667;13,44684;52,50272\
193421;11;9;9020502;Obersch\'f6neweide Ost;2019;4;12;4;3;5;7;0;0;1;0;0;0;1;0;809404,5691;5821504,534;13,55458;52,45588\
193422;11;9;9010402;Johannisthal Ost;2019;4;14;5;3;0;1;0;1;0;0;0;0;0;0;806621,6109;5820450,557;13,51279;52,44801\
193423;11;8;8010510;Gewerbegebiet K\'f6llnische Heide;2019;4;12;4;3;0;7;0;1;0;0;0;0;1;1;802487,2081;5822551,781;13,45404;52,46914\
193424;11;11;11010205;Falkenberg West;2019;4;14;1;3;2;2;0;0;1;0;0;0;0;0;806305,1362;5833901,131;13,52052;52,56873\
193425;11;4;4030623;Ernst-Reuter-Platz;2019;4;12;4;3;5;2;0;1;1;0;0;0;0;0;792895,5909;5826797,735;13,31698;52,51243\
193426;11;4;4041136;Hagenplatz;2019;4;10;4;2;5;2;0;1;1;0;0;0;0;0;789617,3298;5823355,274;13,26582;52,48332\
193427;11;8;8010213;K\'f6rnerpark;2019;4;15;7;3;5;3;0;0;0;0;0;0;1;0;801231,7274;5822468,048;13,43554;52,46909\
193428;11;1;1011305;Heine-Viertel West;2019;4;9;4;2;1;5;0;1;1;0;0;0;1;0;799057,4228;5827190,194;13,40787;52,51261\
193429;11;1;1011302;Oranienburger Stra\'dfe;2019;4;8;4;3;1;5;0;1;1;0;0;0;1;0;798331,188;5828924,511;13,39875;52,52855\
193430;11;1;1022201;Stephankiez;2019;4;1;5;3;2;6;2;1;0;0;0;0;1;0;795549,4703;5829244,956;13,35815;52,53294\
193431;11;8;8010303;Donaustra\'dfe;2019;4;7;4;3;6;2;0;0;0;1;0;0;1;0;801146,1549;5823779,681;13,43547;52,48089\
193432;11;4;4030828;Savignyplatz;2019;4;10;5;3;5;2;0;1;1;0;0;0;0;0;792977,2669;5826182,288;13,31764;52,50687\
193433;11;3;3061332;Helmholtzplatz;2019;4;7;4;3;1;5;0;0;1;0;1;0;0;0;799377,923;5831077,09;13,41608;52,54727\
193434;11;1;1044202;Sparrplatz;2019;4;7;4;3;5;3;0;1;1;0;0;0;0;0;795343,4296;5830390,818;13,35614;52,54332\
193435;11;8;8010301;Reuterkiez;2019;4;17;5;3;0;4;0;1;0;1;0;0;0;0;800785,5182;5824392,97;13,43073;52,48659\
193436;11;9;9020701;Adlershof West;2019;4;7;4;3;0;1;0;1;0;0;0;0;0;0;808330,2849;5819200,762;13,5367;52,43584\
193437;11;12;12304313;Borsigwalde;2019;4;16;1;3;5;2;0;0;1;0;0;0;0;0;792354,1331;5834072,136;13,31543;52,57794\
193438;11;3;3061131;Falkplatz;2019;4;7;4;3;6;6;0;1;0;1;0;0;0;0;798915,9664;5830386,162;13,40866;52,54133\
193439;11;3;3040512;Wilhelmsruh;2019;4;5;4;3;2;6;2;0;1;0;0;0;0;0;796987,3057;5835832,827;13,38518;52,59121\
193440;11;1;1022206;L\'fcneburger Stra\'dfe;2019;4;17;6;3;6;4;0;0;1;1;0;0;0;0;795939,2649;5828328,295;13,36307;52,52451\
193441;11;7;7050502;Fritz-Werner-Stra\'dfe;2019;4;1;4;3;5;3;2;0;1;0;0;0;0;0;797897,8565;5818354,261;13,38294;52,43404\
193442;11;11;11030721;R\'fcdigerstra\'dfe;2019;4;16;3;3;6;7;0;0;1;1;0;0;0;0;805431,545;5827935,793;13,50219;52,51576\
193443;11;5;5010314;Carl-Schurz-Stra\'dfe;2019;4;11;5;3;0;7;0;0;1;0;0;0;1;0;783945,3015;5828947,354;13,18729;52,53644\
193444;11;1;1044101;Rehberge;2019;4;14;3;3;0;5;0;1;1;0;0;0;0;0;793737,9481;5832005,137;13,33396;52,55866\
193445;11;2;2040502;Friedenstra\'dfe;2019;4;9;5;2;3;6;0;0;1;0;1;0;0;0;800534,5364;5828474,65;13,43073;52,52331\
193446;11;8;8010303;Donaustra\'dfe;2019;4;16;3;3;2;6;0;0;1;0;0;0;0;0;800668,1426;5824292,276;13,42891;52,48575\
193447;11;1;1044101;Rehberge;2019;4;19;7;3;5;2;0;0;1;0;0;0;1;0;794536,6214;5831570,43;13,34533;52,55433\
193448;11;8;8010214;Glasower Stra\'dfe;2019;4;7;3;3;6;7;0;1;0;1;0;0;0;0;801106,2886;5822184,106;13,43344;52,46661\
193449;11;10;10030725;Buckower Ring;2019;4;16;3;3;5;3;0;1;1;0;0;0;0;0;809644,2053;5828927,397;13,565;52,52227\
193450;11;4;4051653;Prager Platz;2019;4;9;6;3;5;3;0;1;0;0;0;0;0;0;794140,0088;5824322,366;13,33308;52,48957\
193451;11;4;4010101;Jungfernheide;2019;4;15;7;3;7;7;0;0;0;0;1;0;0;0;789539,1073;5830525,48;13,27091;52,54765\
193452;11;4;4041344;R\'fcdesheimer Platz;2019;4;16;3;3;5;3;0;0;1;0;0;0;0;0;793379,1756;5821960,22;13,31983;52,46881\
193453;11;12;12301205;Waidmannslust;2019;4;16;3;3;2;2;0;0;1;0;0;0;1;0;792464,8551;5837326,894;13,31993;52,60705\
193454;11;4;4030518;Tegeler Weg;2019;4;14;6;3;5;2;0;0;1;0;1;0;0;0;791388,4928;5828585,036;13,2964;52,52926\
193455;11;6;6030610;Lichterfelde West;2019;4;16;3;3;6;4;0;0;1;1;0;0;0;0;791878,5162;5818982,031;13,2952;52,44291\
193456;11;6;6010205;S\'fcdende;2019;4;15;5;3;2;6;0;0;1;0;0;0;0;0;795100,2279;5819675,569;13,34307;52,4474\
193457;11;8;8010405;Hertzbergplatz;2019;4;16;3;3;1;1;0;0;1;0;0;0;0;0;801768,7801;5823786,264;13,44462;52,48061\
193458;11;1;1044201;Reinickendorfer Stra\'dfe;2019;4;16;2;3;2;6;0;0;1;0;0;0;0;0;796678,2998;5831653,58;13,3769;52,55392\
193459;11;8;8030831;Gropiusstadt Ost;2019;4;17;5;3;5;3;0;1;1;0;0;0;0;0;804117,8197;5817627,958;13,47349;52,42411\
193460;11;1;3071537;Kollwitzplatz;2019;4;18;3;3;2;6;0;0;1;0;0;0;0;0;799519,2538;5828857,611;13,41615;52,5273\
193461;11;3;3020209;Niedersch\'f6nhausen;2019;4;16;7;3;0;3;0;1;1;0;0;0;0;0;798124,485;5835605,449;13,40172;52,58855\