OBJECTID;LAND;BEZ;LOR;STRASSE;UJAHR;UMONAT;USTUNDE;UWOCHENTAG;UKATEGORIE;UART;UTYP1;ULICHTVERH;IstRad;IstPKW;IstFuss;IstKrad;IstGkfz;IstSonstige;USTRZUSTAND;LINREFX;LINREFY;XGCSWGS84;YGCSWGS84\
194366;11;12;12103218;Teichstra\'dfe;2019;5;16;5;3;2;6;0;0;1;0;0;1;0;0;793590,8079;5832534,444;13,33227;52,56349\
194367;11;9;9031202;Schm\'f6ckwitz/Rauchfangswerder;2019;5;5;5;2;4;6;1;0;0;0;0;0;1;1;816844,0268;5812910,541;13,65557;52,37462\
194368;11;9;9041501;Altstadt Kietz;2019;5;9;5;2;6;3;0;0;1;1;0;0;0;0;810989,9744;5820319,478;13,57674;52,44436\
194369;11;4;4051652;Nikolsburger Platz;2019;5;8;5;3;3;6;0;1;1;0;0;0;0;0;793444,5305;5823962,165;13,32255;52,48672\
194370;11;1;1011302;Oranienburger Stra\'dfe;2019;5;9;5;3;5;3;0;1;0;0;0;0;1;0;799060,4355;5829007,208;13,40954;52,52889\
194371;11;8;8010404;Rixdorf;2019;5;7;5;3;2;3;0;1;0;0;0;0;0;0;802163,9174;5823362,712;13,45003;52,47659\
194372;11;2;2020201;Gleisdreieck/Entwicklungsgebiet;2019;5;7;5;3;5;2;0;1;1;0;0;0;0;1;796768,6885;5826034,571;13,37321;52,5035\
194373;11;10;10020622;Kaulsdorf Nord I;2019;5;7;5;3;5;3;0;1;1;0;0;0;0;0;811153,5421;5828388,181;13,58667;52,51658\
194374;11;2;2050601;Hausburgviertel;2019;5;7;5;3;5;2;0;1;0;0;0;0;1;1;801865,7288;5828983,034;13,45075;52,52713\
194375;11;12;12214422;Klixstra\'dfe;2019;5;7;5;3;5;2;0;1;0;0;0;0;1;0;792304,4734;5833990,785;13,31463;52,57723\
194376;11;10;10030724;Oberfeldstra\'dfe;2019;5;14;5;3;5;2;0;0;0;0;1;0;1;1;809629,5328;5828924,246;13,56478;52,52225\
194377;11;12;12103115;Breitkopfbecken;2019;5;13;5;3;5;3;0;1;1;0;0;0;0;1;796233,2757;5833661,649;13,37214;52,57216\
194378;11;2;2050601;Hausburgviertel;2019;5;13;5;2;4;6;0;0;1;0;0;1;0;1;802126,3503;5828462,974;13,45411;52,52232\
194379;11;5;5020523;Maulbeerallee;2019;5;13;5;2;5;2;0;0;1;0;0;0;0;0;782379,9454;5827031,936;13,16265;52,52008\
194380;11;9;9052001;K\'f6penick Nord;2019;5;12;5;3;5;2;0;1;0;0;0;0;0;0;811182,7153;5822107,388;13,58123;52,46028\
194381;11;1;1011105;N\'f6rdlicher Landwehrkanal;2019;5;11;5;2;5;3;0;0;1;0;0;0;0;0;796437,2104;5826324,14;13,3686;52,50628\
194382;11;4;4041137;Flinsberger Platz;2019;5;10;5;3;5;2;0;0;1;0;0;0;0;0;791265,9289;5823330,345;13,29001;52,48222\
194383;11;4;4020208;Kranzallee;2019;5;10;5;3;6;2;0;0;1;1;0;0;0;0;786924,4429;5825820,218;13,2284;52,50684\
194384;11;10;10020414;Helle Mitte;2019;5;6;4;3;5;2;0;1;1;0;0;0;0;0;812227,8769;5830702,522;13,60462;52,5367\
194385;11;11;11041128;Sewanstra\'dfe;2019;5;10;4;3;3;6;0;0;0;0;1;0;1;0;807091,4065;5825784,744;13,52459;52,49555\
194386;11;3;3071537;Kollwitzplatz;2019;5;13;4;3;5;2;0;1;1;0;0;0;0;0;799544,3764;5830089,096;13,41763;52,53832\
194387;11;5;5040934;Alt-Gatow;2019;5;10;4;3;2;6;0;0;1;0;0;0;0;0;783940,223;5823367,917;13,18245;52,48642\
194388;11;7;7030303;Grazer Platz;2019;5;20;4;3;6;4;0;0;1;1;0;0;0;0;795431,1577;5821687,531;13,34971;52,46526\
194389;11;5;5040936;J\'e4gerallee;2019;5;18;4;3;5;3;0;0;1;0;0;0;0;0;780053,1994;5819443,377;13,12207;52,45323\
194390;11;2;2050802;Boxhagener Platz;2019;5;8;4;3;0;6;0;1;1;0;0;0;0;0;802842,8777;5826587,4;13,46293;52,50512\
194391;11;11;11041022;Rosenfelder Ring;2019;5;7;4;2;6;4;0;0;0;1;0;0;1;0;806602,1766;5827734,549;13,5192;52,5133\
194392;11;5;5010101;Hakenfelde Nord;2019;5;21;4;3;5;3;2;1;1;0;0;0;0;0;784421,2177;5831938,433;13,19685;52,56301\
194393;11;3;3061228;Erich-Weinert-Stra\'dfe;2019;5;20;4;2;5;2;1;1;1;0;0;0;0;0;800192,7513;5830931,051;13,42792;52,54551\
194394;11;10;10040933;Mahlsdorf S\'fcd;2019;5;16;4;3;5;3;0;1;1;0;0;0;0;0;812640,3779;5825270,994;13,60558;52,4878\
194395;11;7;7030303;Grazer Platz;2019;5;16;4;3;5;2;0;0;1;0;1;0;0;0;795392,1195;5820977,953;13,34851;52,45892\
194396;11;8;8041036;Zittauer Stra\'dfe;2019;5;15;4;3;5;3;0;1;1;0;0;0;0;0;805190,1034;5816496,393;13,48818;52,41337\
194397;11;1;1011303;Alexanderplatzviertel;2019;5;15;4;3;2;2;0;1;1;0;0;0;0;0;799109,5983;5828466,017;13,40978;52,52402\
194398;11;1;1022206;L\'fcneburger Stra\'dfe;2019;5;17;4;3;2;6;0;0;1;0;0;0;0;0;795751,8283;5828194,682;13,36019;52,52341\
194399;11;4;4020310;Park Ruhwald;2019;5;17;4;3;5;3;0;0;1;0;0;0;0;0;790361,6202;5827321,356;13,28021;52,51848\
194400;11;1;1011303;Alexanderplatzviertel;2019;5;16;4;3;2;6;0;0;1;0;1;0;0;0;799567,6423;5828743,121;13,41676;52,52625\
194401;11;4;4030930;George-Grosz-Platz;2019;5;16;4;3;2;6;0;0;1;0;0;0;0;0;792839,8313;5825503,3;13,31503;52,50086\
194402;11;6;6040805;Fischerh\'fcttenstra\'dfe;2019;5;16;4;3;0;1;0;1;0;0;0;0;0;0;789182,8873;5818567,649;13,25529;52,44063\
194403;11;7;7030303;Grazer Platz;2019;5;15;4;3;2;6;0;0;1;0;0;0;0;0;795437,6871;5821007,018;13,3492;52,45915\
194404;11;7;7040403;Manteuffelstra\'dfe;2019;5;14;4;3;3;6;0;0;1;0;1;0;0;0;797323,5431;5821806,776;13,37759;52,4653\
194405;11;5;5010101;Hakenfelde Nord;2019;5;7;4;2;5;3;0;1;1;0;0;0;0;0;785933,2119;5831674,059;13,21887;52,55985\
194406;11;2;2010101;Askanischer Platz;2019;5;13;4;3;0;2;0;1;0;0;0;0;1;0;797034,962;5825879,766;13,37698;52,50197\
194407;11;2;2050801;Traveplatz;2019;5;15;4;2;0;1;0;0;0;0;1;0;0;0;803360,7658;5826703,563;13,47064;52,50587\
194408;11;4;4010101;Jungfernheide;2019;5;14;4;3;2;6;0;0;1;0;0;0;0;0;791220,753;5830669,205;13,29577;52,54804\
194409;11;1;1044101;Rehberge;2019;5;13;4;2;5;2;0;0;1;0;1;0;0;0;794524,6174;5831566,174;13,34514;52,5543\
194410;11;9;9041301;Kietzer Feld/Nachtheide;2019;5;13;4;3;2;6;0;0;1;0;0;0;0;0;812118,4446;5819731,742;13,59274;52,43845\
194411;11;6;6030503;Zehlendorf Mitte;2019;5;12;4;3;6;7;0;0;1;1;0;0;0;0;789932,1301;5817661,168;13,2655;52,43211\
194412;11;8;8041037;Alt-Rudow;2019;5;12;4;3;6;7;0;0;1;1;0;0;0;0;805724,102;5816948,163;13,49642;52,41712\
194413;11;1;1011303;Alexanderplatzviertel;2019;5;11;4;3;2;6;0;0;1;0;0;0;0;0;799208,301;5828464,611;13,41123;52,52395\
194414;11;8;8010213;K\'f6rnerpark;2019;5;11;4;3;5;2;0;1;1;0;0;0;0;0;801242,3411;5822469,041;13,4357;52,46909\
194415;11;1;1011204;Leipziger Stra\'dfe;2019;5;9;4;3;5;2;0;0;1;0;1;0;0;0;798311,9975;5826963,785;13,39671;52,51099\
194416;11;1;1033202;Humboldthain S\'fcd;2019;5;9;4;3;5;3;0;1;1;0;0;0;0;0;796971,925;5830138,085;13,37986;52,54017\
194417;11;2;2030402;Wrangelkiez;2019;5;9;4;3;5;2;0;0;1;0;1;0;0;0;801945,254;5825652,14;13,4489;52,49723\
194418;11;8;8010509;Schulenburgpark;2019;5;9;4;3;0;1;0;0;0;0;1;0;0;0;803825,4356;5822133,277;13,4733;52,46465\
194419;11;4;4041134;Bismarckallee;2019;5;9;4;2;2;6;0;0;1;0;0;0;0;0;790856,9311;5824316,495;13,28486;52,49128\
194420;11;5;5020417;Staakener Stra\'dfe;2019;5;9;4;3;5;3;0;0;1;0;0;0;0;0;783412,2115;5828627,715;13,17918;52,53385\
194421;11;9;9020701;Adlershof West;2019;5;9;4;3;5;3;0;0;1;0;0;0;0;0;807416,0147;5818311,215;13,52247;52,42839\
194422;11;3;3040818;Pankow S\'fcd;2019;5;8;4;3;2;2;0;0;1;0;0;0;0;0;800276,0341;5831757,379;13,4299;52,55288\
194423;11;2;2040701;Andreasviertel;2019;5;8;4;3;5;2;0;1;1;0;0;0;0;0;800426,7408;5827979,713;13,4287;52,51893\
194424;11;11;11020513;Orankesee;2019;5;8;4;3;0;2;0;0;0;0;0;1;1;0;802985,7456;5830861,267;13,46892;52,54334\
194425;11;4;4030828;Savignyplatz;2019;5;7;4;3;0;5;0;1;1;0;0;0;0;0;793543,0094;5826368,36;13,32612;52,50824\
194426;11;1;1022202;Heidestra\'dfe;2019;5;6;4;3;5;2;0;0;1;0;1;0;0;0;796305,05;5828920,954;13,36897;52,52962\
194427;11;4;4020311;Reichsstra\'dfe;2019;5;8;3;3;0;6;0;0;1;0;0;0;0;0;789148,2701;5826072,509;13,26129;52,50793\
194428;11;1;1011101;St\'fclerstra\'dfe;2019;5;19;3;3;0;3;0;0;1;0;1;0;0;0;795314,6341;5826263,095;13,35205;52,50634\
194429;11;1;1011103;L\'fctzowstra\'dfe;2019;5;19;3;3;5;3;0;1;1;0;0;0;0;0;795384,968;5826005,478;13,35286;52,50399\
194430;11;2;2040703;Wriezener Bahnhof/Entwicklungsgebiet;2019;5;19;3;3;1;5;0;1;1;0;0;0;0;0;801667,8082;5826285,162;13,4454;52,50306\
194431;11;2;2030301;Oranienplatz;2019;5;22;3;3;1;5;2;1;1;0;0;0;0;0;799612,2945;5826218,574;13,41514;52,50359\
194432;11;3;3061429;Greifswalder Stra\'dfe;2019;5;18;3;3;6;6;0;1;0;1;0;0;0;0;801137,6586;5830739,437;13,44164;52,54328\
194433;11;12;12302107;Schorfheidestra\'dfe;2019;5;18;3;3;5;2;0;0;1;0;1;0;0;0;794338,8013;5835703,626;13,34608;52,59149\
194434;11;7;7050503;Eisenacher Stra\'dfe;2019;5;18;3;3;0;1;0;0;1;0;0;0;0;0;799004,597;5819644,293;13,40032;52,445\
194435;11;11;11020514;Gro\'dfe-Leege-Stra\'dfe;2019;5;13;3;3;2;6;0;0;1;0;0;0;0;0;804498,2384;5830968,062;13,49125;52,54346\
194436;11;8;8010214;Glasower Stra\'dfe;2019;5;17;3;3;5;2;0;0;1;0;1;0;0;0;801679,8523;5822337,213;13,442;52,46767\
194437;11;9;9020702;Adlershof Ost;2019;5;17;3;2;0;1;0;1;1;0;0;0;0;0;809143,0648;5819515,67;13,54891;52,43821\
194438;11;3;3050924;Behaimstra\'dfe;2019;5;17;3;3;4;5;0;0;1;0;0;0;1;0;801387,7637;5831905,76;13,44638;52,55359\
194439;11;5;5010314;Carl-Schurz-Stra\'dfe;2019;5;16;3;3;2;6;0;0;1;0;0;0;0;0;785279,4718;5829297,366;13,20721;52,53888\
194440;11;3;3061228;Erich-Weinert-Stra\'dfe;2019;5;16;3;3;5;2;0;1;1;0;0;0;0;0;800938,789;5831179,531;13,43912;52,54733\
194441;11;5;5010314;Carl-Schurz-Stra\'dfe;2019;5;15;3;3;2;6;0;0;1;0;1;0;0;0;784645,6254;5829284,376;13,19788;52,5391\
194442;11;4;4030622;Richard-Wagner-Stra\'dfe;2019;5;16;3;2;6;7;0;0;1;1;0;0;0;0;792023,8119;5827237,286;13,30456;52,51684\
194443;11;2;2050801;Traveplatz;2019;5;15;3;2;3;6;0;1;1;0;0;0;0;0;802483,9704;5827406,978;13,4584;52,51266\
194444;11;2;2020203;Viktoriapark;2019;5;15;3;3;2;6;0;0;1;0;0;0;0;0;797826,775;5824903,963;13,38774;52,49279\
194445;11;2;2050802;Boxhagener Platz;2019;5;12;3;3;1;5;0;1;1;0;0;0;0;0;802214,33;5827126,509;13,45419;52,5103\
194446;11;4;4030518;Tegeler Weg;2019;5;11;3;3;4;6;0;0;1;0;0;1;0;0;792003,4164;5828567,033;13,30543;52,52877\
194447;11;1;1011401;Invalidenstra\'dfe;2019;5;10;3;3;3;6;0;1;1;0;0;0;0;0;797360,28;5829277,149;13,3848;52,53224\
194448;11;4;4030929;Hindemithplatz;2019;5;9;3;3;5;3;0;1;1;0;0;0;0;0;792625,7998;5825458,587;13,31184;52,50057\
194449;11;4;4030519;Kaiserin-Augusta-Allee;2019;5;8;3;3;5;3;0;0;1;0;1;0;0;0;792066,9018;5828230,815;13,30607;52,52573\
194450;11;12;12302107;Schorfheidestra\'dfe;2019;5;8;3;3;2;2;0;0;1;0;0;0;1;0;794382,21;5836232,761;13,34719;52,59621\
194451;11;1;1011201;Wilhelmstra\'dfe;2019;5;7;3;3;1;5;0;1;1;0;0;0;0;0;797309,0304;5827210,91;13,3822;52,51375\
194452;11;12;12301205;Waidmannslust;2019;5;7;3;3;5;3;0;1;1;0;0;0;0;0;791780,7795;5836929,471;13,30951;52,60386\
194453;11;1;1011303;Alexanderplatzviertel;2019;5;7;3;3;3;6;0;0;1;0;0;0;0;0;799589,1844;5828777,55;13,41711;52,52654\
194454;11;12;12214421;Reinickes Hof;2019;5;5;3;3;2;6;1;0;1;0;1;0;0;1;793438,7793;5833416,061;13,33081;52,57147\
194455;11;3;3061126;Arnimplatz;2019;5;15;2;2;5;2;0;1;1;0;0;0;0;0;798963,3807;5831449,056;13,41032;52,55083\
194456;11;6;6020409;K\'f6nigsberger Stra\'dfe;2019;5;10;2;3;1;5;0;0;1;0;0;0;0;0;793893,1798;5817750,323;13,32367;52,43079\
194457;11;1;1011204;Leipziger Stra\'dfe;2019;5;16;2;3;2;2;0;0;1;0;0;0;1;0;798699,8408;5827083,256;13,40252;52,51185\
194458;11;1;1022104;Emdener Stra\'dfe;2019;5;22;2;3;5;3;2;1;1;0;0;0;0;0;794558,808;5828452,024;13,34289;52,52637\
194459;11;4;4030621;Spreestadt;2019;5;20;2;2;6;4;2;0;1;1;0;0;0;0;793201,119;5827792,842;13,32235;52,52119\
194460;11;1;1011305;Heine-Viertel West;2019;5;19;2;2;5;3;0;1;1;0;0;0;0;0;799457,4152;5827067,357;13,41363;52,51129\
194461;11;1;1011103;L\'fctzowstra\'dfe;2019;5;19;2;3;2;6;2;0;1;0;0;0;0;0;795770,2352;5825717,509;13,35826;52,5012\
194462;11;2;2020202;Rathaus Yorckstra\'dfe;2019;5;18;2;3;0;2;0;1;1;0;0;0;0;0;797913,354;5825279,649;13,38935;52,49611\
194463;11;6;6040808;H\'fcttenweg;2019;5;18;2;3;2;6;0;0;1;0;0;0;0;1;790162,74;5819744,332;13,27069;52,45066\
194464;11;7;7040403;Manteuffelstra\'dfe;2019;5;17;2;2;2;6;0;0;1;0;1;0;0;0;797256,1102;5820930,401;13,37582;52,45748\
194465;11;7;7010103;Barbarossaplatz;2019;5;16;2;3;5;3;0;1;1;0;0;0;0;0;795620,9184;5824477,768;13,35497;52,49017\
194466;11;11;11020412;Hauptstra\'dfe;2019;5;17;2;3;5;3;0;0;1;0;0;0;0;0;806390,923;5831399,427;13,51947;52,54626\
194467;11;6;6040701;Wannsee;2019;5;16;2;3;1;5;0;1;1;0;0;0;0;0;784491,9874;5816959,32;13,1851;52,42867\
194468;11;6;6030610;Lichterfelde West;2019;5;16;2;3;2;6;0;0;1;0;0;0;0;0;792382,0905;5818469,596;13,30214;52,43805\
194469;11;5;5010339;Freiheit;2019;5;17;2;3;1;5;0;0;1;0;0;0;1;0;787737,8261;5828231,447;13,24243;52,52803\
194470;11;3;3061126;Arnimplatz;2019;5;16;2;3;5;2;0;1;1;0;0;0;0;0;799215,0969;5831774,087;13,41431;52,55361\
194471;11;4;4030930;George-Grosz-Platz;2019;5;16;2;3;0;3;0;0;1;0;0;0;1;0;793133,5202;5825589,392;13,31942;52,50147\
194472;11;8;8030831;Gropiusstadt Ost;2019;5;15;2;3;2;6;0;0;1;0;0;0;0;0;803926,2493;5818240,965;13,47124;52,42971\
194473;11;1;1011203;Unter den Linden S\'fcd;2019;5;15;2;3;1;5;0;1;1;0;0;0;1;0;798120,5502;5827409,443;13,3943;52,51509\
194474;11;3;3010102;Buch;2019;5;14;2;3;1;5;0;1;1;0;0;0;0;0;804085,3347;5840223,73;13,49368;52,62664\
194475;11;6;6040809;Thielallee;2019;5;14;2;3;5;2;0;1;1;0;0;0;0;0;791620,21;5820656,732;13,29287;52,45806\
194476;11;4;4030623;Ernst-Reuter-Platz;2019;5;13;2;3;0;5;0;0;1;0;0;0;0;0;793542,2895;5826345,978;13,32609;52,50804\
194477;11;9;9041601;M\'fcggelheim;2019;5;13;2;3;5;3;0;1;1;0;0;0;0;0;817518,8169;5818243,225;13,67051;52,42201\
194478;11;12;12103115;Breitkopfbecken;2019;5;16;2;3;5;3;0;1;1;0;0;0;0;0;796310,0035;5833949,513;13,37353;52,5747\
194479;11;7;7040404;Marienh\'f6he;2019;5;13;2;3;5;3;0;1;1;0;0;0;0;0;797010,2559;5820402,42;13,37174;52,45288\
194480;11;6;6030608;Schweizer Viertel;2019;5;12;2;3;1;5;0;0;1;0;0;0;0;0;792494,8062;5817042,861;13,30254;52,4252\
194481;11;7;7050502;Fritz-Werner-Stra\'dfe;2019;5;11;2;2;3;6;0;1;0;0;0;1;0;0;798156,9645;5819022,544;13,38734;52,43989\
194482;11;7;7070702;Alt-Lichtenrade/T\'f6pchiner Weg;2019;5;6;2;3;5;3;0;0;1;0;1;0;0;0;800637,2129;5814907,274;13,42002;52,40164\
194483;11;10;10020517;Adele-Sandrock-Stra\'dfe;2019;5;7;2;3;6;2;0;0;1;1;0;0;0;0;812420,0484;5830374,664;13,60714;52,53366\
194484;11;4;4041241;Breite Stra\'dfe;2019;5;12;2;3;5;2;0;1;1;0;0;0;0;0;791877,6547;5822388,264;13,29816;52,47345\
194485;11;6;6040810;Dahlem;2019;5;7;2;3;6;4;0;1;0;1;0;0;0;0;790951,9943;5820700,806;13,2831;52,45881\
194486;11;8;8010509;Schulenburgpark;2019;5;6;2;3;5;3;0;0;1;0;1;0;0;0;803863,6123;5821820,379;13,47358;52,46182\
194487;11;3;3020209;Niedersch\'f6nhausen;2019;5;6;2;3;5;3;0;0;1;0;1;0;0;0;797866,2487;5835308,021;13,39765;52,58603\
194488;11;6;6020304;Kaiser-Wilhelm-Stra\'dfe;2019;5;7;2;3;5;7;0;1;1;0;0;0;0;0;794848,6531;5817553,856;13,33751;52,42852\
194489;11;5;5010314;Carl-Schurz-Stra\'dfe;2019;5;7;2;3;5;2;0;0;1;0;0;0;0;0;785604,077;5828574,33;13,21136;52,53223\
194490;11;12;12302110;Dannenwalder Weg;2019;5;7;2;3;6;4;0;0;1;1;0;0;0;0;794782,184;5836291,863;13,35313;52,59652\
194491;11;7;7040401;Neu-Tempelhof;2019;5;8;2;2;5;3;0;0;1;0;0;0;0;0;797688,6443;5823493,14;13,38445;52,48022\
194492;11;6;6030607;Goerzwerke;2019;5;8;2;3;0;3;0;0;1;0;1;0;0;0;791348,9019;5816108,091;13,28492;52,41743\
194493;11;11;11041022;Rosenfelder Ring;2019;5;8;2;2;6;4;0;0;1;1;0;0;0;0;806606,4847;5827753,215;13,51928;52,51346\
194494;11;1;1011203;Unter den Linden S\'fcd;2019;5;9;2;3;3;6;0;1;0;0;0;0;0;0;798277,7946;5827479,54;13,39667;52,51563\
194495;11;9;9020701;Adlershof West;2019;5;9;2;3;3;6;0;0;1;0;0;0;1;0;808537,5568;5819110,451;13,53965;52,43492\
194496;11;4;4051655;Babelsberger Stra\'dfe;2019;5;9;2;3;6;4;0;0;1;1;0;0;0;0;794044,3734;5823103,788;13,3306;52,4787\
194497;11;6;6040810;Dahlem;2019;5;10;2;3;5;2;0;0;1;0;0;0;0;0;790148,897;5819770,493;13,27051;52,4509\
194498;11;1;1011304;Karl-Marx-Allee;2019;5;10;2;3;5;3;0;1;0;0;0;0;1;0;799687,8117;5827827,087;13,4177;52,51797\
194499;11;4;4020310;Park Ruhwald;2019;5;10;2;2;2;6;0;0;1;0;0;0;0;0;788261,2005;5827800,388;13,24975;52,52389\
194500;11;4;4030929;Hindemithplatz;2019;5;10;2;3;2;6;0;1;1;0;0;0;0;0;792705,4296;5825893,894;13,31339;52,50443\
194501;11;4;4030827;Karl-August-Platz;2019;5;11;2;3;1;5;0;1;1;0;0;0;0;0;792298,4509;5826012,903;13,30752;52,50572\
194502;11;9;9020601;Schnellerstra\'dfe;2019;5;11;2;3;5;2;0;1;1;0;0;0;0;0;805903,9782;5821819,79;13,50352;52,46068\
194503;11;12;12103116;Hausotterplatz;2019;5;11;2;3;6;4;0;0;1;1;0;0;0;0;796727,9007;5833305,516;13,3791;52,5687\
194504;11;5;5010312;Kurstra\'dfe;2019;5;11;2;3;5;2;0;1;1;0;0;0;0;0;785077,1717;5829876,784;13,20473;52,54418\
194505;11;9;9051702;B\'f6lschestra\'dfe;2019;5;12;2;3;0;1;0;1;0;0;0;0;0;0;814202,1963;5821284,925;13,62475;52,45118\
194506;11;5;5020417;Staakener Stra\'dfe;2019;5;12;2;3;3;6;0;0;1;0;0;0;0;0;783024,355;5828580,341;13,17344;52,53363\
194507;11;1;1033202;Humboldthain S\'fcd;2019;5;5;1;3;6;4;1;1;0;1;0;0;0;0;797451,1788;5830054,635;13,38683;52,53916\
194508;11;1;1011201;Wilhelmstra\'dfe;2019;5;15;1;3;5;2;0;1;1;0;0;0;0;0;796960,8965;5826701,878;13,37663;52,50938\
194509;11;8;8010404;Rixdorf;2019;5;17;1;3;0;7;0;0;1;0;1;0;0;0;802024,3567;5823487,484;13,4481;52,47779\
194510;11;6;6020303;Lankwitz Kirche;2019;5;17;1;3;1;5;0;1;1;0;0;0;0;0;795285,1301;5818576,985;13,34482;52,43745\
194511;11;8;8010118;Silbersteinstra\'dfe;2019;5;14;1;3;5;2;0;1;1;0;0;0;0;0;800773,2206;5822754,829;13,42907;52,47191\
194512;11;3;3071537;Kollwitzplatz;2019;5;14;1;3;6;4;0;1;0;1;0;0;0;0;799854,3403;5829796,666;13,42192;52,53553\
194513;11;8;8010118;Silbersteinstra\'dfe;2019;5;12;1;3;6;4;0;0;0;1;1;0;0;0;800851,5144;5822529,81;13,43002;52,46985\
194514;11;2;2020204;Urbanstra\'dfe;2019;5;14;1;2;6;4;0;1;0;1;0;0;0;0;798715,6214;5825011,778;13,40089;52,49327\
194515;11;10;10020621;Gelbes Viertel;2019;5;18;1;2;6;4;0;0;1;1;0;0;0;0;811408,0764;5829835,227;13,59176;52,5294\
194516;11;8;8041037;Alt-Rudow;2019;5;20;1;2;5;3;1;0;1;0;0;0;0;0;805316,4929;5817686,377;13,49112;52,42396\
194517;11;2;2010104;Wassertorplatz;2019;5;11;1;2;6;4;0;0;1;1;0;0;0;0;799701,9112;5825677,409;13,41597;52,49869\
194518;11;8;8020726;Buckow West;2019;5;9;1;3;5;3;0;0;1;0;1;0;0;0;799852,9118;5816514,875;13,40996;52,41648\
194519;11;4;4030929;Hindemithplatz;2019;5;8;1;2;0;2;0;0;1;0;0;0;0;0;792707,631;5825467,903;13,31305;52,50061\
194520;11;12;12301205;Waidmannslust;2019;5;3;1;2;1;5;2;0;1;0;0;0;0;0;791625,9962;5836754,338;13,30708;52,60237\
194521;11;6;6010101;Fichtenberg;2019;5;13;1;3;2;6;0;0;1;0;0;0;1;0;793396,6998;5820359,578;13,31868;52,45445\
194522;11;12;12214527;Alt-Tegel;2019;5;14;1;3;5;2;0;0;1;0;0;0;0;0;789903,1543;5835694,804;13,28078;52,59379\
194523;11;7;7010101;Wittenbergplatz/Viktoria-Luise-Platz;2019;5;16;7;2;6;2;0;0;0;1;0;0;1;0;794963,4986;5824889,041;13,34568;52,49421\
194524;11;4;4051655;Babelsberger Stra\'dfe;2019;5;12;7;3;1;5;0;0;1;0;0;0;0;0;794221,9305;5823923,713;13,33393;52,48596\
194525;11;3;3040614;Pankow Zentrum;2019;5;19;7;3;5;2;1;1;1;0;0;0;0;0;800025,0322;5834542,94;13,42872;52,57798\
194526;11;1;1011402;Arkonaplatz;2019;5;17;7;3;5;3;0;1;0;0;0;0;1;0;798731,3362;5829568,325;13,40521;52,5341\
194527;11;12;12302108;M\'e4rkisches Zentrum;2019;5;21;7;2;6;4;2;0;1;1;0;0;0;0;793826,5854;5836350,248;13,33912;52,59757\
194528;11;12;12302108;M\'e4rkisches Zentrum;2019;5;21;7;3;6;6;2;0;1;1;0;0;0;0;793817,42;5836446,814;13,33907;52,59844\
194529;11;1;1044101;Rehberge;2019;5;19;7;3;5;2;0;1;1;0;0;0;0;0;794526,2011;5831579,001;13,34518;52,55442\
194530;11;9;9020802;K\'f6llnische Vorstadt;2019;5;19;7;3;5;3;0;0;1;0;0;0;0;0;810306,2572;5819727,921;13,56616;52,43945\
194531;11;7;7050501;Rathausstra\'dfe;2019;5;17;7;3;5;2;0;0;1;0;1;0;0;0;797213,3135;5819550,569;13,37396;52,44513\
194532;11;9;9041501;Altstadt Kietz;2019;5;18;7;3;2;6;0;0;1;0;0;0;0;1;811260,2851;5820195,324;13,58059;52,4431\
194533;11;10;10040933;Mahlsdorf S\'fcd;2019;5;18;7;2;1;5;0;0;1;0;1;0;0;0;813910,8792;5825561,296;13,6245;52,48967\
194534;11;1;1044202;Sparrplatz;2019;5;18;7;3;2;6;0;0;1;0;0;0;0;0;795045,571;5830316,297;13,3517;52,54282\
194535;11;10;10020413;Gut Hellersdorf;2019;5;17;7;3;5;3;0;0;1;0;1;0;0;0;812010,4312;5830589,805;13,60132;52,53582\
194536;11;1;1011306;Heine-Viertel Ost;2019;5;16;7;3;1;5;0;0;1;0;0;0;0;0;799906,8773;5826955,879;13,42014;52,51004\
194537;11;2;2030401;Reichenberger Stra\'dfe;2019;5;1;7;3;5;3;2;0;1;0;0;0;0;1;800871,0992;5825304,613;13,43281;52,49471\
194538;11;5;5020523;Maulbeerallee;2019;5;14;7;2;0;6;0;0;1;0;0;0;1;0;782434,9399;5827016,673;13,16344;52,51991\
194539;11;1;1044101;Rehberge;2019;5;14;7;3;6;4;0;0;1;1;0;0;0;1;794790,4156;5831159,972;13,34869;52,55052\
194540;11;10;10020413;Gut Hellersdorf;2019;5;13;7;2;0;1;0;1;0;0;0;0;0;0;810968,6965;5830834,146;13,58624;52,5386\
194541;11;8;8041040;Waltersdorfer Chaussee Ost;2019;5;13;7;3;5;2;0;1;1;0;0;0;0;0;805807,5909;5816836,148;13,49754;52,41607\
194542;11;12;12301206;L\'fcbars;2019;5;12;7;3;5;3;0;1;1;0;0;0;0;0;793791,716;5838387,289;13,34041;52,61584\
194543;11;3;3030406;Alt-Karow;2019;5;11;7;3;5;3;0;0;1;0;0;0;0;0;802871,7582;5838290,452;13,47403;52,60999\
194544;11;6;6040701;Wannsee;2019;5;10;7;3;0;1;0;0;1;0;0;0;0;0;784608,7136;5816618,354;13,18652;52,42555\
194545;11;4;4051551;Brabanter Platz;2019;5;3;6;3;1;1;2;0;1;0;0;0;0;0;793294,5183;5823078,694;13,31957;52,47888\
194546;11;10;10040933;Mahlsdorf S\'fcd;2019;5;8;6;3;5;2;0;1;1;0;0;0;0;0;813089,3001;5827106,998;13,61389;52,50399\
194547;11;9;9051901;Dammvorstadt;2019;5;12;6;3;6;7;0;0;1;1;0;0;0;0;811036,5617;5821843,097;13,57884;52,45799\