OBJECTID;LAND;BEZ;LOR;STRASSE;UJAHR;UMONAT;USTUNDE;UWOCHENTAG;UKATEGORIE;UART;UTYP1;ULICHTVERH;IstRad;IstPKW;IstFuss;IstKrad;IstGkfz;IstSonstige;USTRZUSTAND;LINREFX;LINREFY;XGCSWGS84;YGCSWGS84\
194548;11;5;5040936;J\'e4gerallee;2019;5;14;6;3;6;6;0;0;1;1;0;0;0;0;781031,1745;5819392,18;13,13638;52,45227\
194549;11;7;7030301;Friedenau;2019;5;22;6;3;2;2;2;0;1;0;0;0;0;0;794083,5444;5821722,798;13,32996;52,4663\
194550;11;7;7040403;Manteuffelstra\'dfe;2019;5;6;6;3;3;6;0;0;1;0;0;0;1;0;797300,836;5821360,397;13,37686;52,46131\
194551;11;2;2030402;Wrangelkiez;2019;5;21;6;3;6;4;2;1;0;1;0;0;0;0;801475,9238;5825766,403;13,44211;52,49852\
194552;11;8;8010303;Donaustra\'dfe;2019;5;19;6;3;1;5;0;1;1;0;0;0;1;0;801422,6668;5823868,016;13,43961;52,48153\
194553;11;8;8010301;Reuterkiez;2019;5;7;6;3;5;3;0;0;1;0;0;0;0;0;800566,6502;5825140,195;13,42819;52,4934\
194554;11;12;12103219;Sch\'e4fersee;2019;5;18;6;3;5;2;0;0;1;0;0;0;0;0;795066,6558;5832467,641;13,35392;52,56209\
194555;11;7;7010104;Dennewitzplatz;2019;5;18;6;3;1;5;0;1;1;0;0;0;1;0;796478,9357;5824878,982;13,36792;52,4933\
194556;11;11;11020411;Malchower Weg;2019;5;7;6;3;1;1;0;0;1;0;0;1;0;0;804591,1166;5832766,386;13,49427;52,55952\
194557;11;9;9020701;Adlershof West;2019;5;17;6;3;5;3;0;1;1;0;0;0;0;0;807405,1348;5818330,199;13,52233;52,42856\
194558;11;1;1011302;Oranienburger Stra\'dfe;2019;5;8;6;3;5;2;0;1;1;0;0;0;0;0;799055,7572;5828996,62;13,40947;52,5288\
194559;11;1;1011201;Wilhelmstra\'dfe;2019;5;8;6;3;1;5;0;1;1;0;0;0;0;0;797320,9324;5827179,819;13,38234;52,51346\
194560;11;6;6040701;Wannsee;2019;5;0;6;3;1;5;2;1;0;0;0;1;1;0;781636,4579;5814901,696;13,14148;52,4117\
194561;11;1;1011301;Charit\'e9viertel;2019;5;8;6;3;2;6;0;0;1;0;1;0;0;0;796689,4316;5828765,441;13,37448;52,52802\
194562;11;5;5020626;Adamstra\'dfe;2019;5;9;6;2;6;4;0;0;1;1;0;0;0;0;784637,7828;5827259,952;13,19603;52,52095\
194563;11;7;7060603;Marienfelde Nordost;2019;5;9;6;2;6;4;0;0;1;1;0;0;0;0;798082,9263;5815826,686;13,3834;52,41128\
194564;11;1;1011204;Leipziger Stra\'dfe;2019;5;9;6;3;5;5;0;0;1;0;1;0;0;0;797954,8117;5826681,062;13,39121;52,50865\
194565;11;1;1022106;Elberfelder Stra\'dfe;2019;5;10;6;3;1;5;0;0;1;0;1;0;0;0;793890,4918;5827657,664;13,33236;52,51961\
194566;11;6;6010209;Feuerbachstra\'dfe;2019;5;11;6;3;2;6;0;0;1;0;0;0;0;0;794204,3995;5821446,042;13,33149;52,46375\
194567;11;5;5020625;Borkumer Stra\'dfe;2019;5;12;6;3;2;6;0;0;1;0;0;0;0;0;784791,3084;5828770,72;13,19958;52,53442\
194568;11;8;8010301;Reuterkiez;2019;5;12;6;3;5;2;0;1;0;0;0;0;1;0;800975,2383;5824764,517;13,43385;52,48981\
194569;11;2;2020204;Urbanstra\'dfe;2019;5;13;6;2;5;3;0;0;1;0;1;0;0;0;798420,4282;5824745,839;13,39632;52,49105\
194570;11;6;6010101;Fichtenberg;2019;5;13;6;3;5;7;0;1;1;0;0;0;0;0;793077,4855;5820686,071;13,31428;52,45755\
194571;11;3;3061332;Helmholtzplatz;2019;5;13;6;3;0;7;0;0;1;0;1;0;0;0;800033,175;5830686,507;13,42536;52,54341\
194572;11;1;1033102;Gesundbrunnen;2019;5;14;6;3;2;6;0;0;1;0;1;0;0;0;797571,7037;5831890,308;13,39025;52,55555\
194573;11;2;2020203;Viktoriapark;2019;5;15;6;3;5;7;0;0;1;0;1;0;0;0;797032,9532;5824470,717;13,3757;52,48934\
194574;11;12;12301203;Wittenau S\'fcd;2019;5;15;6;2;5;2;0;1;1;0;0;0;0;0;793539,1536;5835464,04;13,3341;52,58978\
194575;11;1;1011204;Leipziger Stra\'dfe;2019;5;16;5;3;1;5;0;1;1;0;0;0;1;0;797991,7643;5826838,456;13,3919;52,51004\
194576;11;3;3061429;Greifswalder Stra\'dfe;2019;5;8;5;3;5;3;0;1;1;0;0;0;0;0;801415,9424;5830909,621;13,44589;52,54465\
194577;11;8;8010510;Gewerbegebiet K\'f6llnische Heide;2019;5;6;5;2;2;7;0;0;1;0;1;0;0;0;803600,451;5821923,667;13,46981;52,4629\
194578;11;1;1011203;Unter den Linden S\'fcd;2019;5;11;5;3;6;2;0;0;1;1;0;0;0;0;797913,3963;5827274,605;13,39113;52,51399\
194579;11;9;9020701;Adlershof West;2019;5;18;5;3;5;2;0;1;1;0;0;0;0;0;808974,666;5818112,353;13,54514;52,42573\
194580;11;1;1011305;Heine-Viertel West;2019;5;18;5;3;0;3;0;1;1;0;0;0;0;0;799126,1116;5827120,575;13,40881;52,51195\
194581;11;1;1011306;Heine-Viertel Ost;2019;5;8;5;3;5;3;0;1;1;0;0;0;0;0;799898,9024;5826523,844;13,41963;52,50617\
194582;11;12;12214422;Klixstra\'dfe;2019;5;16;5;3;5;2;0;1;1;0;0;0;0;0;792217,2608;5833939,835;13,3133;52,57682\
194583;11;4;4030621;Spreestadt;2019;5;15;5;3;1;5;0;0;1;0;1;0;0;0;793503,6914;5827893,08;13,32689;52,52193\
194584;11;2;2010103;Moritzplatz;2019;5;14;5;3;5;5;0;1;1;0;0;0;0;0;799564,6194;5826307,676;13,41452;52,50442\
194585;11;8;8030830;Gropiusstadt S\'fcd;2019;5;15;5;2;5;2;0;0;1;0;0;0;0;0;802294,9254;5817848,234;13,44697;52,42709\
194586;11;12;12301203;Wittenau S\'fcd;2019;5;15;5;3;2;6;0;0;1;0;0;0;0;0;792548,31;5834467,682;13,31864;52,58138\
194587;11;3;3051022;Hansastra\'dfe;2019;5;15;5;2;5;2;0;0;1;0;1;0;0;0;803342,4377;5831580,71;13,47482;52,54959\
194588;11;6;6010101;Fichtenberg;2019;5;9;5;2;5;3;0;1;1;0;0;0;0;0;792711,912;5821670,605;13,30978;52,46657\
194589;11;5;5030730;Zitadellenweg;2019;5;12;5;3;5;3;0;0;0;0;1;0;1;0;786106,7127;5829356,904;13,21942;52,53898\
194590;11;1;1022103;Westhafen;2019;5;12;5;3;5;2;0;1;0;0;0;1;0;0;793500,9477;5829389,725;13,32817;52,53534\
194591;11;4;4030725;Amtsgerichtsplatz;2019;5;11;5;3;5;3;0;0;1;0;0;0;0;0;791292,4732;5826060,761;13,29278;52,50669\
194592;11;6;6010102;Schlo\'dfstra\'dfe;2019;5;15;5;3;6;7;0;0;1;1;0;0;0;0;793520,2365;5820658,453;13,32076;52,45706\
194593;11;9;9030903;K\'f6lner Viertel;2019;5;15;5;3;6;7;0;0;1;1;0;0;0;0;808749,8299;5815317,378;13,53927;52,4008\
194594;11;7;7010104;Dennewitzplatz;2019;5;10;5;3;5;3;0;1;1;0;0;0;0;0;796364,5711;5825091,324;13,36643;52,49526\
194595;11;2;2050803;Stralauer Kiez;2019;5;10;5;3;5;2;0;0;1;0;0;0;1;0;802950,2125;5826077,699;13,46404;52,50049\
194596;11;7;7030303;Grazer Platz;2019;5;8;5;3;2;6;0;0;1;0;0;0;1;0;795332,6233;5821559,26;13,34815;52,46416\
194597;11;1;1011303;Alexanderplatzviertel;2019;5;8;5;3;3;6;0;0;0;0;0;0;1;0;799113,834;5828309,341;13,4097;52,52261\
194598;11;2;2010102;Mehringplatz;2019;5;8;5;2;0;1;0;0;0;0;1;0;0;0;798433,2438;5826505,333;13,39808;52,50681\
194599;11;2;2040701;Andreasviertel;2019;5;0;5;3;1;5;2;1;1;0;0;0;0;0;800645,1725;5827393,033;13,43138;52,51355\
194600;11;7;7040403;Manteuffelstra\'dfe;2019;5;8;5;3;0;1;0;1;0;0;0;0;0;0;797284,0038;5821143,507;13,37642;52,45938\
194601;11;2;2040703;Wriezener Bahnhof/Entwicklungsgebiet;2019;5;16;4;3;6;2;0;1;0;1;0;0;0;0;800921,742;5826861,776;13,43496;52,50864\
194602;11;6;6030610;Lichterfelde West;2019;5;19;4;3;5;2;0;0;1;0;0;0;0;0;792938,7022;5817767,983;13,30969;52,43146\
194603;11;8;8010303;Donaustra\'dfe;2019;5;19;4;2;3;6;0;0;1;0;0;0;0;0;801027,423;5823894,033;13,43383;52,48198\
194604;11;2;2030401;Reichenberger Stra\'dfe;2019;5;22;4;3;6;4;2;1;0;1;0;0;0;0;800480,428;5825761,597;13,42748;52,49902\
194605;11;3;3030716;M\'e4rchenland;2019;5;12;4;3;5;2;0;1;1;0;0;0;0;0;803366,1508;5833523,539;13,47695;52,56699\
194606;11;5;5020625;Borkumer Stra\'dfe;2019;5;21;4;2;2;6;2;0;1;0;1;0;0;0;784391,5608;5828680,705;13,19362;52,53382\
194607;11;12;12302107;Schorfheidestra\'dfe;2019;5;19;4;3;5;2;0;0;1;0;1;0;0;0;794339,284;5835706,267;13,34609;52,59152\
194608;11;2;2040701;Andreasviertel;2019;5;18;4;3;6;7;0;0;1;1;0;0;0;0;801071,1201;5827121,581;13,43739;52,51089\
194609;11;9;9010101;Elsenstra\'dfe;2019;5;18;4;3;6;2;0;0;1;1;0;0;0;0;802309,9897;5825530,661;13,45414;52,49594\
194610;11;7;7040403;Manteuffelstra\'dfe;2019;5;14;4;3;6;7;0;1;0;1;0;0;0;0;797855,0421;5821652,03;13,38525;52,46362\
194611;11;4;4031032;Halensee;2019;5;13;4;3;5;2;0;0;1;0;1;0;0;0;791577,9677;5824878,875;13,29594;52,49594\
194612;11;6;6040809;Thielallee;2019;5;13;4;3;1;5;0;1;1;0;0;0;1;0;792269,5007;5820610,285;13,30236;52,4573\
194613;11;5;5030731;Gartenfelder Stra\'dfe;2019;5;12;4;3;2;2;0;0;1;0;1;0;0;0;787665,0754;5829975,328;13,24287;52,54371\
194614;11;4;4030620;Alt-Lietzow;2019;5;12;4;3;3;6;0;1;1;0;0;0;0;0;792661,1466;5827139,968;13,31384;52,51563\
194615;11;2;2010103;Moritzplatz;2019;5;17;4;3;5;2;0;0;1;0;1;0;0;0;798718,12;5825880,516;13,40171;52,50105\
194616;11;8;8020625;Handwerker-Siedlung;2019;5;12;4;3;5;3;0;0;1;0;0;0;0;0;801478,55;5817971,456;13,43511;52,42865\
194617;11;12;12231102;Frohnau;2019;5;12;4;3;5;3;0;1;1;0;0;0;0;0;790579,008;5839713,713;13,29426;52,62946\
194618;11;4;4051448;Schaperstra\'dfe;2019;5;15;4;3;0;2;0;0;1;0;0;0;1;0;793503,5733;5825309,422;13,32461;52,49876\
194619;11;4;4051549;Rathaus Wilmersdorf;2019;5;15;4;3;0;6;0;1;1;0;0;0;0;0;793303,0783;5823754,17;13,32029;52,48493\
194620;11;10;10020622;Kaulsdorf Nord I;2019;5;16;4;3;2;1;0;0;1;0;0;0;0;0;810512,3879;5827974,251;13,57686;52,51323\
194621;11;2;2010103;Moritzplatz;2019;5;10;4;3;0;1;0;0;0;0;1;0;0;1;799282,541;5826219,366;13,4103;52,50378\
194622;11;12;12304313;Borsigwalde;2019;4;17;3;3;5;3;0;1;1;0;0;0;0;0;790967,1499;5834529,37;13,29542;52,58278\
194623;11;7;7010104;Dennewitzplatz;2019;4;6;3;2;5;3;0;0;1;0;1;0;0;0;796332,2021;5825092,714;13,36596;52,49529\
194624;11;1;1033102;Gesundbrunnen;2019;4;9;3;3;2;2;0;0;1;0;0;0;0;0;797179,4009;5831917,919;13,3845;52,55601\
194625;11;9;9020701;Adlershof West;2019;4;15;3;3;6;6;0;1;0;1;0;0;0;0;808562,4573;5819104,777;13,54001;52,43485\
194626;11;2;2030301;Oranienplatz;2019;4;17;3;3;1;5;0;0;1;0;1;0;0;0;799852,1146;5825823,338;13,41831;52,49992\
194627;11;1;1044101;Rehberge;2019;4;7;3;3;2;6;1;0;1;0;0;0;0;0;793878,0004;5830231,523;13,33445;52,54269\
194628;11;9;9020701;Adlershof West;2019;4;23;3;3;5;3;2;0;1;0;1;0;0;0;807417,0875;5818311,38;13,52249;52,42839\
194629;11;1;1033203;Humboldthain Nordwest;2019;4;15;3;2;5;2;0;0;0;0;1;0;1;0;796634,192;5829789,723;13,37458;52,53723\
194630;11;1;1044201;Reinickendorfer Stra\'dfe;2019;4;15;3;3;3;6;0;1;1;0;0;0;0;0;796919,9784;5831542,388;13,38035;52,55279\
194631;11;9;9010401;Johannisthal West;2019;4;15;3;3;5;3;0;1;1;0;0;0;0;0;806015,4078;5820102,357;13,50358;52,44523\
194632;11;7;7040401;Neu-Tempelhof;2019;4;15;3;3;5;3;0;1;0;0;0;0;1;0;797146,8825;5823822,619;13,37679;52,48347\
194633;11;7;7030301;Friedenau;2019;4;15;3;3;5;3;0;1;1;0;0;0;0;0;793747,1463;5821713,614;13,32501;52,4664\
194634;11;4;4020314;Messegel\'e4nde;2019;4;15;3;2;5;7;0;1;1;0;0;0;0;0;790410,8026;5825382,653;13,27924;52,50108\
194635;11;2;2010102;Mehringplatz;2019;4;15;3;2;5;2;0;1;1;0;0;0;0;0;798680,0182;5826445,145;13,40165;52,50614\
194636;11;1;1022201;Stephankiez;2019;4;15;3;2;5;7;0;0;1;0;1;0;0;0;794854,6689;5828992,144;13,34771;52,53105\
194637;11;2;2010102;Mehringplatz;2019;4;14;3;3;5;3;0;1;1;0;0;0;0;0;798514,8682;5826169,425;13,39898;52,50376\
194638;11;1;1022101;Huttenkiez;2019;4;14;3;3;5;2;0;1;0;0;0;1;0;0;793408,2861;5829078,436;13,32653;52,5326\
194639;11;10;10040933;Mahlsdorf S\'fcd;2019;4;14;3;3;3;6;0;1;0;0;0;0;1;0;813212,9248;5825316,6;13,61403;52,48788\
194640;11;4;4030724;Lietzensee;2019;4;15;3;3;1;5;0;0;1;0;0;0;0;0;791051,6605;5826351,101;13,2895;52,50942\
194641;11;7;7020203;Kaiser-Wilhelm-Platz;2019;4;13;3;3;5;7;0;1;1;0;0;0;0;0;795707,2049;5824041,262;13,35585;52,48621\
194642;11;4;4051446;Preu\'dfenpark;2019;4;11;3;3;5;2;0;1;1;0;0;0;0;0;792891,6925;5824757,108;13,31513;52,49414\
194643;11;9;9020501;Obersch\'f6neweide West;2019;4;6;3;3;5;7;0;0;1;0;0;1;0;0;806236,026;5822494,019;13,50901;52,46654\
194644;11;3;3061228;Erich-Weinert-Stra\'dfe;2019;5;18;5;3;2;6;0;0;1;0;0;0;0;0;800925,6469;5831198,171;13,43894;52,5475\
194645;11;10;10010203;Gewerbegebiet Bitterfelder Stra\'dfe;2019;4;6;3;3;1;5;0;0;1;0;0;1;0;0;807447,0093;5830728,883;13,53438;52,53966\
194646;11;5;5030731;Gartenfelder Stra\'dfe;2019;4;6;3;3;5;3;0;0;1;0;0;0;0;0;787269,2566;5830242,612;13,23728;52,54631\
194647;11;7;7050502;Fritz-Werner-Stra\'dfe;2019;5;18;5;3;5;3;0;0;1;0;0;0;0;0;797929,7911;5818556,127;13,38359;52,43583\
194648;11;3;3061126;Arnimplatz;2019;5;14;5;3;5;3;0;1;0;0;0;0;0;1;798836,0454;5831456,127;13,40845;52,55097\
194649;11;1;1044201;Reinickendorfer Stra\'dfe;2019;4;6;3;3;2;6;0;0;1;0;0;0;0;0;796543,9255;5831927,801;13,37516;52,55645\
194650;11;10;10030724;Oberfeldstra\'dfe;2019;5;14;5;2;2;6;0;0;1;0;0;0;0;1;809588,09;5828534,085;13,5638;52,51878\
194651;11;11;11040926;Weitlingstra\'dfe;2019;5;14;5;3;5;3;0;1;1;0;0;0;0;1;806449,4155;5826869,53;13,51616;52,50563\
194652;11;6;6010102;Schlo\'dfstra\'dfe;2019;5;16;6;3;1;5;0;1;1;0;0;0;0;0;793574,2415;5820963,488;13,32182;52,45977\
194653;11;11;11030618;Fennpfuhl West;2019;5;16;6;3;2;2;0;0;0;0;1;0;1;0;802427,995;5828890,968;13,45893;52,52599\
194654;11;2;2040701;Andreasviertel;2019;5;16;6;3;2;6;0;0;1;0;1;0;0;0;800168,844;5827328,842;13,42432;52,51324\
194655;11;12;12214125;Waldidyll/Flughafensee;2019;5;15;6;2;2;6;0;0;1;0;0;0;0;0;791191,5785;5830904,403;13,29554;52,55016\
194656;11;1;1011301;Charit\'e9viertel;2019;5;15;6;3;1;5;0;1;1;0;0;0;0;0;797040,0027;5828398,904;13,37931;52,52455\
194657;11;5;5040934;Alt-Gatow;2019;5;15;6;3;5;2;0;0;1;0;1;0;0;0;783507,6076;5822041,799;13,17497;52,47475\
194658;11;2;2010102;Mehringplatz;2019;5;15;6;3;2;6;0;0;1;0;0;0;1;0;798083,0715;5826489,931;13,39292;52,50686\
194659;11;11;11020513;Orankesee;2019;5;13;6;3;5;2;0;0;0;0;0;1;1;0;803007,8226;5830784,44;13,46918;52,54264\
194660;11;4;4051448;Schaperstra\'dfe;2019;5;13;6;2;5;2;0;1;1;0;0;0;0;0;793633,6498;5824865,512;13,32612;52,49472\
194661;11;1;1011302;Oranienburger Stra\'dfe;2019;5;13;6;3;0;5;0;1;0;0;0;0;1;0;797752,4679;5828802,039;13,39014;52,52777\
194662;11;2;2030301;Oranienplatz;2019;5;13;6;3;5;3;0;0;1;0;0;0;0;0;799704,9067;5826006,481;13,41631;52,50164\
194663;11;11;2050803;Stralauer Kiez;2019;5;12;6;3;3;6;0;1;0;0;0;0;1;0;803275,6778;5826146,086;13,46889;52,50092\
194664;11;9;9020701;Adlershof West;2019;5;11;6;3;0;3;0;0;1;0;0;0;1;0;808740,2692;5818502,998;13,54206;52,42936\
194665;11;9;9010101;Elsenstra\'dfe;2019;5;9;5;3;3;6;0;1;0;0;0;0;1;0;801672,6423;5825161,335;13,44445;52,49298\
194666;11;6;6030609;Augustaplatz;2019;5;20;5;3;2;6;1;0;1;0;0;0;0;0;793196,7893;5819819,793;13,31527;52,44972\
194667;11;5;5030832;Rohrdamm;2019;5;19;5;3;5;2;0;0;1;0;0;0;0;1;789675,18;5829301,072;13,27184;52,5366\
194668;11;1;1022201;Stephankiez;2019;5;19;5;3;5;3;0;1;1;0;0;0;0;1;795774,917;5829084,013;13,36132;52,53137\
194669;11;1;1044203;Leopoldplatz;2019;5;19;5;3;2;6;0;0;1;0;0;0;0;1;795770,8142;5831869,086;13,36374;52,55634\
194670;11;12;12214125;Waldidyll/Flughafensee;2019;5;23;5;3;0;1;2;0;0;0;1;0;0;1;791164,151;5834024,744;13,29788;52,57815\
194671;11;6;6020408;Lichterfelde S\'fcd;2019;5;8;5;3;0;1;0;0;0;0;0;0;1;1;792720,5039;5816241,039;13,30515;52,41789\
194672;11;5;5010312;Kurstra\'dfe;2019;5;12;5;3;2;4;0;0;1;1;0;0;0;1;784885,3067;5830156,404;13,20215;52,54679\
194673;11;4;4020314;Messegel\'e4nde;2019;5;12;5;3;2;6;0;0;1;0;0;1;0;1;790563,8669;5825419,472;13,28152;52,50132\
194674;11;6;6020408;Lichterfelde S\'fcd;2019;5;12;5;3;6;2;0;0;0;1;0;0;1;1;793052,7272;5816371,776;13,31014;52,41888\
194675;11;2;2020204;Urbanstra\'dfe;2019;5;11;5;3;5;3;0;0;1;0;0;0;0;1;798538,9619;5825340,119;13,39859;52,49631\
194676;11;10;10030724;Oberfeldstra\'dfe;2019;5;10;5;3;6;2;0;0;1;1;0;0;0;1;809190,2108;5830208,994;13,55952;52,53401\
194677;11;2;2050802;Boxhagener Platz;2019;5;10;5;3;0;2;0;0;1;0;0;0;1;1;802039,4521;5827167,37;13,45166;52,51076\
194678;11;2;2040701;Andreasviertel;2019;5;10;5;3;2;6;0;0;0;0;0;0;1;1;800870,9334;5826856,409;13,43421;52,50862\
194679;11;2;2040703;Wriezener Bahnhof/Entwicklungsgebiet;2019;5;9;5;3;5;3;0;1;1;0;0;0;0;1;801108,4021;5827043,87;13,43787;52,51017\
194680;11;2;2030401;Reichenberger Stra\'dfe;2019;5;9;5;3;5;3;0;0;1;0;1;0;0;1;800625,1704;5825680,819;13,42954;52,49822\
194681;11;12;12103116;Hausotterplatz;2019;5;9;5;3;5;3;0;0;1;0;0;0;0;1;796741,1278;5833529,995;13,3795;52,5707\
194682;11;2;2020204;Urbanstra\'dfe;2019;5;8;5;3;2;6;0;0;1;0;0;0;0;1;798501,383;5825362,595;13,39806;52,49653\
194683;11;1;1044201;Reinickendorfer Stra\'dfe;2019;5;8;5;3;5;2;0;0;1;0;0;0;0;1;796695,7454;5831632,059;13,37713;52,55371\
194684;11;2;2050602;Samariterviertel;2019;5;8;5;2;5;2;0;0;1;0;1;0;0;1;802768,3787;5827684,086;13,46283;52,51499\
194685;11;3;3030715;Heinersdorf;2019;5;8;5;3;4;6;0;0;1;0;0;1;0;1;800997,7698;5833690,921;13,44226;52,56981\
194686;11;7;7050501;Rathausstra\'dfe;2019;5;6;5;3;6;2;0;0;1;1;0;0;0;1;797506,2777;5819279,941;13,37802;52,44255\
194687;11;4;4030621;Spreestadt;2019;5;5;5;2;1;1;1;0;1;0;0;0;0;1;793593,1639;5827840,079;13,32815;52,5214\
194688;11;11;11030721;R\'fcdigerstra\'dfe;2019;5;2;5;2;6;4;2;0;0;1;0;1;0;1;803909,919;5828257,616;13,48013;52,51949\
194689;11;6;6020303;Lankwitz Kirche;2019;5;17;5;2;6;4;0;0;1;1;0;0;0;0;795273,5393;5818159,212;13,34428;52,43371\
194690;11;3;3071537;Kollwitzplatz;2019;5;17;5;3;2;6;0;0;1;0;1;0;0;1;799571,5765;5828972,39;13,41703;52,5283\
194691;11;5;5010314;Carl-Schurz-Stra\'dfe;2019;5;13;5;3;1;5;0;1;1;0;0;0;0;1;785642,3046;5828568,896;13,21192;52,53216\
194692;11;11;11041128;Sewanstra\'dfe;2019;5;17;5;2;1;5;0;1;1;0;0;0;0;0;805966,5069;5825290,122;13,50762;52,49175\
194693;11;2;2030402;Wrangelkiez;2019;5;17;5;3;1;5;0;1;1;0;0;0;0;0;801778,8935;5825794,152;13,44658;52,4986\
194694;11;2;2050602;Samariterviertel;2019;5;16;5;3;0;2;0;0;0;0;1;0;1;1;802768,038;5827682,907;13,46283;52,51498\
194695;11;1;1044201;Reinickendorfer Stra\'dfe;2019;5;16;5;3;6;4;0;0;1;1;0;0;0;1;796836,4116;5831496,938;13,37908;52,55243\
194696;11;1;1011201;Wilhelmstra\'dfe;2019;5;15;5;3;6;2;0;0;1;1;0;0;0;1;797253,17;5827355,928;13,38151;52,51508\
194697;11;3;3040818;Pankow S\'fcd;2019;5;15;5;3;1;5;0;1;1;0;0;0;0;1;799611,6666;5832084,792;13,42042;52,55618\
194698;11;4;4030623;Ernst-Reuter-Platz;2019;5;15;5;3;5;5;0;0;0;0;1;0;1;1;793453,4467;5826556,098;13,32497;52,50997\
194699;11;12;12301203;Wittenau S\'fcd;2019;5;15;5;2;0;1;0;0;0;0;1;0;0;1;793134,2464;5835277,916;13,32798;52,58833\
194700;11;7;7040403;Manteuffelstra\'dfe;2019;5;14;5;3;2;6;0;0;1;0;0;0;0;1;797244,3536;5820762,254;13,3755;52,45598\
194701;11;1;1044201;Reinickendorfer Stra\'dfe;2019;5;14;5;3;2;6;0;0;1;0;0;0;0;1;797036,1036;5831894,135;13,38237;52,55588\
194702;11;10;10010310;Alt-Marzahn;2019;5;10;4;3;2;6;0;0;1;0;0;0;0;0;809906,7119;5831576,953;13,57132;52,54586\
194703;11;4;4020311;Reichsstra\'dfe;2019;5;10;4;2;5;3;0;0;1;0;1;0;0;0;789829,513;5826308,723;13,2715;52,50969\
194704;11;7;7040406;Germaniagarten;2019;5;11;4;3;5;2;0;1;1;0;0;0;0;0;800108,112;5821434,533;13,41812;52,46044\
194705;11;1;1011303;Alexanderplatzviertel;2019;5;12;4;3;5;3;0;1;1;0;0;0;0;0;799139,8896;5827828,865;13,40965;52,51829\
194706;11;3;3061131;Falkplatz;2019;5;14;4;3;2;6;0;0;0;0;0;1;1;0;799036,172;5830376,173;13,41042;52,54118\
194707;11;9;9052001;K\'f6penick Nord;2019;5;14;4;3;5;3;0;1;1;0;0;0;0;1;811115,3389;5822357,823;13,58047;52,46256\
194708;11;5;5010206;G\'fctersloher Weg;2019;5;15;4;3;1;5;0;1;1;0;0;0;0;0;782063,847;5830186,162;13,16068;52,54853\
194709;11;5;5020626;Adamstra\'dfe;2019;5;16;4;3;5;3;0;1;1;0;0;0;0;0;784596,4003;5827970,939;13,19603;52,52735\
194710;11;4;4031032;Halensee;2019;5;16;4;3;2;6;0;0;1;0;0;0;0;0;790895,9026;5824758,164;13,28582;52,49522\
194711;11;5;5020521;D\'f6beritzer Weg;2019;5;16;4;3;2;6;0;0;1;0;0;0;0;0;779568,0472;5827837,031;13,12199;52,52875\
194712;11;1;1011305;Heine-Viertel West;2019;5;17;4;3;1;5;0;1;1;0;0;0;0;0;798870,2126;5826660,16;13,40464;52,50796\
194713;11;4;4030415;Schlo\'dfgarten;2019;5;17;4;3;2;6;0;0;1;0;0;0;0;0;790747,6763;5827375,957;13,28593;52,51877\
194714;11;10;10020413;Gut Hellersdorf;2019;5;18;4;3;5;3;0;1;1;0;0;0;0;0;812010,4005;5830589,949;13,60132;52,53582\
194715;11;10;10020517;Adele-Sandrock-Stra\'dfe;2019;5;15;4;2;6;4;0;0;1;1;0;0;0;1;813246,9276;5831036,357;13,61991;52,53911\
194716;11;5;5020420;Werkstra\'dfe;2019;5;12;4;3;0;5;0;0;1;0;0;0;1;0;780159,733;5828726,952;13,13144;52,53642\
194717;11;4;4030725;Amtsgerichtsplatz;2019;5;17;4;3;2;6;0;0;1;0;0;0;0;0;791929,9608;5826205,316;13,30228;52,50764\
194718;11;1;1011101;St\'fclerstra\'dfe;2019;5;10;4;3;2;6;0;0;1;0;0;0;0;0;794775,0114;5826232,823;13,3441;52,50636\
194719;11;3;3061126;Arnimplatz;2019;5;10;4;3;2;2;0;0;0;0;1;0;0;0;798656,8318;5831793,983;13,40612;52,55409\
194720;11;4;4030726;Droysenstra\'dfe;2019;5;9;4;2;6;7;0;0;1;1;0;0;0;0;791967,0817;5825240,483;13,30197;52,49897\
194721;11;1;1022204;Thomasiusstra\'dfe;2019;5;9;4;3;5;3;0;1;1;0;0;0;0;0;794797,2141;5828309,441;13,34626;52,52496\
194722;11;2;2020204;Urbanstra\'dfe;2019;5;9;4;3;5;2;0;1;1;0;0;0;0;0;798797,741;5824935,578;13,40203;52,49254\
194723;11;1;1011304;Karl-Marx-Allee;2019;5;9;4;3;2;6;0;1;0;0;0;0;0;0;800138,0224;5827373,49;13,42391;52,51366\
194724;11;4;4020313;K\'f6nigin-Elisabeth-Stra\'dfe;2019;5;9;4;3;3;6;0;0;1;0;0;0;0;0;790492,6671;5826677,484;13,28157;52,51264\
194725;11;2;2020203;Viktoriapark;2019;5;9;4;3;2;2;0;0;1;0;0;0;0;0;797781,5727;5824941,956;13,38711;52,49315\
194726;11;4;4030726;Droysenstra\'dfe;2019;5;22;4;3;0;2;2;0;1;0;1;0;0;0;791964,0814;5825257,345;13,30195;52,49912\
194727;11;1;1011203;Unter den Linden S\'fcd;2019;5;8;4;3;2;3;0;1;1;0;0;0;0;0;797765,4326;5827448,796;13,38912;52,51563\
194728;11;2;2010103;Moritzplatz;2019;5;8;4;3;6;2;0;0;0;1;0;0;1;0;799593,2433;5825828,281;13,41451;52,50011\
194729;11;12;12214125;Waldidyll/Flughafensee;2019;5;8;4;3;5;3;0;1;1;0;0;0;0;0;791374,32;5833124,802;13,30018;52,56997\