OBJECTID;LAND;BEZ;LOR;STRASSE;UJAHR;UMONAT;USTUNDE;UWOCHENTAG;UKATEGORIE;UART;UTYP1;ULICHTVERH;IstRad;IstPKW;IstFuss;IstKrad;IstGkfz;IstSonstige;USTRZUSTAND;LINREFX;LINREFY;XGCSWGS84;YGCSWGS84\
194730;11;11;11030721;R\'fcdigerstra\'dfe;2019;5;8;4;3;1;5;0;1;1;0;0;0;0;0;803824,3205;5828349,301;13,47895;52,52036\
194731;11;7;7020202;Volkspark (Rudolf-Wilde-Park);2019;5;7;4;3;5;3;0;1;1;0;0;0;0;0;794798,2513;5823734,554;13,34223;52,48395\
194732;11;9;9020701;Adlershof West;2019;5;7;4;3;6;4;0;0;1;1;0;0;0;0;808552,9596;5819121,429;13,53989;52,43501\
194733;11;1;1033203;Humboldthain Nordwest;2019;5;21;4;3;8;1;2;0;1;0;0;0;0;1;796744,0552;5830484,306;13,37682;52,5434\
194734;11;8;8010404;Rixdorf;2019;5;7;4;3;6;4;0;0;1;1;0;0;0;0;801794,426;5823034,397;13,44431;52,47385\
194735;11;9;9020802;K\'f6llnische Vorstadt;2019;5;7;4;3;5;3;0;0;1;0;1;0;0;0;810473,7888;5820264,069;13,56912;52,44416\
194736;11;5;5010339;Freiheit;2019;5;7;4;2;5;2;0;1;1;0;0;0;0;0;786719,5581;5828213,484;13,22745;52,52841\
194737;11;5;5030832;Rohrdamm;2019;5;6;4;3;2;6;0;0;1;0;0;0;0;0;789773,6498;5829265,461;13,27326;52,53622\
194738;11;4;4051448;Schaperstra\'dfe;2019;5;18;4;3;5;2;0;1;1;0;0;0;0;1;793474,2577;5824732,169;13,32367;52,49361\
194739;11;9;9031101;Gr\'fcnau;2019;5;7;3;3;4;6;0;1;0;0;0;0;0;0;811048,5536;5816925,014;13,57444;52,41391\
194740;11;11;11020515;Landsberger Allee;2019;5;6;3;3;5;2;0;1;1;0;0;0;0;0;803330,1831;5830082,83;13,47328;52,53617\
194741;11;4;4051551;Brabanter Platz;2019;5;18;3;3;5;2;0;0;1;0;0;0;0;0;793343,8697;5823071,599;13,32029;52,47879\
194742;11;9;9051901;Dammvorstadt;2019;5;17;3;3;6;4;0;0;1;1;0;0;0;0;810657,4944;5821080,043;13,57257;52,45137\
194743;11;12;12214422;Klixstra\'dfe;2019;5;16;3;3;6;2;0;0;1;1;0;0;0;0;792284,5413;5833928,505;13,31428;52,57669\
194744;11;1;1033101;Soldiner Stra\'dfe;2019;5;16;3;2;6;4;0;0;1;1;0;0;0;0;796442,1858;5832092,099;13,37382;52,55798\
194745;11;5;5030730;Zitadellenweg;2019;5;5;3;3;5;2;0;1;1;0;0;0;0;0;786252,1905;5829129,244;13,22137;52,53686\
194746;11;5;5010209;An der Kappe;2019;5;19;3;3;5;3;0;0;1;0;0;0;0;0;782800,1153;5830384,756;13,17167;52,54992\
194747;11;5;5030731;Gartenfelder Stra\'dfe;2019;5;16;3;2;5;7;0;0;1;0;0;1;0;0;787999,8715;5830187,348;13,24798;52,54543\
194748;11;1;1011301;Charit\'e9viertel;2019;5;17;3;3;8;1;0;0;1;0;0;0;0;0;797576,7802;5828569,24;13,38735;52,52578\
194749;11;1;1033203;Humboldthain Nordwest;2019;5;13;3;3;5;2;0;0;1;0;0;0;0;0;796855,324;5830644,512;13,3786;52,54478\
194750;11;4;4031032;Halensee;2019;5;22;3;2;6;4;2;0;1;1;0;0;0;0;791174,1439;5824964,605;13,29009;52,49692\
194751;11;7;7070705;Franziusweg/Rohrbachstra\'dfe;2019;5;13;3;3;5;2;0;1;1;0;0;0;0;0;798861,3012;5813649,347;13,39287;52,39134\
194752;11;12;12302108;M\'e4rkisches Zentrum;2019;5;13;3;3;5;3;0;1;1;0;0;0;0;0;793826,9076;5836348,108;13,33912;52,59755\
194753;11;3;3061228;Erich-Weinert-Stra\'dfe;2019;5;13;3;3;5;2;0;1;1;0;0;0;0;0;800190,4756;5830932,505;13,42789;52,54553\
194754;11;7;7030301;Friedenau;2019;5;11;3;3;5;2;0;1;1;0;0;0;0;0;793989,873;5821548,87;13,32843;52,46479\
194755;11;7;7010102;Nollendorfplatz;2019;5;9;3;3;5;2;0;1;1;0;0;0;0;0;794952,1199;5825645,634;13,34618;52,501\
194756;11;11;11051331;Karlshorst Nord;2019;5;9;3;3;0;7;0;1;0;0;0;0;0;0;807586,926;5824501,725;13,53068;52,48377\
194757;11;9;9041501;Altstadt Kietz;2019;5;15;3;3;0;4;0;0;0;1;0;0;1;0;811257,7372;5820224,523;13,58058;52,44336\
194758;11;7;7060603;Marienfelde Nordost;2019;5;9;3;2;5;7;0;0;1;0;0;0;0;0;798347,557;5815900,579;13,38735;52,4118\
194759;11;6;6040810;Dahlem;2019;5;9;3;3;2;6;0;0;1;0;0;0;0;0;790161,3871;5819797,243;13,27071;52,45113\
194760;11;5;5020625;Borkumer Stra\'dfe;2019;5;8;3;3;3;2;0;0;1;0;0;1;0;0;784709,8552;5828610,857;13,19824;52,53302\
194761;11;3;3040614;Pankow Zentrum;2019;5;8;3;3;2;6;0;0;1;0;0;1;0;0;799540,559;5833962,642;13,42107;52,57305\
194762;11;7;7050501;Rathausstra\'dfe;2019;5;7;3;3;5;2;0;1;0;0;0;0;1;0;797204,5773;5818623,52;13,37301;52,43683\
194763;11;5;5010103;Amorbacher Weg;2019;5;7;3;3;5;7;0;0;1;0;1;0;0;0;784077,5348;5831148,963;13,19112;52,55611\
194764;11;3;3040818;Pankow S\'fcd;2019;5;7;3;3;5;3;0;0;1;0;0;0;0;0;799744,2674;5831841,938;13,42215;52,55393\
194765;11;9;9020701;Adlershof West;2019;5;16;3;3;2;6;0;0;1;0;0;0;1;0;808355,907;5819446,392;13,5373;52,43803\
194766;11;3;3061131;Falkplatz;2019;5;16;3;3;5;3;0;1;1;0;0;0;0;0;799127,4215;5830556,244;13,41192;52,54274\
194767;11;3;3061227;Humannplatz;2019;5;16;3;3;5;3;0;1;1;0;0;0;0;0;800085,705;5831671,197;13,42702;52,55221\
194768;11;8;8041037;Alt-Rudow;2019;5;15;3;3;2;6;0;0;1;0;0;0;0;0;805300,9048;5818198,645;13,49136;52,42856\
194769;11;2;2030302;Lausitzer Platz;2019;5;15;3;3;1;5;0;1;1;0;0;0;0;0;800891,5997;5826110,274;13,43384;52,50192\
194770;11;7;7040403;Manteuffelstra\'dfe;2019;5;15;3;3;1;5;0;1;0;0;0;0;1;0;797208,1037;5821393,361;13,37553;52,46166\
194771;11;1;1022204;Thomasiusstra\'dfe;2019;5;11;3;3;5;3;0;1;0;0;1;0;0;0;795211,0002;5828229,304;13,35227;52,52402\
194772;11;8;8010118;Silbersteinstra\'dfe;2019;5;11;3;3;0;6;0;1;0;0;0;0;1;0;800997,7986;5822176,36;13,43184;52,4666\
194773;11;10;10010206;Ringkolonnaden;2019;5;14;2;3;5;3;0;0;1;0;0;0;0;0;810011,6813;5832304,951;13,57354;52,55233\
194774;11;2;2020204;Urbanstra\'dfe;2019;5;16;2;3;6;7;0;1;0;1;0;0;0;0;798629,4544;5825311,279;13,39989;52,496\
194775;11;3;3061441;Eldenaer Stra\'dfe;2019;5;12;2;3;1;5;0;1;1;0;0;0;0;0;802801,5972;5828576,123;13,46413;52,52296\
194776;11;7;7060604;Marienfelde S\'fcd;2019;5;9;2;2;0;5;0;0;1;0;0;0;1;0;796117,0279;5815936,531;13,35468;52,41333\
194777;11;11;11040926;Weitlingstra\'dfe;2019;5;15;2;3;5;3;0;1;1;0;0;0;0;0;805491,9218;5827157,094;13,50236;52,50875\
194778;11;5;5020524;Weinmeisterhornweg;2019;5;11;2;2;0;1;0;0;1;0;1;0;0;0;783447,9605;5826733,803;13,17809;52,51685\
194779;11;1;1011305;Heine-Viertel West;2019;5;9;2;3;3;6;0;1;0;0;0;0;0;0;799107,9376;5827140,17;13,40856;52,51213\
194780;11;2;2040701;Andreasviertel;2019;5;15;2;3;5;3;0;0;1;0;0;0;0;0;800591,8972;5827048,699;13,43028;52,5105\
194781;11;11;11010204;Falkenberg Ost;2019;5;15;2;3;6;7;0;0;0;1;1;0;0;0;806791,6013;5833787,367;13,52757;52,56744\
194782;11;3;3061435;Conrad-Blenkle-Stra\'dfe;2019;5;14;2;3;2;2;0;1;1;0;0;0;0;0;801740,3856;5829170,432;13,44908;52,52888\
194783;11;11;11041128;Sewanstra\'dfe;2019;5;14;2;3;5;2;0;1;1;0;0;0;0;0;806996,9693;5825780,863;13,5232;52,49557\
194784;11;11;11040926;Weitlingstra\'dfe;2019;5;14;2;2;5;7;0;0;1;0;0;0;1;0;806701,7124;5826903,615;13,5199;52,5058\
194785;11;5;5030832;Rohrdamm;2019;5;14;2;3;5;3;0;1;1;0;0;0;0;0;788963,6388;5829790,687;13,26181;52,54136\
194786;11;8;8041035;Blumenviertel;2019;5;13;2;3;2;6;0;0;1;0;0;0;0;0;804076,024;5819258,85;13,47436;52,43875\
194787;11;2;2030402;Wrangelkiez;2019;5;11;2;3;5;2;0;0;1;0;1;0;0;0;801701,6579;5825858,233;13,44551;52,49921\
194788;11;1;1033203;Humboldthain Nordwest;2019;5;10;2;3;2;2;0;1;1;0;0;0;0;0;796636,2115;5829797,861;13,37462;52,53731\
194789;11;10;10010310;Alt-Marzahn;2019;5;9;2;3;2;6;0;0;1;0;0;0;0;0;809391,801;5831416,355;13,5636;52,54472\
194790;11;8;8010303;Donaustra\'dfe;2019;5;10;2;3;0;1;0;0;0;0;1;0;0;0;801105,6963;5824045,046;13,43512;52,48329\
194791;11;1;1011303;Alexanderplatzviertel;2019;5;9;2;2;5;2;0;1;0;0;0;1;0;0;799108,7869;5828466,04;13,40977;52,52402\
194792;11;11;11020514;Gro\'dfe-Leege-Stra\'dfe;2019;5;15;2;3;5;3;0;0;1;0;0;0;0;0;804696,1207;5830719,916;13,49394;52,54112\
194793;11;9;9041301;Kietzer Feld/Nachtheide;2019;5;14;2;3;8;1;0;0;1;0;0;0;0;0;811809,5241;5818140,945;13,58672;52,42437\
194794;11;2;2030401;Reichenberger Stra\'dfe;2019;5;8;2;2;5;2;0;1;1;0;0;0;0;0;800949,2019;5825524,498;13,43415;52,49664\
194795;11;1;1011204;Leipziger Stra\'dfe;2019;5;8;2;3;1;5;0;1;1;0;0;0;1;0;798538,8936;5826790,929;13,39989;52,50931\
194796;11;7;7010102;Nollendorfplatz;2019;5;8;2;2;6;4;0;0;0;1;1;0;0;0;795199,5541;5825605,528;13,34978;52,5005\
194797;11;6;6010210;Bismarckstra\'dfe;2019;5;8;2;3;2;7;0;0;1;0;1;1;0;0;794997,2999;5821377,003;13,34307;52,46271\
194798;11;9;9031101;Gr\'fcnau;2019;5;8;2;3;5;2;0;1;0;0;0;1;0;0;810277,4531;5818053,555;13,56418;52,42446\
194799;11;6;6040810;Dahlem;2019;5;7;2;3;0;1;0;0;0;0;1;0;0;0;790682,2482;5821048,534;13,27945;52,46208\
194800;11;4;4041344;R\'fcdesheimer Platz;2019;5;7;2;3;5;3;0;0;1;0;1;0;0;0;793085,124;5822780,311;13,31623;52,47632\
194801;11;7;7060604;Marienfelde S\'fcd;2019;5;12;2;3;5;3;0;1;1;0;0;0;0;0;798071,4168;5814690,199;13,38222;52,4011\
194802;11;2;2050801;Traveplatz;2019;5;20;2;3;5;3;0;0;1;0;0;0;1;0;803201,5498;5827260,878;13,46881;52,51095\
194803;11;7;7050501;Rathausstra\'dfe;2019;5;19;2;3;1;1;0;0;1;0;0;0;0;0;797746,1973;5820398,892;13,38254;52,45245\
194804;11;12;12214424;Scharnweberstra\'dfe;2019;5;18;2;3;2;6;0;0;1;0;0;0;0;0;793511,6257;5832411,789;13,33099;52,56243\
194805;11;12;12214423;Mellerbogen;2019;5;18;2;2;6;4;1;0;1;1;0;0;0;0;792727,349;5833871,973;13,32075;52,57594\
194806;11;4;4041343;Binger Stra\'dfe;2019;5;18;2;3;6;7;0;0;1;1;0;0;0;0;792695,8545;5823099,215;13,3108;52,47938\
194807;11;10;10020412;Alte Hellersdorfer Stra\'dfe;2019;5;17;2;3;5;3;0;1;1;0;0;0;0;0;811770,6273;5831763,074;13,59889;52,54647\
194808;11;1;1011305;Heine-Viertel West;2019;5;17;2;3;1;5;0;1;0;0;0;0;1;0;799528,6038;5826741,844;13,41439;52,50833\
194809;11;5;5020625;Borkumer Stra\'dfe;2019;5;16;2;2;6;4;0;0;1;1;0;0;0;0;784521,2249;5828650,413;13,1955;52,53348\
194810;11;2;2050601;Hausburgviertel;2019;5;16;2;3;5;3;0;0;1;0;0;0;1;0;801772,1931;5828665,675;13,44909;52,52434\
194811;11;9;9010101;Elsenstra\'dfe;2019;5;15;2;3;5;2;0;1;0;0;0;0;1;0;802327,5175;5825309,564;13,4542;52,49395\
194812;11;1;1011305;Heine-Viertel West;2019;5;13;2;3;5;3;0;1;1;0;0;0;0;0;799698,2284;5827210,026;13,4173;52,51243\
194813;11;5;5010206;G\'fctersloher Weg;2019;5;12;2;3;3;3;0;0;1;0;0;0;0;0;782558,6477;5830463,657;13,16819;52,55076\
194814;11;8;8010508;Wei\'dfe Siedlung;2019;5;20;1;3;0;7;1;1;1;0;0;0;0;0;803014,0658;5823520,194;13,46266;52,47753\
194815;11;4;4031032;Halensee;2019;5;19;1;3;1;7;0;1;1;0;0;0;0;0;791849,4621;5825196,742;13,30021;52,49864\
194816;11;6;6030609;Augustaplatz;2019;5;18;1;3;5;7;0;0;1;0;1;0;0;0;793003,9873;5817867,185;13,31073;52,43232\
194817;11;7;7010102;Nollendorfplatz;2019;5;17;1;3;5;2;0;1;1;0;0;0;0;0;795448,8276;5825344,347;13,35321;52,49803\
194818;11;6;6020408;Lichterfelde S\'fcd;2019;5;17;1;3;1;5;0;1;1;0;0;0;0;0;792860,1046;5815408,961;13,30647;52,41035\
194819;11;9;9051702;B\'f6lschestra\'dfe;2019;5;16;1;3;6;7;0;0;0;1;1;0;0;0;814080,0546;5821883,941;13,62352;52,45662\
194820;11;9;9051901;Dammvorstadt;2019;5;16;1;3;5;2;0;1;1;0;0;0;0;0;810635,8732;5821048,723;13,57222;52,4511\
194821;11;3;3061227;Humannplatz;2019;5;16;1;3;2;6;0;0;1;0;1;0;0;0;800275,4868;5831605,725;13,42975;52,55152\
194822;11;6;6040804;Krumme Lanke;2019;5;16;1;3;5;3;0;0;1;0;0;0;0;0;787738,5978;5818260,43;13,23384;52,43864\
194823;11;6;6030609;Augustaplatz;2019;5;12;1;3;1;7;0;1;1;0;0;0;0;0;793062,9022;5818173,343;13,31186;52,43503\
194824;11;10;10020517;Adele-Sandrock-Stra\'dfe;2019;5;15;1;3;5;2;0;0;1;0;0;0;0;0;812579,558;5830318,931;13,60943;52,53306\
194825;11;9;9052001;K\'f6penick Nord;2019;5;14;1;3;3;6;0;0;1;0;0;0;0;0;811720,8954;5823293,614;13,59023;52,4706\
194826;11;3;3030711;Blankenburg;2019;5;12;1;3;0;3;0;1;1;0;0;0;0;0;801627,5346;5836352,235;13,45395;52,59331\
194827;11;8;8010301;Reuterkiez;2019;5;16;1;3;3;6;0;1;1;0;0;0;0;0;801054,0061;5824921,287;13,43515;52,49117\
194828;11;1;1022102;Beusselkiez;2019;5;11;1;2;5;7;0;0;1;0;1;0;0;0;793541,0291;5829060,08;13,32846;52,53237\
194829;11;2;2020203;Viktoriapark;2019;5;9;1;3;4;6;0;1;0;0;0;0;0;0;797613,1853;5824984,564;13,38468;52,49363\
194830;11;4;4020314;Messegel\'e4nde;2019;5;10;1;2;5;2;0;0;1;0;0;0;0;0;790387,6752;5825674,979;13,27915;52,50371\
194831;11;2;2020206;Graefekiez;2019;5;13;1;3;6;4;0;1;0;1;0;0;0;0;800201,2074;5824411,83;13,42217;52,48708\
194832;11;1;1011301;Charit\'e9viertel;2019;5;13;1;3;2;2;0;1;1;0;0;0;0;0;797590,3553;5828353,179;13,38735;52,52384\
194833;11;9;9020502;Obersch\'f6neweide Ost;2019;5;10;1;3;5;2;0;0;1;0;0;0;1;0;809391,89;5821482,711;13,55438;52,4557\
194834;11;8;8010303;Donaustra\'dfe;2019;5;4;1;3;5;7;1;0;1;0;0;0;0;1;800675,026;5824113,057;13,42885;52,48414\
194835;11;9;9010101;Elsenstra\'dfe;2019;5;20;1;3;0;7;0;0;1;0;0;0;0;0;802657,2975;5824431,568;13,45825;52,4859\
194836;11;12;12302109;Treuenbrietzener Stra\'dfe;2019;5;19;1;2;5;3;0;0;1;0;0;0;0;0;795259,8949;5836637,935;13,36048;52,59937\
194837;11;7;7020202;Volkspark (Rudolf-Wilde-Park);2019;5;12;7;3;5;3;0;1;0;0;0;0;1;0;795000,7494;5823312,432;13,34483;52,48006\
194838;11;5;5020419;Magistratsweg;2019;5;18;1;3;5;3;0;0;1;0;1;0;0;0;781738,1891;5828424,998;13,15439;52,5329\
194839;11;1;1044101;Rehberge;2019;5;14;7;3;6;2;0;0;1;1;0;0;0;0;794612,8561;5831374,565;13,34627;52,55254\
194840;11;4;4030931;Breitscheidplatz;2019;5;18;1;2;2;6;0;0;1;0;0;0;0;0;794205,5548;5826084,382;13,3356;52,50533\
194841;11;5;5010101;Hakenfelde Nord;2019;5;17;1;2;6;4;0;0;1;1;0;0;0;0;785595,3343;5832202,449;13,21435;52,56476\
194842;11;1;1022104;Emdener Stra\'dfe;2019;5;11;7;3;3;6;0;1;0;0;0;0;0;0;794318,0025;5828450,573;13,33935;52,52648\
194843;11;4;4041137;Flinsberger Platz;2019;5;16;1;3;1;5;0;0;1;0;0;0;0;0;790964,741;5823218,889;13,28549;52,48138\
194844;11;1;1022202;Heidestra\'dfe;2019;5;17;1;2;5;2;0;0;1;0;0;0;1;0;795663,6242;5829738,909;13,36027;52,53731\
194845;11;5;5020625;Borkumer Stra\'dfe;2019;5;12;7;3;2;7;0;0;1;0;0;0;0;0;784573,7714;5828437,344;13,19609;52,53154\
194846;11;8;8010301;Reuterkiez;2019;5;16;1;3;0;1;0;0;0;0;1;0;0;1;800881,7321;5824265,286;13,43203;52,48539\
194847;11;11;11030618;Fennpfuhl West;2019;5;17;7;2;0;1;0;0;0;0;1;0;0;1;803239,8134;5829620,784;13,47153;52,53208\
194848;11;9;9051801;Rahnsdorf/Hessenwinkel;2019;5;16;1;2;5;3;0;1;1;0;0;0;0;0;818930,6181;5820234,175;13,6931;52,43903\
194849;11;1;1011401;Invalidenstra\'dfe;2019;5;16;1;3;3;6;0;1;1;0;0;0;0;0;798211,6395;5829356,587;13,39738;52,53249\
194850;11;6;6020304;Kaiser-Wilhelm-Stra\'dfe;2019;5;23;7;3;5;2;2;0;1;0;0;0;0;0;794871,372;5817933,697;13,33818;52,43191\
194851;11;5;5010313;Ackerstra\'dfe;2019;5;19;7;3;5;2;0;0;1;0;0;0;0;1;784356,7062;5830003,074;13,19424;52,54569\
194852;11;6;6020302;Komponistenviertel Lankwitz;2019;5;16;1;3;0;1;0;0;1;0;1;0;0;1;795155,4358;5818833,071;13,34314;52,43982\
194853;11;1;1022206;L\'fcneburger Stra\'dfe;2019;5;15;1;3;5;2;0;1;1;0;0;0;0;0;795703,8228;5828178,073;13,35947;52,52329\
194854;11;5;5020523;Maulbeerallee;2019;5;18;7;3;5;3;1;0;1;0;0;0;0;1;782606,1708;5827484,517;13,16636;52,52402\
194855;11;6;6040703;Nikolassee;2019;5;13;1;3;1;5;0;1;1;0;0;0;0;0;786758,5891;5817508,623;13,21881;52,43241\
194856;11;2;2030401;Reichenberger Stra\'dfe;2019;5;18;7;3;5;2;0;1;1;0;0;0;0;1;800634,9945;5825676,122;13,42968;52,49817\
194857;11;3;3020307;Buchholz;2019;5;12;7;3;5;3;0;1;1;0;0;0;0;0;799917,928;5837070,13;13,42944;52,60069\
194858;11;6;6040701;Wannsee;2019;5;13;1;3;0;3;0;0;1;0;1;0;0;0;782753,228;5815836,286;13,15864;52,4195\
194859;11;5;5010206;G\'fctersloher Weg;2019;5;12;1;3;0;2;0;0;1;0;1;0;0;0;782360,4733;5830492,369;13,1653;52,55112\
194860;11;5;5010207;Darbystra\'dfe;2019;5;11;7;3;5;2;0;0;1;0;0;0;0;0;783575,2;5830201,053;13,18292;52,54787\
194861;11;1;1011104;K\'f6rnerstra\'dfe;2019;5;11;1;3;2;6;0;0;1;0;0;0;0;0;796631,4743;5826181,262;13,37132;52,50489\
194862;11;4;4020313;K\'f6nigin-Elisabeth-Stra\'dfe;2019;5;12;7;3;5;2;0;1;1;0;0;0;0;0;790488,5731;5826704,84;13,28153;52,51289\
194863;11;3;3030406;Alt-Karow;2019;5;11;1;2;1;5;0;1;1;0;0;0;0;0;803031,6796;5838268,828;13,47637;52,60971\
194864;11;4;4030621;Spreestadt;2019;5;20;7;3;5;2;0;0;1;0;1;0;0;1;793485,8797;5827580,173;13,32635;52,51913\
194865;11;4;4030827;Karl-August-Platz;2019;5;9;1;3;5;2;0;1;1;0;0;0;0;0;792719,6214;5826110,195;13,31379;52,50636\
194866;11;6;6020409;K\'f6nigsberger Stra\'dfe;2019;5;13;7;3;5;3;0;1;0;0;0;0;0;0;793245,6077;5817229,265;13,31372;52,42647\
194867;11;1;1022205;Zillesiedlung;2019;5;1;1;3;0;7;2;1;1;0;0;0;0;1;795997,3409;5828697,642;13,36425;52,52779\
194868;11;4;4041342;Schlangenbader Stra\'dfe;2019;5;15;7;3;1;5;0;1;1;0;0;0;0;1;792131,812;5822350,51;13,30186;52,47297\
194869;11;4;4041240;Messelpark;2019;5;10;7;3;0;7;0;1;0;0;0;0;0;0;790746,0208;5822639,186;13,28177;52,4763\
194870;11;6;6020302;Komponistenviertel Lankwitz;2019;5;15;7;3;5;3;0;1;1;0;0;0;0;1;794581,2149;5818532,314;13,33445;52,43743\
194871;11;1;1011104;K\'f6rnerstra\'dfe;2019;5;23;7;3;5;2;2;1;1;0;0;0;0;0;796253,7912;5825960,454;13,36558;52,50311\
194872;11;2;2040701;Andreasviertel;2019;5;16;7;3;5;3;0;1;1;0;0;0;0;1;800613,4675;5827116,752;13,43066;52,51109\
194873;11;6;6030610;Lichterfelde West;2019;5;9;7;3;1;5;0;1;1;0;0;0;0;0;791806,6711;5818880,989;13,29406;52,44204\
194874;11;10;10030724;Oberfeldstra\'dfe;2019;5;9;7;3;5;3;0;0;1;0;0;0;0;0;809115,4543;5829717,028;13,55796;52,52965\
194875;11;1;1011303;Alexanderplatzviertel;2019;5;17;7;3;1;5;0;0;1;0;0;0;0;1;799133,031;5827816,055;13,40954;52,51818\
194876;11;10;10010311;Landsberger Tor;2019;5;9;7;3;5;3;0;1;1;0;0;0;0;0;810697,9725;5832013,543;13,58336;52,54933\
194877;11;10;10010205;Marzahn Ost;2019;5;11;7;3;5;2;0;1;1;0;0;0;0;0;810681,0042;5832016,168;13,58311;52,54936\
194878;11;9;9010101;Elsenstra\'dfe;2019;5;5;7;3;0;7;0;1;0;0;0;0;0;0;802024,2654;5824662,166;13,44916;52,48831\
194879;11;9;9010402;Johannisthal Ost;2019;5;1;7;3;1;5;2;1;1;0;0;0;0;0;806261,7387;5819264,546;13,50642;52,43758\
194880;11;12;12224229;Konradsh\'f6he/Tegelort;2019;5;17;7;3;5;3;0;0;1;0;0;0;0;1;786547,8451;5833207,975;13,22923;52,57328\
194881;11;9;9010302;Sp\'e4thsfelde;2019;5;20;7;3;6;4;0;0;1;1;0;0;0;0;804383,7433;5820898,263;13,48037;52,45327\
194882;11;1;1011301;Charit\'e9viertel;2019;5;15;7;3;0;1;0;0;0;0;1;0;0;1;797002,835;5828944,464;13,37925;52,52946\
194883;11;10;10040828;Kaulsdorf Nord;2019;5;19;7;2;0;1;0;1;0;0;0;0;0;0;811446,3376;5828143,649;13,59074;52,51422\
194884;11;1;1033101;Soldiner Stra\'dfe;2019;5;11;7;3;6;4;0;1;0;1;0;0;0;0;797199,3445;5831985,216;13,38486;52,55661\
194885;11;5;5020625;Borkumer Stra\'dfe;2019;5;18;7;3;5;2;0;0;1;0;0;0;0;0;784452,915;5828671,699;13,19452;52,5337\
194886;11;10;10010204;Wuhletalstra\'dfe;2019;5;4;7;3;5;3;1;0;1;0;0;0;0;0;810060,348;5832630,419;13,57456;52,55522\
194887;11;1;1011305;Heine-Viertel West;2019;5;8;7;3;5;2;0;1;1;0;0;0;0;0;799434,6834;5826506,279;13,41279;52,50627\
194888;11;10;10030727;Biesdorf S\'fcd;2019;5;18;7;3;2;7;0;0;1;0;0;0;0;0;809586,2961;5824129,283;13,55968;52,4793\
194889;11;2;2020202;Rathaus Yorckstra\'dfe;2019;5;15;6;3;3;6;0;1;0;0;0;0;0;0;797740,9873;5825304,328;13,38684;52,49642\
194890;11;8;8020622;Parchimer Allee;2019;5;8;6;3;5;7;0;0;1;0;0;0;0;0;801458,8432;5820198,823;13,43683;52,44862\
194891;11;1;1044101;Rehberge;2019;5;10;7;3;2;6;0;0;1;0;0;0;0;0;793894,3131;5831930,032;13,3362;52,5579\
194892;11;7;7070703;John-Locke-Stra\'dfe;2019;5;7;6;3;6;2;0;0;1;1;0;0;0;0;799597,71;5813174,918;13,40323;52,38668\
194893;11;5;5030731;Gartenfelder Stra\'dfe;2019;5;10;7;2;2;7;0;0;1;0;1;0;0;0;788010,961;5829392,7;13,24745;52,5383\
194894;11;3;3030406;Alt-Karow;2019;5;7;6;3;5;3;0;1;1;0;0;0;0;1;802811,0918;5838572,483;13,4734;52,61255\
194895;11;1;1011401;Invalidenstra\'dfe;2019;5;11;7;3;1;5;0;1;1;0;0;0;0;0;798437,2547;5829160,005;13,40052;52,5306\
194896;11;5;5020625;Borkumer Stra\'dfe;2019;5;11;7;2;6;2;0;0;1;1;0;0;0;0;784354,0571;5828103,753;13,19258;52,52866\
194897;11;8;8010301;Reuterkiez;2019;5;7;6;3;0;7;0;1;0;0;0;0;1;1;801336,6489;5824528,31;13,43894;52,48749\
194898;11;3;3020307;Buchholz;2019;5;7;6;3;0;3;0;1;1;0;0;0;0;1;799695,2847;5837327,334;13,42639;52,60312\
194899;11;3;3051022;Hansastra\'dfe;2019;5;12;7;3;2;6;0;0;1;0;1;0;0;0;803418,5177;5831717,759;13,47607;52,55078\
194900;11;5;5010101;Hakenfelde Nord;2019;5;12;7;1;2;6;0;0;1;0;0;0;0;0;785221,9711;5831811,814;13,20852;52,56146\
194901;11;8;8040933;Vogelviertel S\'fcd;2019;5;6;6;3;5;2;1;0;1;0;0;0;0;0;803748,3054;5818747,774;13,46909;52,43435\
194902;11;4;4020205;Siedlung Ruhleben;2019;5;12;7;3;2;6;0;0;1;0;0;0;0;0;788158,5609;5827234,726;13,24775;52,51887\
194903;11;11;11020411;Malchower Weg;2019;5;5;6;3;5;3;0;1;1;0;0;0;0;1;804938,3843;5833108,856;13,49969;52,5624\
194904;11;4;4010102;Pl\'f6tzensee;2019;5;13;7;3;5;2;0;0;1;0;0;0;1;0;793352,206;5829681,351;13,32624;52,53804\
194905;11;1;1044101;Rehberge;2019;5;12;7;3;2;6;0;0;1;0;0;0;1;0;793898,2723;5830072,062;13,33461;52,54125\
194906;11;9;9052001;K\'f6penick Nord;2019;5;5;6;3;5;3;0;1;1;0;0;0;0;0;811143,8069;5822084,988;13,58064;52,4601\
194907;11;10;10020622;Kaulsdorf Nord I;2019;5;13;7;3;2;7;0;0;1;0;0;0;1;0;811156,8458;5829120,943;13,5874;52,52314\
194908;11;3;3050923;Wei\'dfenseer Spitze;2019;5;5;6;3;1;5;0;1;1;0;0;0;0;1;800365,9092;5831838,285;13,43129;52,55355\
194909;11;5;5010339;Freiheit;2019;5;14;7;2;1;5;0;0;1;0;1;0;0;0;787284,7207;5828331,371;13,23586;52,52917\
194910;11;2;2040701;Andreasviertel;2019;5;21;6;2;5;3;2;1;1;0;0;0;0;0;800146,1304;5827337,053;13,42399;52,51333\
194911;11;6;6030608;Schweizer Viertel;2019;5;14;7;3;5;3;0;0;1;0;0;0;0;0;792501,2981;5817473,166;13,30301;52,42905\