OBJECTID;LAND;BEZ;LOR;STRASSE;UJAHR;UMONAT;USTUNDE;UWOCHENTAG;UKATEGORIE;UART;UTYP1;ULICHTVERH;IstRad;IstPKW;IstFuss;IstKrad;IstGkfz;IstSonstige;USTRZUSTAND;LINREFX;LINREFY;XGCSWGS84;YGCSWGS84\
195093;11;1;1011301;Charit\'e9viertel;2019;5;8;6;3;5;2;0;1;1;0;0;0;0;0;797091,2736;5828086,576;13,37978;52,52172\
195094;11;4;4030827;Karl-August-Platz;2019;5;7;6;3;0;1;0;1;1;0;0;0;0;0;792727,8912;5826154,675;13,31395;52,50676\
195095;11;7;7040405;Rathaus Tempelhof;2019;5;6;6;3;5;2;0;0;1;0;0;0;0;0;799188,5337;5821729,352;13,40489;52,46359\
195096;11;10;10020414;Helle Mitte;2019;5;9;6;3;5;3;0;0;1;0;0;0;0;0;812203,7654;5830920,95;13,60447;52,53868\
195097;11;2;2040502;Friedenstra\'dfe;2019;5;8;6;3;2;6;0;0;1;0;0;0;0;0;800684,9507;5828487,468;13,43295;52,52334\
195098;11;2;2010104;Wassertorplatz;2019;5;11;6;2;2;6;0;0;0;0;0;1;0;0;798616,4909;5825580,039;13,39994;52,49842\
195099;11;5;5020626;Adamstra\'dfe;2019;5;13;6;3;6;2;0;0;1;1;0;0;0;0;784770,4113;5827278,681;13,19799;52,52105\
195100;11;4;4030931;Breitscheidplatz;2019;5;14;6;3;6;4;0;0;1;1;0;0;0;0;794533,8584;5825973,011;13,34033;52,50416\
195101;11;4;4041241;Breite Stra\'dfe;2019;5;14;6;3;5;3;0;1;1;0;0;0;0;0;791286,7756;5822041,28;13,28919;52,47065\
195102;11;4;4030620;Alt-Lietzow;2019;5;15;6;3;5;2;0;1;1;0;0;0;0;0;792635,769;5827081,702;13,31342;52,51512\
195103;11;5;5020626;Adamstra\'dfe;2019;5;14;6;3;1;5;0;0;0;0;1;0;1;0;784457,3127;5827729,483;13,19378;52,52525\
195104;11;1;1022201;Stephankiez;2019;5;15;6;3;3;6;0;1;1;0;0;0;0;0;795088,6116;5829212,164;13,35135;52,5329\
195105;11;6;6020302;Komponistenviertel Lankwitz;2019;5;15;6;3;5;3;0;0;1;0;0;0;0;0;794444,1102;5818850,351;13,33272;52,44036\
195106;11;1;1011101;St\'fclerstra\'dfe;2019;5;16;6;3;5;2;0;1;1;0;0;0;0;0;795256,98;5826619,461;13,35152;52,50956\
195107;11;1;1044203;Leopoldplatz;2019;5;16;6;3;5;3;0;1;0;0;0;0;1;0;795878,7812;5831961,412;13,36541;52,55711\
195108;11;4;4051446;Preu\'dfenpark;2019;5;16;6;3;5;2;0;1;1;0;0;0;0;0;792914,3567;5824391,903;13,31514;52,49086\
195109;11;10;10010310;Alt-Marzahn;2019;5;17;6;3;5;3;0;0;1;0;0;0;0;0;807795,406;5830767,254;13,53954;52,53981\
195110;11;3;3020307;Buchholz;2019;5;17;6;3;2;6;0;0;1;0;0;0;1;0;800159,5052;5838188,034;13,43401;52,61058\
195111;11;7;7060604;Marienfelde S\'fcd;2019;5;17;6;3;5;3;0;0;1;0;0;0;0;0;795811,9702;5816032,84;13,35029;52,41436\
195112;11;12;12103218;Teichstra\'dfe;2019;5;17;6;3;5;7;0;0;1;0;1;0;0;0;795362,2366;5833345,167;13,35905;52,5698\
195113;11;7;7050501;Rathausstra\'dfe;2019;5;17;6;3;0;2;0;1;1;0;0;0;0;0;797101,9851;5819466,509;13,37226;52,44444\
195114;11;9;9051801;Rahnsdorf/Hessenwinkel;2019;5;16;6;2;5;3;0;1;1;0;0;0;0;0;820540,9574;5820238,253;13,71671;52,43812\
195115;11;2;2030301;Oranienplatz;2019;5;16;6;3;1;5;0;1;1;0;0;0;0;0;799966,4567;5826136,889;13,42027;52,50267\
195116;11;5;5010103;Amorbacher Weg;2019;5;18;6;3;2;2;0;1;1;0;0;0;0;0;783904,9479;5831564,69;13,18893;52,55993\
195117;11;2;2050801;Traveplatz;2019;5;15;6;3;3;6;0;1;0;0;0;0;0;0;802191,4045;5827533,842;13,45422;52,51396\
195118;11;3;3020209;Niedersch\'f6nhausen;2019;5;15;5;3;3;6;0;1;1;0;0;0;0;0;797388,5311;5835020,781;13,39036;52,58371\
195119;11;2;2020204;Urbanstra\'dfe;2019;5;15;5;3;6;4;0;1;0;1;0;0;0;0;798689,4145;5825124,687;13,40061;52,4943\
195120;11;12;12103218;Teichstra\'dfe;2019;5;8;5;3;1;5;0;0;1;0;0;0;1;0;795092,616;5834845,067;13,35642;52,58339\
195121;11;10;10020412;Alte Hellersdorfer Stra\'dfe;2019;5;6;5;3;5;2;0;1;1;0;0;0;0;0;811339,7545;5831835,777;13,59263;52,54737\
195122;11;11;11010310;M\'fchlengrund;2019;5;18;5;3;2;3;0;1;1;0;0;0;0;0;805362,98;5833283,513;13,5061;52,56373\
195123;11;1;1033203;Humboldthain Nordwest;2019;5;17;5;3;2;6;0;0;0;0;1;0;1;0;796652,3115;5831081,169;13,376;52,5488\
195124;11;3;3050923;Wei\'dfenseer Spitze;2019;5;15;5;3;3;2;0;1;1;0;0;0;0;0;800865,3729;5832082,763;13,43886;52,55547\
195125;11;2;2010102;Mehringplatz;2019;5;23;5;3;2;6;2;0;1;0;0;0;0;0;798492,7363;5825554,579;13,3981;52,49826\
195126;11;3;3020210;Herthaplatz;2019;5;8;5;3;2;6;0;0;1;0;0;0;0;0;800095,1856;5835999,105;13,43107;52,59099\
195127;11;4;4041344;R\'fcdesheimer Platz;2019;5;11;5;3;5;3;0;0;1;0;0;0;0;0;793356,8495;5822575,996;13,32004;52,47434\
195128;11;9;9030901;Dorf Altglienicke;2019;5;8;5;3;6;2;0;0;1;1;0;0;0;0;808030,0699;5816810,613;13,53009;52,41459\
195129;11;9;9041501;Altstadt Kietz;2019;5;11;5;3;5;2;0;0;1;0;0;0;0;0;811356,8138;5820043,17;13,58186;52,44168\
195130;11;10;11030720;Herzbergstra\'dfe;2019;5;9;5;3;3;6;0;0;1;0;1;0;0;0;806287,3904;5830171,049;13,51682;52,53531\
195131;11;2;2020202;Rathaus Yorckstra\'dfe;2019;5;11;5;3;2;6;0;0;1;0;1;0;0;0;797276,694;5825534,052;13,38023;52,49874\
195132;11;11;11030721;R\'fcdigerstra\'dfe;2019;5;9;5;3;5;3;0;1;1;0;0;0;0;0;803878,685;5828207,966;13,47962;52,51907\
195133;11;2;2040502;Friedenstra\'dfe;2019;5;13;5;3;3;6;0;1;0;0;0;0;0;0;801279,79;5828680,159;13,44187;52,52474\
195134;11;9;9010202;K\'f6penicker Landstra\'dfe;2019;5;9;5;2;5;2;0;1;0;0;0;1;0;0;804112,8254;5823601,66;13,47886;52,47765\
195135;11;4;4010102;Pl\'f6tzensee;2019;5;13;5;2;2;7;0;0;1;0;1;0;0;0;791608,2553;5830690,191;13,30148;52,54802\
195136;11;4;4030931;Breitscheidplatz;2019;5;13;5;3;0;1;0;1;0;0;0;0;0;0;793606,0572;5825771,728;13,32652;52,50285\
195137;11;9;9020702;Adlershof Ost;2019;5;9;5;2;6;4;0;0;1;1;0;0;0;0;809160,4166;5819527,885;13,54917;52,43831\
195138;11;1;1011302;Oranienburger Stra\'dfe;2019;5;9;5;3;2;6;0;0;1;0;0;0;1;0;798673,9192;5828695,005;13,40358;52,52631\
195139;11;2;2030302;Lausitzer Platz;2019;5;22;5;3;5;3;2;1;1;0;0;0;0;0;800679,3079;5825791,206;13,43043;52,49918\
195140;11;2;2010104;Wassertorplatz;2019;5;21;5;3;5;3;2;0;1;0;0;0;0;0;798585,383;5825563,875;13,39947;52,49829\
195141;11;3;3071536;Teutoburger Platz;2019;5;21;5;3;0;7;2;0;1;0;0;0;0;0;799066,3919;5830051,8;13,41057;52,53825\
195142;11;1;1033102;Gesundbrunnen;2019;5;20;5;3;5;2;0;0;1;0;0;0;1;0;796994,1055;5831497,681;13,3814;52,55235\
195143;11;4;4030725;Amtsgerichtsplatz;2019;5;18;5;3;3;6;0;1;1;0;0;0;0;0;791868,1203;5826504,184;13,30163;52,51035\
195144;11;11;11020514;Gro\'dfe-Leege-Stra\'dfe;2019;5;17;5;3;5;2;0;1;1;0;0;0;1;0;804671,4536;5831135,931;13,49395;52,54487\
195145;11;1;1011203;Unter den Linden S\'fcd;2019;5;17;5;3;3;6;0;1;0;0;0;0;0;0;797756,0907;5827480,333;13,38901;52,51592\
195146;11;7;7010102;Nollendorfplatz;2019;5;16;5;3;6;3;0;1;0;1;0;0;0;0;795469,6245;5825556,633;13,3537;52,49992\
195147;11;1;1011105;N\'f6rdlicher Landwehrkanal;2019;5;16;5;3;5;3;0;1;1;0;0;0;0;0;795765,6848;5826672,026;13,35904;52,50976\
195148;11;12;12231102;Frohnau;2019;5;15;5;3;2;6;0;1;1;0;0;0;0;0;790562,0939;5840571,16;13,29477;52,63716\
195149;11;5;5030832;Rohrdamm;2019;5;15;5;3;2;6;0;0;1;0;0;0;0;0;787986,9097;5830627,58;13,24817;52,54938\
195150;11;4;4030620;Alt-Lietzow;2019;5;15;5;3;5;7;0;1;1;0;0;0;0;0;791788,63;5827482,294;13,30132;52,51916\
195151;11;10;10020413;Gut Hellersdorf;2019;5;14;5;3;5;7;0;0;1;0;0;0;0;0;810904,7314;5831251,795;13,58569;52,54238\
195152;11;9;9010301;Baumschulenstra\'dfe;2019;5;13;5;3;2;2;0;0;1;0;0;0;0;0;804267,2183;5822791,669;13,48039;52,4703\
195153;11;4;4051654;Wilhelmsaue;2019;5;13;5;3;2;6;0;0;1;0;1;0;0;0;793516,104;5823947,419;13,32359;52,48655\
195154;11;8;8010405;Hertzbergplatz;2019;5;17;5;3;0;1;0;0;0;0;1;0;0;0;802010,3834;5823604,26;13,448;52,47884\
195155;11;11;11030721;R\'fcdigerstra\'dfe;2019;5;8;5;2;5;2;0;1;0;0;0;1;0;0;803861,7432;5828653,4;13,47978;52,52307\
195156;11;8;8020728;Buckow Ost;2019;5;8;5;3;0;3;0;0;1;0;1;0;0;0;801903,2867;5817541,786;13,44095;52,42456\
195157;11;6;6010210;Bismarckstra\'dfe;2019;5;8;5;2;0;1;0;0;0;0;1;0;0;0;795150,8615;5820966,652;13,34496;52,45895\
195158;11;3;3061131;Falkplatz;2019;5;8;5;3;5;2;0;1;0;0;0;0;1;0;799183,188;5831223,96;13,41334;52,5487\
195159;11;5;5030731;Gartenfelder Stra\'dfe;2019;5;7;5;3;5;2;0;1;1;0;0;0;0;0;787975,1697;5830384,053;13,24779;52,54721\
195160;11;5;5020521;D\'f6beritzer Weg;2019;5;6;5;3;2;7;0;0;1;0;0;0;1;0;779665,19;5827806,651;13,12339;52,52843\
195161;11;1;1022104;Emdener Stra\'dfe;2019;5;15;5;3;0;1;0;1;0;0;0;0;0;0;793732,3461;5828907,075;13,33114;52,53089\
195162;11;7;7010101;Wittenbergplatz/Viktoria-Luise-Platz;2019;5;19;5;3;0;1;0;0;0;0;0;0;1;0;794600,3049;5825483,134;13,34087;52,49973\
195163;11;1;1011105;N\'f6rdlicher Landwehrkanal;2019;5;7;4;3;5;2;0;1;0;0;0;0;1;0;796636,597;5826666,634;13,37183;52,50924\
195164;11;6;6020409;K\'f6nigsberger Stra\'dfe;2019;5;11;4;3;5;3;0;0;1;0;0;0;0;1;793663,0785;5817267,185;13,31987;52,42658\
195165;11;2;2040701;Andreasviertel;2019;5;16;4;3;5;2;0;1;0;0;0;0;1;0;800579,7165;5827007,119;13,43007;52,51013\
195166;11;1;1022101;Huttenkiez;2019;5;21;4;3;3;6;2;0;1;0;0;0;0;0;793523,1691;5829247,047;13,32837;52,53405\
195167;11;7;7030303;Grazer Platz;2019;5;18;4;3;5;3;0;1;1;0;0;0;0;1;795307,7008;5821644,562;13,34786;52,46494\
195168;11;6;6030605;Botanischer Garten;2019;5;16;4;3;5;2;0;1;0;0;0;0;1;0;791769,0333;5819272,427;13,29385;52,44557\
195169;11;7;7010101;Wittenbergplatz/Viktoria-Luise-Platz;2019;5;16;4;3;2;6;0;0;1;0;0;0;0;1;794573,928;5825808,598;13,34077;52,50266\
195170;11;2;2020203;Viktoriapark;2019;5;16;4;3;6;4;0;1;0;1;0;0;0;1;797763,5826;5824918,883;13,38683;52,49296\
195171;11;1;1011303;Alexanderplatzviertel;2019;5;16;4;3;6;4;0;1;0;1;0;0;0;1;799496,2879;5828148,072;13,41518;52,52095\
195172;11;1;1011302;Oranienburger Stra\'dfe;2019;5;15;4;2;0;1;0;0;0;0;1;0;0;1;798474,5261;5828257,921;13,40026;52,5225\
195173;11;4;4020310;Park Ruhwald;2019;5;3;4;3;5;2;2;0;0;0;0;1;1;1;790354,8912;5827305,254;13,28009;52,51834\
195174;11;5;5020419;Magistratsweg;2019;5;0;4;3;5;3;2;0;1;0;0;0;0;1;781973,084;5828471,791;13,15789;52,5332\
195175;11;6;6020409;K\'f6nigsberger Stra\'dfe;2019;5;7;4;3;2;6;0;0;1;0;0;0;0;0;793602,1474;5817678,206;13,31934;52,4303\
195176;11;6;6030609;Augustaplatz;2019;5;7;4;3;5;3;0;0;1;0;1;0;0;1;793312,6287;5818865,318;13,31613;52,4411\
195177;11;3;3040614;Pankow Zentrum;2019;5;7;4;3;5;2;1;1;1;0;0;0;0;1;799605,3578;5834738,431;13,42273;52,57997\
195178;11;6;6030504;Teltower Damm;2019;5;7;4;3;5;2;0;1;1;0;0;0;0;1;790623,3253;5815225,97;13,27352;52,40991\
195179;11;9;9020702;Adlershof Ost;2019;5;7;4;3;5;2;0;0;1;0;0;0;0;1;809292,9986;5819720,822;13,5513;52,43996\
195180;11;8;8030830;Gropiusstadt S\'fcd;2019;5;8;4;3;5;3;0;0;1;0;1;0;0;1;802280,251;5817848,025;13,44675;52,4271\
195181;11;11;11030721;R\'fcdigerstra\'dfe;2019;5;8;4;3;0;1;0;1;1;0;0;0;0;1;805182,0315;5827837,204;13,49843;52,51501\
195182;11;4;4010102;Pl\'f6tzensee;2019;5;8;4;3;2;3;0;0;1;0;1;0;0;1;793354,575;5829674,619;13,32627;52,53798\
195183;11;1;1011105;N\'f6rdlicher Landwehrkanal;2019;5;8;4;3;1;5;0;1;1;0;0;0;0;1;795810,2861;5826685,986;13,35971;52,50986\
195184;11;1;1044202;Sparrplatz;2019;5;9;4;3;5;2;0;0;1;0;0;0;0;1;795526,0447;5830753,349;13,35915;52,54647\
195185;11;8;8010118;Silbersteinstra\'dfe;2019;5;11;4;3;2;6;0;0;1;0;0;0;0;1;800946,6352;5822296,124;13,4312;52,4677\
195186;11;4;4051549;Rathaus Wilmersdorf;2019;5;12;4;3;5;3;0;1;1;0;0;0;0;1;792980,6357;5823902,112;13,31569;52,48643\
195187;11;2;2030302;Lausitzer Platz;2019;5;13;4;3;5;3;0;0;1;0;0;0;0;1;800615,6709;5826272,387;13,42993;52,50352\
195188;11;9;9020501;Obersch\'f6neweide West;2019;5;13;4;3;3;6;0;0;0;0;1;0;1;0;806089,4411;5823419,425;13,5077;52,47491\
195189;11;8;8010117;Schillerpromenade;2019;5;13;4;3;0;2;0;1;0;0;0;1;0;0;800515,0933;5823441,38;13,4259;52,47821\
195190;11;11;11051330;Karlshorst West;2019;5;14;4;3;5;3;0;0;1;0;0;0;1;1;806560,296;5824917,053;13,51599;52,48807\
195191;11;3;3020307;Buchholz;2019;5;14;4;3;5;3;0;1;1;0;0;0;0;1;800359,6905;5837805,332;13,43661;52,60704\
195192;11;7;7040406;Germaniagarten;2019;5;15;4;3;2;6;0;1;1;0;0;0;0;1;799906,1036;5821888,904;13,41556;52,46462\
195193;11;4;4020206;Angerburger Allee;2019;5;15;4;3;5;3;0;0;0;0;0;0;1;1;786554,0453;5826166,334;13,22325;52,51014\
195194;11;3;3030711;Blankenburg;2019;5;15;4;3;5;2;0;1;1;0;0;0;0;0;801924,4182;5836374,748;13,45834;52,59335\
195195;11;2;2040502;Friedenstra\'dfe;2019;5;15;4;3;2;7;0;1;1;0;0;0;0;1;801016,1031;5828084,115;13,43745;52,51954\
195196;11;5;5030832;Rohrdamm;2019;5;17;4;3;2;6;0;0;0;0;0;0;1;0;789445,664;5829294,93;13,26846;52,53666\
195197;11;9;9051702;B\'f6lschestra\'dfe;2019;5;15;3;3;0;7;0;0;0;0;1;1;0;0;814161,2421;5821919,589;13,62475;52,45689\
195198;11;2;2050601;Hausburgviertel;2019;5;5;3;3;5;2;0;1;0;0;0;0;1;0;801865,7288;5828983,034;13,45075;52,52713\
195199;11;7;7040404;Marienh\'f6he;2019;5;8;3;3;5;7;0;0;1;0;1;0;0;0;796545,2366;5819676,997;13,36427;52,44663\
195200;11;4;4020314;Messegel\'e4nde;2019;5;17;3;3;5;3;0;0;1;0;0;0;0;0;789938,945;5825097,876;13,27206;52,49877\
195201;11;3;3040513;Sch\'f6nholz;2019;5;17;3;3;2;2;0;1;1;0;0;0;0;0;798044,564;5833592,222;13,39873;52,57055\
195202;11;9;9041501;Altstadt Kietz;2019;5;13;3;3;6;4;0;0;1;1;0;0;0;0;810774,0631;5820308,538;13,57356;52,44439\
195203;11;3;3050923;Wei\'dfenseer Spitze;2019;5;14;3;3;5;3;0;1;1;0;0;0;0;0;801107,4894;5831516,386;13,4419;52,55026\
195204;11;12;12214125;Waldidyll/Flughafensee;2019;5;16;3;3;2;6;0;0;1;0;1;0;0;0;792056,7588;5831732,365;13,30899;52,55712\
195205;11;4;4020310;Park Ruhwald;2019;5;15;3;3;2;6;0;0;1;0;0;0;0;0;790038,1744;5827339,673;13,27547;52,51882\
195206;11;1;1022104;Emdener Stra\'dfe;2019;5;14;3;3;5;3;0;1;1;0;0;0;0;0;794236,9884;5828849,169;13,33851;52,5301\
195207;11;1;1022206;L\'fcneburger Stra\'dfe;2019;5;14;3;3;6;4;0;0;0;1;0;1;0;0;795961,6987;5828341,387;13,36341;52,52462\
195208;11;3;3061126;Arnimplatz;2019;5;16;4;2;5;2;0;1;0;0;0;0;1;0;799224,9727;5832060,027;13,41471;52,55617\
195209;11;9;9020501;Obersch\'f6neweide West;2019;5;16;3;3;5;2;0;1;1;0;0;0;0;0;806076,0723;5823423,187;13,50751;52,47495\
195210;11;6;6040807;Zehlendorf Eiche;2019;5;17;4;3;2;2;0;0;1;0;0;0;0;0;789694,9635;5818444,219;13,2627;52,43925\
195211;11;1;1011303;Alexanderplatzviertel;2019;5;17;3;3;6;4;0;0;1;1;0;0;0;0;799498,019;5828344,449;13,41538;52,52271\
195212;11;4;4030518;Tegeler Weg;2019;5;16;4;3;0;7;0;0;1;0;1;0;0;0;791905,7084;5828172,897;13,30365;52,52529\
195213;11;4;4051652;Nikolsburger Platz;2019;5;18;3;3;0;7;0;0;1;0;1;0;0;1;793702,5129;5824057,299;13,32642;52,48743\
195214;11;9;9020701;Adlershof West;2019;5;16;4;2;4;6;0;1;0;0;0;0;0;0;809201,8881;5818633,952;13,54895;52,43027\
195215;11;2;2020202;Rathaus Yorckstra\'dfe;2019;5;19;3;3;5;3;0;1;0;0;0;0;0;0;797262,5512;5825257,527;13,37977;52,49626\
195216;11;11;11030618;Fennpfuhl West;2019;5;13;4;2;1;5;0;1;1;0;0;0;0;0;803023,1567;5829186,892;13,46795;52,52832\
195217;11;9;9020701;Adlershof West;2019;5;19;3;3;5;2;0;1;1;0;0;0;0;0;809342,5514;5818504,736;13,5509;52,42904\
195218;11;2;2050801;Traveplatz;2019;5;17;4;3;0;1;0;1;0;0;0;0;0;0;802245,5088;5827511,862;13,455;52,51373\
195219;11;11;11030720;Herzbergstra\'dfe;2019;5;0;3;3;2;6;2;0;0;0;1;0;1;0;805195,4214;5829062,516;13,49975;52,52599\
195220;11;8;8010302;Bouch\'e9stra\'dfe;2019;5;19;3;3;2;1;0;1;1;0;1;0;0;0;801787,324;5824354,842;13,4454;52,48569\
195221;11;8;8041038;Wa\'dfmannsdorfer Chaussee;2019;5;14;4;3;5;2;0;0;1;0;1;0;0;0;806240,1998;5816372,401;13,50346;52,41167\
195222;11;1;1011301;Charit\'e9viertel;2019;5;13;3;3;2;6;0;0;1;0;0;0;1;0;797073,7299;5828869,11;13,38022;52,52874\
195223;11;1;1022106;Elberfelder Stra\'dfe;2019;5;14;4;3;6;2;0;0;1;1;0;0;0;0;794317,3291;5828375,969;13,33927;52,52582\
195224;11;1;1033203;Humboldthain Nordwest;2019;5;19;3;3;0;6;1;0;1;0;0;0;1;0;796280,859;5830603,234;13,37011;52,54472\
195225;11;3;3050923;Wei\'dfenseer Spitze;2019;5;11;3;3;6;4;0;0;1;1;0;0;0;0;800493,3988;5832237,437;13,43353;52,55706\
195226;11;11;11030721;R\'fcdigerstra\'dfe;2019;5;14;4;3;2;6;0;0;0;0;0;1;1;0;803771,5451;5827656,382;13,47755;52,51418\
195227;11;7;7070703;John-Locke-Stra\'dfe;2019;5;11;3;3;1;5;0;0;1;0;0;0;1;0;799565,174;5813981,274;13,40348;52,39393\
195228;11;3;3020307;Buchholz;2019;5;16;4;3;5;2;0;1;1;0;0;0;0;0;800044,1612;5837360,225;13,43156;52,60322\
195229;11;7;7010102;Nollendorfplatz;2019;5;10;3;2;1;5;0;1;0;0;0;0;1;0;795167,5597;5825482,469;13,3492;52,49942\
195230;11;11;11030721;R\'fcdigerstra\'dfe;2019;5;15;4;3;1;5;0;0;1;0;0;0;1;0;805125,3412;5827919,771;13,49768;52,51579\
195231;11;4;4030931;Breitscheidplatz;2019;5;11;3;3;1;7;0;0;1;0;0;0;0;0;793666,1349;5825719,469;13,32735;52,50235\
195232;11;6;6010102;Schlo\'dfstra\'dfe;2019;5;15;4;3;1;5;0;1;1;0;0;0;0;0;793337,6142;5821268,006;13,31861;52,46262\
195233;11;7;7040403;Manteuffelstra\'dfe;2019;5;10;3;3;5;3;0;1;1;0;0;0;0;0;797361,6639;5821916,205;13,37825;52,46626\
195234;11;4;4051654;Wilhelmsaue;2019;5;10;3;3;0;4;0;1;0;1;0;0;0;0;793413,2754;5823940,385;13,32207;52,48654\
195235;11;4;4041343;Binger Stra\'dfe;2019;5;15;4;3;5;3;0;0;1;0;0;0;0;0;792739,2564;5822309,679;13,31074;52,47228\
195236;11;8;8010117;Schillerpromenade;2019;5;15;4;3;5;3;0;1;1;0;0;0;0;0;800497,074;5823509,314;13,4257;52,47882\
195237;11;1;1022204;Thomasiusstra\'dfe;2019;5;10;3;3;1;5;0;1;1;0;0;0;0;0;795071,3152;5827889,774;13,34992;52,52105\
195238;11;8;8041036;Zittauer Stra\'dfe;2019;5;17;4;3;5;3;0;0;1;0;0;0;0;0;805152,2159;5817163,683;13,48823;52,41937\
195239;11;1;1044202;Sparrplatz;2019;5;9;3;3;5;2;0;0;1;0;0;0;1;0;795354,6807;5830377,425;13,35629;52,5432\
195240;11;7;7040406;Germaniagarten;2019;5;15;4;3;6;4;0;0;1;1;0;0;0;0;800053,1082;5821656,853;13,41751;52,46246\
195241;11;1;1044203;Leopoldplatz;2019;5;9;3;3;3;6;0;0;1;0;0;0;0;0;795709,1552;5831857,773;13,36283;52,55627\
195242;11;1;1022206;L\'fcneburger Stra\'dfe;2019;5;9;3;3;5;2;0;0;1;0;0;0;1;0;796254,7982;5828526,535;13,36788;52,52612\
195243;11;12;12214125;Waldidyll/Flughafensee;2019;5;15;4;3;0;3;0;0;1;0;0;0;0;0;791760,8415;5833982,51;13,30662;52,57745\
195244;11;3;3040614;Pankow Zentrum;2019;5;15;4;3;0;2;0;1;1;0;0;0;0;0;798498,345;5833253,786;13,4051;52,56727\
195245;11;1;1011303;Alexanderplatzviertel;2019;5;9;3;3;5;2;0;1;1;0;0;0;0;0;799108,7869;5828466,04;13,40977;52,52402\
195246;11;3;3061126;Arnimplatz;2019;5;8;3;3;2;6;0;0;1;0;0;0;1;0;798441,4345;5831830,535;13,40298;52,55454\
195247;11;6;6010102;Schlo\'dfstra\'dfe;2019;5;16;4;3;2;3;0;0;1;0;0;0;0;0;793425,3875;5820365,086;13,31911;52,45448\
195248;11;4;4031032;Halensee;2019;5;8;3;3;5;2;0;1;1;0;0;0;0;0;791191,4355;5824986,16;13,29036;52,49711\
195249;11;11;11020412;Hauptstra\'dfe;2019;5;16;4;3;5;2;0;1;1;0;0;0;0;0;805973,5284;5831929,003;13,51383;52,55124\
195250;11;2;2020206;Graefekiez;2019;5;8;3;3;5;2;0;1;0;0;0;0;1;0;799077,3217;5824615,027;13,40585;52,48951\
195251;11;4;4051551;Brabanter Platz;2019;5;8;3;3;5;2;0;0;1;0;0;0;0;0;792895,0848;5823289,803;13,31389;52,48099\
195252;11;6;6040703;Nikolassee;2019;5;15;4;3;5;3;0;0;1;0;1;0;0;0;786104,6195;5817659,921;13,20935;52,43411\
195253;11;9;9010401;Johannisthal West;2019;5;7;3;3;5;2;0;0;1;0;0;0;0;0;806201,0504;5820269,154;13,50645;52,44662\
195254;11;5;5020627;Tiefwerder;2019;5;15;4;2;5;2;0;0;1;0;0;0;1;0;785942,4293;5827983,648;13,21583;52,52676\
195255;11;4;4020313;K\'f6nigin-Elisabeth-Stra\'dfe;2019;5;8;3;3;0;3;0;0;1;0;1;0;0;0;790529,5737;5826497,83;13,28196;52,51101\
195256;11;4;4030417;Schlo\'dfstra\'dfe;2019;5;7;4;3;2;6;0;1;0;0;0;0;0;0;791183,4792;5826512,26;13,29158;52,51079\
195257;11;9;9020702;Adlershof Ost;2019;5;7;3;2;2;6;0;0;1;0;1;0;0;0;809518,4536;5819768,833;13,55465;52,44026\
195258;11;1;1033201;Brunnenstra\'dfe;2019;5;23;4;3;0;1;2;0;1;0;1;0;0;0;798006,1532;5830348,478;13,39525;52,54149\
195259;11;5;5020521;D\'f6beritzer Weg;2019;5;7;3;3;2;6;0;0;1;0;0;0;0;0;779658,7112;5827808,667;13,1233;52,52845\
195260;11;9;9020502;Obersch\'f6neweide Ost;2019;5;6;3;3;5;3;0;0;1;0;0;0;0;1;807081,4952;5822527,206;13,52144;52,46636\
195261;11;6;6030607;Goerzwerke;2019;5;7;4;3;2;6;0;0;1;0;0;0;0;0;792960,0011;5817739,614;13,30998;52,4312\
195262;11;1;1011304;Karl-Marx-Allee;2019;5;7;4;3;2;3;0;1;1;0;0;0;0;0;799584,768;5828056,936;13,41639;52,52009\
195263;11;10;10020413;Gut Hellersdorf;2019;5;22;3;3;5;2;2;0;1;0;0;0;1;1;811354,1809;5830679,765;13,59176;52,537\
195264;11;6;6040805;Fischerh\'fcttenstra\'dfe;2019;5;8;3;3;0;7;0;1;0;0;0;0;0;0;789273,2963;5818332,171;13,25641;52,43847\
195265;11;7;7070703;John-Locke-Stra\'dfe;2019;5;7;4;3;5;3;0;1;1;0;0;0;0;0;799194,3645;5813897,592;13,39797;52,39338\
195266;11;4;4030725;Amtsgerichtsplatz;2019;5;17;2;3;2;6;0;0;1;0;0;0;0;1;791630,2464;5826099,408;13,29778;52,50685\
195267;11;3;3061430;Volkspark Prenzlauer Berg;2019;5;8;4;3;5;2;0;1;1;0;0;0;0;0;802330,0572;5829224,293;13,45779;52,52904\
195268;11;6;6010205;S\'fcdende;2019;5;19;2;3;5;3;0;1;1;0;0;0;0;1;795072,4029;5820021,88;13,34297;52,45052\
195269;11;1;1033101;Soldiner Stra\'dfe;2019;5;8;4;3;6;2;0;0;1;1;0;0;0;0;797713,7549;5832892,46;13,39323;52,56446\
195270;11;8;8010404;Rixdorf;2019;5;18;2;3;6;4;0;0;1;1;0;0;0;1;801218,9811;5823688,699;13,43646;52,48003\
195271;11;1;1011301;Charit\'e9viertel;2019;5;9;4;3;2;6;0;1;1;0;0;0;0;0;797196,6692;5828328,854;13,38155;52,52383\
195272;11;11;11030619;Fennpfuhl Ost;2019;5;18;2;3;0;1;0;0;1;0;1;0;0;1;803958,8596;5829072,233;13,48159;52,52677\
195273;11;1;1011102;Gro\'dfer Tiergarten;2019;5;9;4;2;5;2;0;1;1;0;0;0;0;0;796577,9454;5827796,978;13,37198;52,5194\