OBJECTID;LAND;BEZ;LOR;STRASSE;UJAHR;UMONAT;USTUNDE;UWOCHENTAG;UKATEGORIE;UART;UTYP1;ULICHTVERH;IstRad;IstPKW;IstFuss;IstKrad;IstGkfz;IstSonstige;USTRZUSTAND;LINREFX;LINREFY;XGCSWGS84;YGCSWGS84\
195456;11;3;3020307;Buchholz;2019;6;15;2;3;5;3;0;1;0;0;0;0;0;0;799883,9204;5837959,226;13,42974;52,60868\
195457;11;6;6010102;Schlo\'dfstra\'dfe;2019;6;14;2;3;5;3;0;1;1;0;0;0;0;0;793425,588;5820368,851;13,31911;52,45452\
195458;11;1;1011104;K\'f6rnerstra\'dfe;2019;6;14;2;3;0;2;0;0;1;0;0;0;1;0;796256,8989;5825959,676;13,36562;52,50311\
195459;11;2;2020206;Graefekiez;2019;6;14;2;3;2;6;0;0;1;0;0;0;0;0;800315,6647;5824569,108;13,42399;52,48842\
195460;11;3;3030715;Heinersdorf;2019;6;13;2;3;2;6;0;0;1;0;0;1;0;0;800735,709;5833607,495;13,43833;52,5692\
195461;11;5;5010209;An der Kappe;2019;6;12;2;3;1;5;0;1;0;0;0;0;1;0;783196,5081;5830090,414;13,17725;52,54708\
195462;11;8;8020619;Buschkrugallee Nord;2019;6;11;2;3;5;7;0;0;1;0;0;0;0;0;801471,7689;5820904,62;13,43765;52,45494\
195463;11;1;1044203;Leopoldplatz;2019;6;12;2;3;2;6;0;0;1;0;0;0;0;0;795793,896;5831890,866;13,3641;52,55652\
195464;11;1;1011302;Oranienburger Stra\'dfe;2019;6;0;2;3;5;2;2;1;1;0;0;0;0;0;798494,3787;5829062,257;13,40127;52,5297\
195465;11;4;4030929;Hindemithplatz;2019;6;12;2;3;5;7;0;0;1;0;1;0;0;0;792407,3687;5825612,226;13,30877;52,50207\
195466;11;1;1011402;Arkonaplatz;2019;6;11;2;3;6;4;0;1;0;1;0;0;0;0;798523,9629;5829141,341;13,40178;52,53039\
195467;11;1;1033102;Gesundbrunnen;2019;6;11;2;2;5;2;0;0;1;0;0;0;0;0;797364,2415;5831210,392;13,38659;52,54957\
195468;11;9;9041301;Kietzer Feld/Nachtheide;2019;6;16;2;3;5;3;0;0;1;0;1;0;0;0;811750,9201;5819776,663;13,58739;52,43907\
195469;11;2;2020203;Viktoriapark;2019;6;11;2;3;5;2;0;1;1;0;0;0;0;0;797802,39;5824910,25;13,38739;52,49286\
195470;11;1;1044201;Reinickendorfer Stra\'dfe;2019;6;11;2;3;3;6;0;0;1;0;1;0;0;0;796834,2216;5831942,209;13,37945;52,55642\
195471;11;10;10030725;Buckower Ring;2019;6;16;2;2;0;5;0;1;1;0;0;0;0;0;809955,1726;5828031,183;13,56873;52,51406\
195472;11;5;5010101;Hakenfelde Nord;2019;6;10;2;2;5;2;0;0;1;0;1;0;0;0;785222,4364;5831822,854;13,20854;52,56155\
195473;11;9;9051901;Dammvorstadt;2019;6;16;2;3;5;3;0;1;1;0;0;0;0;0;809945,8114;5821592,81;13,56261;52,45637\
195474;11;4;4030415;Schlo\'dfgarten;2019;6;10;2;3;2;6;0;0;1;0;1;0;0;0;791649,0497;5827653,217;13,29942;52,52077\
195475;11;8;8030830;Gropiusstadt S\'fcd;2019;6;10;2;3;5;7;0;1;1;0;0;0;0;0;802702,0256;5818043,02;13,45311;52,42861\
195476;11;3;3061430;Volkspark Prenzlauer Berg;2019;6;15;2;3;0;7;0;0;1;0;0;0;0;0;802305,7357;5829235,442;13,45745;52,52915\
195477;11;9;9010401;Johannisthal West;2019;6;15;2;3;0;6;0;1;1;0;0;0;0;0;805441,3094;5821500,211;13,49643;52,45807\
195478;11;2;2040701;Andreasviertel;2019;6;9;2;3;5;3;0;1;1;0;0;0;0;0;800778,505;5827188,074;13,43315;52,51164\
195479;11;5;5020626;Adamstra\'dfe;2019;6;9;2;3;5;2;0;1;1;0;0;0;0;0;784218,851;5827369,133;13,18996;52,52215\
195480;11;2;2020204;Urbanstra\'dfe;2019;6;8;2;3;5;2;0;1;1;0;0;0;0;0;798314,8855;5825383,127;13,39534;52,49682\
195481;11;4;4020310;Park Ruhwald;2019;6;8;2;3;5;2;0;0;1;0;0;0;0;0;790211,4519;5827297,934;13,27798;52,51835\
195482;11;2;2030301;Oranienplatz;2019;6;7;2;3;2;6;0;0;1;0;0;1;0;0;799975,5727;5825746,689;13,42006;52,49917\
195483;11;5;5020625;Borkumer Stra\'dfe;2019;6;15;2;3;6;4;0;0;1;1;0;0;0;0;784458,4571;5828663,554;13,19459;52,53363\
195484;11;9;9052001;K\'f6penick Nord;2019;6;7;2;3;5;3;0;0;1;0;0;0;0;0;810947,1361;5822198,973;13,57786;52,46123\
195485;11;1;1011105;N\'f6rdlicher Landwehrkanal;2019;6;6;2;3;5;7;0;0;1;0;0;0;0;0;795336,7708;5826631,6;13,3527;52,50963\
195486;11;12;12214125;Waldidyll/Flughafensee;2019;6;15;2;3;0;2;0;0;1;0;0;0;1;0;790944,8486;5833788,281;13,29444;52,57615\
195487;11;1;1011302;Oranienburger Stra\'dfe;2019;6;6;2;3;2;6;0;0;1;0;0;0;0;0;799078,1247;5828998,061;13,4098;52,5288\
195488;11;9;9020702;Adlershof Ost;2019;6;6;2;3;0;3;0;1;1;0;0;0;0;0;809668,744;5819050,76;13,55618;52,43374\
195489;11;1;1011304;Karl-Marx-Allee;2019;6;15;2;2;2;2;0;0;1;0;0;0;0;0;799727,7436;5827760,655;13,41823;52,51735\
195490;11;3;3061228;Erich-Weinert-Stra\'dfe;2019;6;5;2;3;1;5;0;0;1;0;1;0;0;0;800486,9949;5831261,907;13,43255;52,54832\
195491;11;2;2050601;Hausburgviertel;2019;6;1;2;3;5;2;2;0;1;0;0;0;0;0;801777,9822;5828668,491;13,44918;52,52436\
195492;11;1;1011401;Invalidenstra\'dfe;2019;6;8;2;3;0;1;0;1;0;0;0;0;0;0;798106,7921;5829363,715;13,39585;52,53261\
195493;11;11;11030720;Herzbergstra\'dfe;2019;6;20;2;3;5;2;0;1;1;0;0;0;0;1;805123,4827;5829991,758;13,49955;52,53436\
195494;11;6;6040810;Dahlem;2019;6;9;2;3;5;2;0;1;0;0;0;0;1;0;791848,9725;5821376,437;13,29686;52,46439\
195495;11;10;10010203;Gewerbegebiet Bitterfelder Stra\'dfe;2019;6;17;2;1;1;7;0;0;1;0;0;0;0;0;807352,427;5832454,823;13,53459;52,55518\
195496;11;4;4030724;Lietzensee;2019;6;14;1;3;2;6;0;1;0;0;0;0;0;0;790965,9526;5826026,471;13,28796;52,50655\
195497;11;4;4041238;Kissinger Stra\'dfe;2019;6;14;1;3;5;3;0;1;1;0;0;0;0;0;791553,9247;5823245,511;13,29416;52,48131\
195498;11;1;1011401;Invalidenstra\'dfe;2019;6;14;1;3;6;7;0;0;1;1;0;0;0;0;797521,9227;5829149,117;13,38706;52,53101\
195499;11;9;9041501;Altstadt Kietz;2019;6;19;1;3;3;6;0;1;1;0;0;0;0;0;811012,9502;5820412,725;13,57716;52,44519\
195500;11;1;1044201;Reinickendorfer Stra\'dfe;2019;6;21;1;3;5;3;0;0;1;0;0;0;0;0;795854,7449;5831132,303;13,36432;52,54969\
195501;11;11;2050803;Stralauer Kiez;2019;6;20;1;2;4;6;0;0;1;0;1;0;0;0;803311,958;5826289,712;13,46955;52,50219\
195502;11;2;2040701;Andreasviertel;2019;6;20;1;3;1;5;0;1;1;0;0;0;1;0;800846,907;5826869,321;13,43387;52,50875\
195503;11;4;4010102;Pl\'f6tzensee;2019;6;17;1;3;0;2;0;1;1;0;0;0;0;0;791834,2318;5830684,825;13,3048;52,54785\
195504;11;2;2010102;Mehringplatz;2019;6;17;1;2;5;3;0;0;1;0;1;0;0;0;798331,7871;5825629,632;13,39581;52,49902\
195505;11;10;10040933;Mahlsdorf S\'fcd;2019;6;15;1;2;5;3;0;0;1;0;1;0;0;0;812575,854;5824282,132;13,60371;52,47897\
195506;11;7;7010104;Dennewitzplatz;2019;6;16;1;3;5;2;0;1;1;0;0;0;0;0;795999,7539;5824957,198;13,36096;52,49426\
195507;11;3;3071633;Th\'e4lmannpark;2019;6;16;1;3;0;1;0;1;0;0;0;0;0;0;800029,1676;5830416,599;13,42505;52,54099\
195508;11;11;11051331;Karlshorst Nord;2019;6;14;1;3;5;3;0;0;1;0;0;0;0;0;808003,4667;5824739,716;13,53702;52,48567\
195509;11;7;7010102;Nollendorfplatz;2019;6;14;1;3;5;3;0;0;1;0;1;0;0;0;794954,3795;5825404,027;13,346;52,49883\
195510;11;1;1011101;St\'fclerstra\'dfe;2019;6;14;1;3;5;3;0;0;1;0;0;0;0;0;794991,914;5826149,061;13,34721;52,50549\
195511;11;1;1011202;Unter den Linden Nord;2019;6;14;1;3;5;2;0;0;1;0;1;0;0;0;797703,8288;5827795,443;13,38852;52,51877\
195512;11;11;11051331;Karlshorst Nord;2019;6;14;1;2;5;3;0;1;1;0;0;0;0;0;808002,764;5824740,141;13,53701;52,48567\
195513;11;3;3061126;Arnimplatz;2019;6;13;1;3;2;6;0;0;1;0;0;0;0;0;798310,987;5831834,952;13,40107;52,55465\
195514;11;11;11051330;Karlshorst West;2019;6;12;6;3;5;2;0;1;1;0;0;0;0;0;807062,6312;5824409,718;13,5229;52,48324\
195515;11;8;8020619;Buschkrugallee Nord;2019;6;13;1;3;2;6;0;0;1;0;0;0;0;0;801401,2667;5821120,991;13,43681;52,45692\
195516;11;7;7040403;Manteuffelstra\'dfe;2019;6;12;1;2;5;3;0;0;1;0;1;0;0;0;797649,4987;5822186,485;13,38271;52,46853\
195517;11;1;1033102;Gesundbrunnen;2019;6;12;6;3;5;2;0;1;0;0;0;0;1;0;797141,2919;5831886,679;13,38391;52,55575\
195518;11;1;1044101;Rehberge;2019;6;1;1;2;5;2;2;0;1;0;0;0;0;0;793962,7642;5830161,353;13,33564;52,54201\
195519;11;6;6040809;Thielallee;2019;6;17;6;2;5;2;0;1;1;0;0;0;0;0;792354,529;5820772,049;13,30375;52,4587\
195520;11;11;11020411;Malchower Weg;2019;6;2;1;3;5;3;2;0;1;0;0;0;0;0;804988,9884;5833003,16;13,50034;52,56142\
195521;11;8;8020625;Handwerker-Siedlung;2019;6;12;6;3;3;6;0;1;0;0;0;1;0;0;801490,3895;5817788,317;13,43511;52,427\
195522;11;12;12301203;Wittenau S\'fcd;2019;6;10;1;3;4;5;0;0;1;0;0;0;0;0;793707,074;5835028,565;13,33619;52,58578\
195523;11;12;12301203;Wittenau S\'fcd;2019;6;7;6;2;5;2;0;1;0;0;0;1;0;0;792848,8962;5835170,088;13,32368;52,58751\
195524;11;1;1044202;Sparrplatz;2019;6;10;1;3;5;2;0;0;1;0;0;0;0;0;794619,0775;5829877,865;13,34504;52,53912\
195525;11;1;1033102;Gesundbrunnen;2019;6;11;1;3;5;3;0;0;1;0;0;0;1;0;797153,9337;5831897,015;13,38411;52,55584\
195526;11;5;5010101;Hakenfelde Nord;2019;6;12;6;3;5;3;0;1;1;0;0;0;0;0;785933,6378;5831651,073;13,21885;52,55964\
195527;11;6;6030607;Goerzwerke;2019;6;12;1;2;2;1;0;0;1;0;0;0;0;0;791970,4502;5816407,285;13,2943;52,41978\
195528;11;4;4051448;Schaperstra\'dfe;2019;6;12;6;3;0;6;0;0;1;0;1;0;0;0;793484,7223;5825053,893;13,3241;52,49648\
195529;11;11;11030618;Fennpfuhl West;2019;6;1;1;3;0;1;2;0;0;0;1;0;0;0;803678,9343;5828763,369;13,4772;52,52415\
195530;11;4;4041342;Schlangenbader Stra\'dfe;2019;6;11;6;3;5;2;0;0;1;0;1;0;0;0;792115,2887;5822352,903;13,30162;52,473\
195531;11;8;8010301;Reuterkiez;2019;6;0;1;3;0;1;2;1;0;0;0;0;0;0;801355,2814;5823951,009;13,43869;52,48231\
195532;11;8;8020727;Buckow Mitte;2019;6;11;6;3;5;2;0;1;1;0;0;0;0;0;800946,5111;5817042,181;13,42647;52,42061\
195533;11;2;2040701;Andreasviertel;2019;6;12;7;3;5;3;0;0;1;0;0;0;0;0;800157,9541;5827367,796;13,4242;52,5136\
195534;11;3;3071536;Teutoburger Platz;2019;6;18;7;3;5;3;0;0;1;0;0;0;0;0;798953,1672;5829166,035;13,40811;52,53038\
195535;11;9;9041401;Allende I;2019;6;12;6;3;5;3;0;0;1;0;0;0;1;0;811644,1419;5820420,711;13,58643;52,4449\
195536;11;3;3051017;Rennbahnstra\'dfe;2019;6;13;6;2;5;3;0;1;1;0;0;0;0;0;803391,1171;5832799,033;13,47665;52,56049\
195537;11;6;6030606;Hindenburgdamm;2019;6;15;7;3;1;5;0;1;1;0;0;0;0;0;793693,4001;5819262,561;13,32207;52,44445\
195538;11;10;10010206;Ringkolonnaden;2019;6;18;7;2;5;3;0;1;1;0;0;0;0;0;809970,5197;5832029,817;13,57268;52,54989\
195539;11;9;9020802;K\'f6llnische Vorstadt;2019;6;12;6;2;3;6;0;1;0;0;0;1;0;0;810467,96;5820310,159;13,56907;52,44458\
195540;11;7;7040401;Neu-Tempelhof;2019;6;15;7;3;5;2;0;1;0;0;0;0;0;0;797776,6614;5823273,751;13,38555;52,4782\
195541;11;4;4020311;Reichsstra\'dfe;2019;6;16;6;3;5;3;0;1;1;0;0;0;0;0;789559,8855;5826580,372;13,26778;52,51227\
195542;11;1;1022104;Emdener Stra\'dfe;2019;6;14;7;3;5;2;0;0;1;0;1;0;0;0;794242,987;5828441,211;13,33824;52,52644\
195543;11;1;1044201;Reinickendorfer Stra\'dfe;2019;6;19;7;3;2;6;0;0;1;0;0;0;0;0;796684,9964;5831917,808;13,37723;52,55628\
195544;11;8;8020727;Buckow Mitte;2019;6;16;6;3;5;3;0;0;1;0;1;0;0;0;801575,1342;5816649,688;13,43533;52,41674\
195545;11;2;2030301;Oranienplatz;2019;6;19;7;3;5;3;0;1;1;0;0;0;0;0;799598,6806;5826095,896;13,41483;52,5025\
195546;11;4;4030931;Breitscheidplatz;2019;6;13;7;3;5;2;0;1;1;0;0;0;0;0;794117,342;5826092,18;13,33431;52,50545\
195547;11;3;3030405;Karow Nord;2019;6;16;6;3;6;4;0;0;1;1;0;0;0;0;803515,117;5839643,054;13,48475;52,62176\
195548;11;11;11051332;Karlshorst S\'fcd;2019;6;19;7;3;2;6;0;0;1;0;0;0;0;0;807229,0562;5824116,198;13,52507;52,48052\
195549;11;9;9041501;Altstadt Kietz;2019;6;16;6;2;5;2;0;1;1;0;0;0;0;0;811692,3888;5819923,671;13,58667;52,44042\
195550;11;4;4020310;Park Ruhwald;2019;6;16;6;2;4;6;0;1;0;0;0;0;0;0;790150,5424;5828210,08;13,27788;52,52656\
195551;11;7;7020201;Bayerischer Platz;2019;6;19;7;3;5;3;0;0;1;0;0;0;0;0;794964,5671;5824059,457;13,34496;52,48677\
195552;11;2;2010104;Wassertorplatz;2019;6;15;6;2;5;7;0;0;1;0;0;1;0;0;799444,6735;5825642,377;13,41216;52,49852\
195553;11;2;2030302;Lausitzer Platz;2019;6;12;7;2;5;2;0;1;1;0;0;0;0;0;800946,851;5826400,028;13,43491;52,50449\
195554;11;4;4030621;Spreestadt;2019;6;16;6;3;5;2;0;1;0;0;1;0;0;0;793559,2538;5827756,096;13,32758;52,52067\
195555;11;6;6040806;Fischtal;2019;6;22;7;3;6;4;2;0;1;1;0;0;0;0;788845,7188;5819607,9;13,25124;52,45013\
195556;11;7;7070702;Alt-Lichtenrade/T\'f6pchiner Weg;2019;6;12;7;3;1;5;0;0;1;0;0;0;0;0;800128,5192;5814982,438;13,41263;52,4026\
195557;11;7;7010102;Nollendorfplatz;2019;6;16;6;3;1;5;0;1;1;0;0;0;0;0;795883,5766;5825470,29;13,35971;52,49892\
195558;11;4;4041238;Kissinger Stra\'dfe;2019;6;9;6;3;2;7;0;0;1;0;0;0;0;0;791683,1119;5823653,805;13,29641;52,4849\
195559;11;5;5010314;Carl-Schurz-Stra\'dfe;2019;6;11;7;3;0;2;0;0;1;0;0;0;1;0;784843,1873;5829239,963;13,20074;52,5386\
195560;11;5;5010339;Freiheit;2019;6;10;7;3;5;2;0;1;1;0;0;0;0;0;788103,7111;5827867,4;13,2475;52,52458\
195561;11;3;3050924;Behaimstra\'dfe;2019;6;12;6;2;1;1;0;0;1;0;0;0;1;0;801589,5728;5831780,427;13,44923;52,55236\
195562;11;1;1011302;Oranienburger Stra\'dfe;2019;6;23;7;2;0;1;2;1;0;0;0;0;0;0;798496,293;5828386,934;13,4007;52,52364\
195563;11;2;2010102;Mehringplatz;2019;6;17;6;3;5;3;0;0;1;0;0;0;0;0;798411,8411;5825784,562;13,39712;52,50036\
195564;11;8;8020622;Parchimer Allee;2019;6;9;7;3;5;7;0;0;1;0;0;0;0;0;802374,663;5819912,366;13,45;52,44555\
195565;11;1;1033201;Brunnenstra\'dfe;2019;6;9;7;2;5;2;0;1;0;0;0;1;0;0;798071,6509;5829988,77;13,39589;52,53823\
195566;11;8;8010117;Schillerpromenade;2019;6;15;6;3;6;2;0;0;1;1;0;0;0;0;800651,7363;5823014,231;13,42752;52,4743\
195567;11;4;4051445;Eisenzahnstra\'dfe;2019;5;5;6;3;5;2;0;1;1;0;0;0;0;0;791762,2535;5824375,355;13,29821;52,49132\
195568;11;3;3050923;Wei\'dfenseer Spitze;2019;5;7;6;3;5;3;0;0;1;0;1;0;0;0;800994,2425;5831899,738;13,44059;52,55376\
195569;11;2;2010102;Mehringplatz;2019;6;23;6;2;5;3;2;0;1;0;0;0;0;0;798531,8039;5826271,364;13,39932;52,50466\
195570;11;4;4030519;Kaiserin-Augusta-Allee;2019;5;9;6;3;5;2;0;1;1;0;0;0;0;0;792326,0574;5828251,913;13,30989;52,52578\
195571;11;11;11010103;Dorf Falkenberg;2019;6;15;6;3;5;2;0;0;1;0;1;0;0;0;807931,2058;5833796,26;13,54434;52,56687\
195572;11;4;4030725;Amtsgerichtsplatz;2019;5;9;6;3;5;2;0;0;1;0;0;0;0;0;791916,0419;5826239,076;13,3021;52,50795\
195573;11;7;7050503;Eisenacher Stra\'dfe;2019;5;15;6;3;2;6;0;0;1;0;0;0;0;0;799139,9432;5819915,761;13,40255;52,44736\
195574;11;7;7050501;Rathausstra\'dfe;2019;6;11;6;3;1;5;0;1;1;0;0;0;1;0;797853,1267;5819621,187;13,38341;52,44542\
195575;11;3;3050923;Wei\'dfenseer Spitze;2019;6;11;6;3;2;1;0;0;1;0;0;0;0;0;801160,4459;5831611,249;13,44277;52,55108\
195576;11;12;12214423;Mellerbogen;2019;5;15;6;3;5;3;0;0;1;0;0;0;0;0;792601,3061;5833665,675;13,31871;52,57416\
195577;11;7;7040401;Neu-Tempelhof;2019;5;15;6;3;5;2;0;1;1;0;0;0;0;0;797748,2126;5822532,304;13,38447;52,47157\
195578;11;4;4030416;Klausenerplatz;2019;6;18;6;3;0;7;0;1;0;0;0;0;0;0;791296,1495;5827183,946;13,29382;52,51675\
195579;11;9;9031001;Bohnsdorf;2019;5;13;6;3;5;3;0;1;1;0;0;0;0;0;810544,9155;5815073,19;13,56534;52,3976\
195580;11;2;2010104;Wassertorplatz;2019;6;10;6;2;6;4;0;1;0;1;0;0;0;0;799774,2389;5825695,517;13,41705;52,49882\
195581;11;12;12214424;Scharnweberstra\'dfe;2019;5;13;6;2;5;2;0;0;1;0;0;0;0;0;793186,3101;5832306,134;13,32612;52,56166\
195582;11;12;12302107;Schorfheidestra\'dfe;2019;5;16;6;3;5;3;0;0;1;0;0;0;0;0;793845,7033;5836158,09;13,33923;52,59583\
195583;11;4;5030833;Motardstra\'dfe;2019;5;17;6;2;2;6;0;0;1;0;0;0;0;0;790383,9967;5829032,405;13,28203;52,53381\
195584;11;12;12231102;Frohnau;2019;6;15;6;3;1;5;0;0;1;0;0;0;0;0;789775,4404;5839769,236;13,28247;52,63039\
195585;11;9;9010202;K\'f6penicker Landstra\'dfe;2019;5;17;6;2;5;2;0;1;1;0;0;0;0;0;804483,0659;5823234,787;13,48396;52,47416\
195586;11;3;3061131;Falkplatz;2019;6;10;6;3;5;2;0;0;1;0;1;0;0;0;798625,4236;5831114,243;13,40504;52,54802\
195587;11;2;2020206;Graefekiez;2019;5;19;6;3;5;7;0;1;0;0;0;0;1;0;799780,1101;5824852,426;13,41638;52,49126\
195588;11;5;5030731;Gartenfelder Stra\'dfe;2019;6;9;6;3;1;5;0;1;1;0;0;0;1;0;786995,5361;5829344,1;13,23248;52,5384\
195589;11;2;2020206;Graefekiez;2019;5;19;6;3;0;6;0;0;1;0;0;0;1;0;799529,413;5824906,783;13,41275;52,49188\
195590;11;2;2030301;Oranienplatz;2019;6;9;6;3;5;3;0;1;1;0;0;0;0;0;799702,0925;5826016,308;13,41628;52,50173\
195591;11;12;12214424;Scharnweberstra\'dfe;2019;5;20;6;3;5;2;0;0;1;0;0;0;0;1;793277,7366;5832576,995;13,3277;52,56404\
195592;11;9;9010402;Johannisthal Ost;2019;6;15;6;3;5;3;0;1;1;0;0;0;0;0;806460,1913;5820700,254;13,51065;52,45033\
195593;11;7;7040405;Rathaus Tempelhof;2019;5;21;6;3;2;6;2;0;1;0;0;0;1;1;798915,8768;5821220,273;13,40043;52,45917\
195594;11;7;7070703;John-Locke-Stra\'dfe;2019;6;15;6;3;1;5;0;1;1;0;0;0;0;0;799689,621;5813178,698;13,40458;52,38667\
195595;11;2;2020205;Chamissokiez;2019;5;18;6;3;0;1;0;1;0;0;0;0;0;0;799191,7976;5824231,976;13,40718;52,48602\
195596;11;6;6010101;Fichtenberg;2019;5;9;6;3;2;2;0;0;1;0;0;0;1;0;792655,7477;5820908,331;13,30829;52,45977\
195597;11;4;4010102;Pl\'f6tzensee;2019;6;14;6;3;5;2;0;1;1;0;0;0;0;0;793170,9312;5830158,347;13,32399;52,54241\
195598;11;9;9051801;Rahnsdorf/Hessenwinkel;2019;5;10;6;3;5;2;0;1;1;0;0;0;0;0;819383,6943;5819909,118;13,69943;52,43585\
195599;11;4;4030620;Alt-Lietzow;2019;6;14;6;3;5;2;0;1;1;0;0;0;0;0;791852,6099;5827431,584;13,30221;52,51867\
195600;11;3;3071537;Kollwitzplatz;2019;5;12;6;3;2;6;0;0;1;0;0;0;0;0;799869,2738;5829787,294;13,42214;52,53544\
195601;11;1;1011306;Heine-Viertel Ost;2019;5;12;6;3;0;7;0;1;0;0;0;0;1;1;799883,9208;5826480,63;13,41937;52,50579\
195602;11;3;3061126;Arnimplatz;2019;6;14;6;2;5;2;0;1;1;0;0;0;0;0;798642,4057;5831469,185;13,40561;52,55119\
195603;11;1;1044203;Leopoldplatz;2019;5;12;6;3;2;6;0;0;1;0;0;0;0;0;795445,7201;5831557,49;13,35868;52,55373\
195604;11;6;6020303;Lankwitz Kirche;2019;6;13;6;3;1;5;0;1;1;0;0;0;0;0;795430,6847;5818542,783;13,34692;52,43707\
195605;11;2;2030302;Lausitzer Platz;2019;5;12;6;3;2;6;0;0;1;0;0;0;1;0;801215,309;5826225,282;13,4387;52,50277\
195606;11;6;6040808;H\'fcttenweg;2019;6;14;6;3;2;6;0;0;1;0;0;1;0;0;790129,1696;5819679,493;13,27014;52,4501\
195607;11;1;1011306;Heine-Viertel Ost;2019;5;12;6;3;0;7;0;0;0;0;1;0;1;1;799884,913;5826475,448;13,41938;52,50575\
195608;11;1;1044101;Rehberge;2019;6;10;6;3;2;6;0;0;1;0;0;1;0;0;793964,9749;5830169,605;13,33568;52,54209\
195609;11;12;12301203;Wittenau S\'fcd;2019;5;23;6;3;2;6;2;0;1;0;0;0;0;1;793941,3213;5835293,842;13,33987;52,58803\
195610;11;1;1011301;Charit\'e9viertel;2019;5;21;6;3;0;1;2;0;0;0;1;0;0;1;797011,4463;5828945,174;13,37937;52,52946\
195611;11;1;1022106;Elberfelder Stra\'dfe;2019;6;8;6;3;1;1;0;0;1;0;0;0;0;0;793989,0087;5828215,839;13,3343;52,52456\
195612;11;11;11051332;Karlshorst S\'fcd;2019;6;8;6;1;6;4;0;0;0;1;0;1;0;0;807133,9037;5823935,226;13,52351;52,47895\
195613;11;2;2010101;Askanischer Platz;2019;5;18;5;3;6;7;0;0;1;1;0;0;0;0;797701,214;5826004,969;13,38688;52,50273\
195614;11;8;8010406;Treptower Stra\'dfe Nord;2019;6;16;5;3;0;2;0;1;0;0;0;0;1;1;802517,8258;5824218,267;13,456;52,48406\
195615;11;7;7070704;Nahariyastra\'dfe;2019;5;18;5;2;5;2;0;0;1;0;1;0;0;0;800164,9566;5814068,965;13,41234;52,39439\
195616;11;2;2010102;Mehringplatz;2019;6;18;5;3;3;6;0;1;1;0;0;0;0;0;797760,4877;5826437,829;13,38814;52,50657\
195617;11;4;4041344;R\'fcdesheimer Platz;2019;5;17;5;3;6;4;0;0;1;1;0;0;0;0;792980,2962;5822529,243;13,31447;52,47412\
195618;11;10;10020519;Boulevard Kastanienallee;2019;5;17;5;2;5;3;0;1;1;0;0;0;0;0;812267,9107;5830209,467;13,60474;52,53226\
195619;11;12;12214527;Alt-Tegel;2019;6;15;5;3;2;6;0;0;1;0;0;0;0;0;790646,3225;5834378,22;13,29057;52,5816\
195620;11;9;9041501;Altstadt Kietz;2019;6;7;5;3;5;2;0;1;1;0;0;0;0;0;811004,6205;5820318,672;13,57695;52,44435\
195621;11;3;3020209;Niedersch\'f6nhausen;2019;5;16;5;3;5;3;0;0;1;0;0;0;0;0;797239,9163;5835063,787;13,38821;52,58418\
195622;11;10;10040828;Kaulsdorf Nord;2019;5;16;5;2;5;3;0;1;1;0;0;0;0;0;811909,316;5829755,694;13,59905;52,5284\
195623;11;9;9020701;Adlershof West;2019;6;7;5;3;5;2;0;1;1;0;0;0;0;0;809340,9173;5818506,28;13,55087;52,42905\
195624;11;1;1022106;Elberfelder Stra\'dfe;2019;5;18;5;3;5;2;0;1;1;0;0;0;0;0;794316,304;5828379,61;13,33926;52,52585\
195625;11;5;5010102;Goltzstra\'dfe;2019;6;6;5;3;5;3;0;0;1;0;1;0;0;0;785203,8256;5831871,763;13,20831;52,562\
195626;11;12;12231102;Frohnau;2019;5;16;5;3;0;1;0;1;0;0;0;0;0;0;790567,1911;5841249,854;13,29544;52,64324\
195627;11;10;10010102;Havemannstra\'dfe;2019;5;16;5;3;5;7;0;0;1;0;0;0;0;0;809347,2347;5834283,652;13,56562;52,57044\
195628;11;8;8010508;Wei\'dfe Siedlung;2019;6;6;5;3;5;2;0;1;0;0;1;0;0;0;803180,965;5822713,857;13,46437;52,47021\
195629;11;2;2040701;Andreasviertel;2019;5;23;5;2;6;4;2;0;1;1;0;0;0;0;800883,174;5826849,831;13,43438;52,50855\
195630;11;1;1044203;Leopoldplatz;2019;6;21;5;3;5;7;2;1;1;0;0;0;0;1;795873,6255;5831960,346;13,36534;52,5571\
195631;11;8;8010214;Glasower Stra\'dfe;2019;5;22;5;3;5;7;2;1;1;0;0;0;0;0;801152,3466;5822196,066;13,43413;52,46669\
195632;11;8;8010117;Schillerpromenade;2019;6;21;5;3;2;6;1;1;1;0;0;0;0;1;800715,0726;5822880,25;13,42833;52,47307\
195633;11;4;4051446;Preu\'dfenpark;2019;5;20;5;3;5;3;1;1;1;0;0;0;0;0;792912,4407;5824395,27;13,31512;52,49089\
195634;11;4;4030828;Savignyplatz;2019;6;21;5;3;6;4;1;0;1;1;0;0;0;1;793150,5614;5826111,657;13,32013;52,50615\
195635;11;3;3051017;Rennbahnstra\'dfe;2019;5;20;5;3;5;2;1;1;1;0;0;0;0;0;804447,8874;5832668,121;13,49207;52,55872\
195636;11;1;1022204;Thomasiusstra\'dfe;2019;5;19;5;3;1;5;0;1;1;0;0;0;0;0;794705,3814;5828322,533;13,34493;52,52513\
195637;11;8;8041038;Wa\'dfmannsdorfer Chaussee;2019;6;12;5;2;6;2;0;0;1;1;0;0;0;0;805682,6494;5816732,619;13,49562;52,41521\