OBJECTID;LAND;BEZ;LOR;STRASSE;UJAHR;UMONAT;USTUNDE;UWOCHENTAG;UKATEGORIE;UART;UTYP1;ULICHTVERH;IstRad;IstPKW;IstFuss;IstKrad;IstGkfz;IstSonstige;USTRZUSTAND;LINREFX;LINREFY;XGCSWGS84;YGCSWGS84\
195638;11;3;3061228;Erich-Weinert-Stra\'dfe;2019;6;23;5;3;5;3;2;0;1;0;0;0;0;1;800312,204;5831547,272;13,43024;52,55097\
195639;11;10;10030727;Biesdorf S\'fcd;2019;5;18;5;3;2;6;0;1;0;0;0;0;0;0;809633,2375;5825751,669;13,56188;52,49382\
195640;11;10;10040830;Kaulsdorf S\'fcd;2019;5;18;5;3;5;3;0;0;1;0;0;0;0;0;810496,826;5824818,404;13,57369;52,48496\
195641;11;3;3030716;M\'e4rchenland;2019;6;15;5;3;0;7;0;0;1;0;0;0;0;0;802837,02;5835346,607;13,47083;52,58363\
195642;11;1;1011202;Unter den Linden Nord;2019;5;15;5;3;3;6;0;1;1;0;0;0;0;0;797682,2716;5827925,576;13,38832;52,51995\
195643;11;8;8010303;Donaustra\'dfe;2019;6;15;5;3;5;2;0;0;1;0;0;0;0;1;801015,6259;5823905,729;13,43367;52,48209\
195644;11;4;4020311;Reichsstra\'dfe;2019;5;15;5;3;5;3;0;0;1;0;0;0;0;0;789024,1779;5827024,015;13,26029;52,51653\
195645;11;1;1022101;Huttenkiez;2019;6;15;5;3;1;5;0;1;1;0;0;0;1;1;793066,1171;5828301,705;13,32081;52,52582\
195646;11;3;3040508;Rosenthal;2019;5;14;5;3;2;2;0;0;1;0;0;0;0;0;796933,4;5836537,757;13,38502;52,59756\
195647;11;7;7060601;Marienfelder Allee Nordwest;2019;6;13;5;2;2;6;0;1;1;0;0;0;0;0;796571,7072;5816237,907;13,36161;52,41579\
195648;11;4;4051549;Rathaus Wilmersdorf;2019;5;14;5;3;2;6;0;0;1;0;0;0;0;0;792463,7819;5824037,338;13,30821;52,48792\
195649;11;11;11030721;R\'fcdigerstra\'dfe;2019;6;12;5;2;6;2;0;0;1;1;0;0;0;0;804306,3817;5828168,337;13,48587;52,51847\
195650;11;11;11040926;Weitlingstra\'dfe;2019;5;13;5;3;6;2;0;0;0;1;0;0;1;0;805353,0067;5827358,962;13,50051;52,51063\
195651;11;2;2040502;Friedenstra\'dfe;2019;6;12;5;3;5;2;0;1;1;0;0;0;0;0;800928,5868;5828504,474;13,43655;52,52336\
195652;11;5;5040934;Alt-Gatow;2019;5;13;5;2;1;5;0;1;1;0;0;0;0;0;783897,6421;5823452,484;13,1819;52,4872\
195653;11;6;6030608;Schweizer Viertel;2019;5;10;5;2;5;7;0;0;1;0;1;0;0;0;792904,7046;5817699,674;13,30913;52,43087\
195654;11;1;1022205;Zillesiedlung;2019;6;12;5;3;5;2;0;0;1;0;1;0;0;0;796061,5195;5828499,804;13,36501;52,52598\
195655;11;5;5020625;Borkumer Stra\'dfe;2019;5;6;5;2;1;5;0;0;1;0;0;0;0;0;784036,3263;5827974,402;13,1878;52,52767\
195656;11;9;9020501;Obersch\'f6neweide West;2019;6;12;5;3;2;6;0;0;1;0;0;0;0;0;806434,868;5822979,087;13,51237;52,47077\
195657;11;12;12214528;Tegeler Forst;2019;5;16;4;3;2;6;0;0;1;0;0;0;0;0;787918,8952;5836238,085;13,25204;52,59972\
195658;11;2;2020205;Chamissokiez;2019;6;11;5;2;5;7;0;1;1;0;0;0;0;0;798201,4225;5824527,251;13,39291;52,48921\
195659;11;4;4010102;Pl\'f6tzensee;2019;5;18;4;3;2;2;0;1;1;0;0;0;0;0;793341,673;5829714,923;13,32611;52,53835\
195660;11;6;6040703;Nikolassee;2019;6;11;5;3;5;2;0;0;1;0;1;0;0;0;786983,8973;5817341,288;13,22198;52,43079\
195661;11;2;2040703;Wriezener Bahnhof/Entwicklungsgebiet;2019;5;18;4;3;5;2;0;1;0;0;0;0;1;0;801759,6367;5826240,48;13,4467;52,50261\
195662;11;1;1022104;Emdener Stra\'dfe;2019;5;16;4;3;3;6;0;0;1;0;1;0;0;0;794571,0404;5828597,616;13,3432;52,52767\
195663;11;10;10010310;Alt-Marzahn;2019;6;11;5;3;2;6;0;0;1;0;0;0;0;0;809467,4359;5831424,554;13,56472;52,54475\
195664;11;9;9051702;B\'f6lschestra\'dfe;2019;6;7;5;3;6;2;0;0;1;1;0;0;0;0;814708,2746;5821927,342;13,63278;52,45665\
195665;11;9;9051901;Dammvorstadt;2019;5;23;4;3;0;1;2;1;0;0;0;0;0;0;810257,7465;5821474,036;13,56707;52,45513\
195666;11;4;4030622;Richard-Wagner-Stra\'dfe;2019;5;17;4;3;6;4;0;0;1;1;0;0;0;0;792063,7493;5826935,087;13,30488;52,51411\
195667;11;2;2050802;Boxhagener Platz;2019;6;10;5;3;5;5;0;0;1;0;1;0;0;0;802166,7874;5827344,011;13,45369;52,51227\
195668;11;1;1011204;Leipziger Stra\'dfe;2019;5;20;4;3;0;2;1;1;0;0;0;1;0;0;797855,1246;5826858,942;13,38991;52,5103\
195669;11;4;4030621;Spreestadt;2019;6;10;5;3;2;2;0;0;1;0;0;0;0;0;794160,1722;5827008,865;13,33575;52,51365\
195670;11;4;4051653;Prager Platz;2019;5;18;4;3;5;3;0;1;1;0;0;0;0;0;793977,113;5824687,013;13,33101;52,49293\
195671;11;9;9010301;Baumschulenstra\'dfe;2019;5;18;4;2;5;2;0;0;1;0;0;0;0;0;804391,857;5821738,307;13,48125;52,46079\
195672;11;4;4051448;Schaperstra\'dfe;2019;6;9;5;3;6;2;0;1;0;1;0;0;0;0;793503,0775;5825217,488;13,32452;52,49794\
195673;11;2;2020203;Viktoriapark;2019;5;23;4;3;5;3;2;0;1;0;0;0;0;0;797839,9179;5824927,167;13,38795;52,49299\
195674;11;11;11040926;Weitlingstra\'dfe;2019;5;22;4;3;5;2;2;0;1;0;0;0;0;0;804587,552;5826362,866;13,48835;52,50213\
195675;11;11;11010310;M\'fchlengrund;2019;6;9;5;2;6;4;0;0;0;1;0;0;1;0;805456,5376;5833348,812;13,50753;52,56426\
195676;11;3;3040818;Pankow S\'fcd;2019;5;21;4;3;5;2;1;1;1;0;0;0;0;0;800014,0579;5833422,155;13,42755;52,56794\
195677;11;3;3061332;Helmholtzplatz;2019;5;18;4;3;0;2;0;0;1;0;1;0;0;0;799528,8817;5831002,162;13,41823;52,54652\
195678;11;4;4030929;Hindemithplatz;2019;6;19;5;3;2;6;0;1;0;0;1;0;0;1;792711,8957;5825652,153;13,31328;52,50226\
195679;11;1;1044203;Leopoldplatz;2019;5;18;4;3;5;2;0;1;1;0;0;0;0;0;796010,1208;5831416,059;13,36686;52,55215\
195680;11;1;1011302;Oranienburger Stra\'dfe;2019;6;18;5;3;0;1;0;1;0;0;0;0;0;1;798646,0018;5828482,384;13,40298;52,52442\
195681;11;5;5020625;Borkumer Stra\'dfe;2019;5;15;4;3;6;2;0;0;1;1;0;0;0;0;784673,2814;5828461,076;13,19758;52,5317\
195682;11;1;1011302;Oranienburger Stra\'dfe;2019;6;18;5;3;0;3;0;1;0;0;1;0;0;1;798119,3663;5828960,15;13,39567;52,52899\
195683;11;10;10040830;Kaulsdorf S\'fcd;2019;5;18;4;3;5;3;0;1;1;0;0;0;0;0;810635,6804;5825832,055;13,57667;52,49397\
195684;11;5;5010314;Carl-Schurz-Stra\'dfe;2019;6;18;5;3;0;2;0;1;1;0;0;0;0;1;784493,338;5828877,794;13,19529;52,53553\
195685;11;6;6010101;Fichtenberg;2019;5;9;4;2;3;6;0;0;1;0;1;0;0;0;793367,092;5820349,127;13,31824;52,45437\
195686;11;2;2030302;Lausitzer Platz;2019;5;11;4;3;5;3;0;1;1;0;0;0;0;0;800624,6462;5826273,879;13,43006;52,50353\
195687;11;1;1011201;Wilhelmstra\'dfe;2019;6;18;5;2;5;3;1;1;1;0;0;0;0;1;797910,1197;5826572,08;13,39046;52,5077\
195688;11;12;12302109;Treuenbrietzener Stra\'dfe;2019;6;18;5;3;5;2;0;1;1;0;0;0;0;1;795103,0567;5836856,314;13,35836;52,60141\
195689;11;4;4051446;Preu\'dfenpark;2019;5;18;4;3;2;6;0;0;1;0;0;0;0;0;792307,7887;5825309,517;13,30704;52,49941\
195690;11;4;4041136;Hagenplatz;2019;5;11;4;3;5;2;0;0;1;0;0;1;0;0;790536,3376;5822781,428;13,27881;52,47769\
195691;11;6;6040806;Fischtal;2019;6;18;5;2;6;4;0;0;1;1;0;0;0;1;788900,4661;5819429,736;13,25189;52,44851\
195692;11;7;7010102;Nollendorfplatz;2019;5;11;4;3;5;7;0;0;1;0;0;0;0;0;795484,0179;5825581,347;13,35394;52,50013\
195693;11;1;1011301;Charit\'e9viertel;2019;6;18;5;3;0;1;0;0;0;0;1;0;0;1;796778,4258;5828817,975;13,37584;52,52844\
195694;11;5;5010314;Carl-Schurz-Stra\'dfe;2019;5;11;4;3;5;2;0;0;1;0;1;0;0;0;784685,025;5829353,95;13,19852;52,5397\
195695;11;2;2030301;Oranienplatz;2019;6;17;5;2;6;4;0;0;0;1;1;0;0;1;799854,844;5825830,614;13,41836;52,49998\
195696;11;2;2040703;Wriezener Bahnhof/Entwicklungsgebiet;2019;5;12;4;3;1;5;0;1;1;0;0;0;1;0;801448,4442;5826394,208;13,44227;52,50416\
195697;11;12;12224230;Heiligensee;2019;6;16;5;2;0;1;0;1;0;0;0;0;0;1;787421,995;5838721,999;13,24688;52,62225\
195698;11;9;9010302;Sp\'e4thsfelde;2019;5;17;4;3;2;6;0;1;1;0;0;0;0;0;804041,8239;5821222,142;13,47565;52,45636\
195699;11;4;4020311;Reichsstra\'dfe;2019;5;17;4;2;6;4;0;0;1;1;0;0;0;0;789061,7861;5827078,067;13,26089;52,51699\
195700;11;1;1022102;Beusselkiez;2019;6;16;5;3;6;4;0;0;1;1;0;0;0;1;793557,2543;5828335,358;13,32806;52,52586\
195701;11;7;7050505;Hundsteinweg;2019;6;15;5;3;1;5;0;0;1;0;0;0;0;1;798266,3731;5818954,037;13,38888;52,43921\
195702;11;6;6020410;Oberhofer Platz;2019;5;17;4;3;5;3;0;0;1;0;0;0;1;0;794204,1863;5816869,231;13,32746;52,42272\
195703;11;4;4030417;Schlo\'dfstra\'dfe;2019;6;17;5;3;5;3;0;1;1;0;0;0;0;0;791792,5745;5827046,045;13,30099;52,51525\
195704;11;1;1033101;Soldiner Stra\'dfe;2019;6;17;5;3;4;6;0;0;0;0;1;1;0;0;796660,9602;5832032,766;13,37698;52,55733\
195705;11;4;4030519;Kaiserin-Augusta-Allee;2019;6;17;5;3;5;3;0;0;1;0;0;0;0;0;791333,4184;5828705,526;13,2957;52,53037\
195706;11;12;12103219;Sch\'e4fersee;2019;6;17;5;3;5;3;0;1;1;0;0;0;0;0;795563,0458;5833222,522;13,36189;52,56859\
195707;11;1;1011306;Heine-Viertel Ost;2019;6;16;5;3;5;3;0;0;1;0;0;0;1;0;800065,5959;5826411,893;13,42198;52,50508\
195708;11;6;6030504;Teltower Damm;2019;6;16;5;3;5;2;0;1;1;0;0;0;0;0;790858,0999;5817586,205;13,27901;52,43094\
195709;11;4;4030620;Alt-Lietzow;2019;6;16;5;2;5;3;0;1;1;0;0;0;0;0;792630,7151;5827088,365;13,31335;52,51518\
195710;11;3;3010102;Buch;2019;6;16;5;3;5;2;0;1;1;0;0;0;0;0;804276,5729;5841093,313;13,4973;52,63433\
195711;11;1;1011301;Charit\'e9viertel;2019;6;16;5;3;5;2;0;0;1;0;1;0;0;0;797074,6823;5829292,201;13,38061;52,53253\
195712;11;10;10020621;Gelbes Viertel;2019;6;20;5;3;2;6;0;0;1;0;1;0;0;0;811337,3735;5829835,024;13,59072;52,52944\
195713;11;2;2050801;Traveplatz;2019;6;20;5;3;5;3;0;1;1;0;0;0;0;0;803553,1542;5827194,927;13,47392;52,51017\
195714;11;2;2050601;Hausburgviertel;2019;6;19;5;3;5;3;0;1;1;0;0;0;0;0;801966,6973;5829025,696;13,45227;52,52746\
195715;11;11;11040926;Weitlingstra\'dfe;2019;6;19;5;3;2;2;0;0;1;0;0;0;0;0;804467,6155;5826384,245;13,48661;52,50239\
195716;11;5;5020626;Adamstra\'dfe;2019;6;19;5;3;1;5;0;0;1;0;0;0;1;0;784701,6351;5827273,318;13,19698;52,52104\
195717;11;10;10020412;Alte Hellersdorfer Stra\'dfe;2019;6;18;5;3;2;6;0;0;1;0;0;0;1;0;811702,5599;5831880,642;13,598;52,54756\
195718;11;6;6040810;Dahlem;2019;6;18;5;3;0;7;0;1;0;0;0;0;0;0;790576,9004;5821720,593;13,27849;52,46816\
195719;11;1;1022104;Emdener Stra\'dfe;2019;6;18;5;3;5;3;0;1;1;0;0;0;0;0;794564,483;5829100,632;13,34354;52,53218\
195720;11;1;1011401;Invalidenstra\'dfe;2019;6;18;5;3;0;1;0;1;0;0;0;0;0;0;798305,3221;5829373,244;13,39877;52,53259\
195721;11;7;7060604;Marienfelde S\'fcd;2019;6;18;5;3;0;2;0;1;1;0;0;0;0;0;795656,9348;5816070,422;13,34805;52,41478\
195722;11;9;9020502;Obersch\'f6neweide Ost;2019;6;15;5;3;6;7;0;1;0;1;0;0;0;0;807236,4344;5822135,766;13,52336;52,46276\
195723;11;9;9051901;Dammvorstadt;2019;6;17;5;3;2;6;0;0;1;0;1;0;0;0;809683,3583;5821307,296;13,55849;52,45396\
195724;11;2;2050602;Samariterviertel;2019;6;15;5;3;6;4;0;0;1;1;0;0;0;0;802688,7741;5828129,335;13,46207;52,51902\
195725;11;9;9020501;Obersch\'f6neweide West;2019;6;15;5;3;2;6;0;0;1;0;0;0;0;0;806504,8231;5822090,641;13,51258;52,46277\
195726;11;2;2010104;Wassertorplatz;2019;6;15;5;3;5;7;0;0;1;0;0;0;0;0;799332,099;5825627,348;13,4105;52,49845\
195727;11;10;10010203;Gewerbegebiet Bitterfelder Stra\'dfe;2019;6;6;5;2;5;2;0;1;1;0;0;0;0;0;808083,5429;5832324,671;13,54522;52,5536\
195728;11;3;3040614;Pankow Zentrum;2019;6;7;5;2;5;3;0;1;1;0;0;0;0;0;798990,5836;5835036,513;13,41395;52,58297\
195729;11;1;1011102;Gro\'dfer Tiergarten;2019;6;14;5;3;6;4;0;0;1;1;0;0;0;0;794938,9804;5827271,4;13,34743;52,51558\
195730;11;11;11051229;Rummelsburg;2019;6;7;5;3;3;6;0;0;1;0;1;0;0;1;803699,3924;5826242,401;13,4752;52,50155\
195731;11;2;2030402;Wrangelkiez;2019;6;7;5;3;3;6;0;1;0;0;0;0;1;0;801597,5221;5825937,283;13,44405;52,49998\
195732;11;6;6010205;S\'fcdende;2019;6;7;5;3;3;6;0;0;1;0;1;0;0;0;795822,2132;5819719,904;13,35371;52,44741\
195733;11;6;6030503;Zehlendorf Mitte;2019;6;7;5;2;5;2;0;0;1;0;1;0;0;1;788909,923;5817930,331;13,25074;52,43506\
195734;11;1;1044201;Reinickendorfer Stra\'dfe;2019;6;8;5;3;5;3;0;1;1;0;0;0;0;0;796113,3924;5831188,849;13,36817;52,55006\
195735;11;11;11020412;Hauptstra\'dfe;2019;6;8;5;3;6;4;0;0;1;1;0;0;0;0;806173,8233;5831244,078;13,51614;52,54499\
195736;11;9;9010101;Elsenstra\'dfe;2019;6;8;5;3;5;2;0;1;1;0;0;0;0;0;802352,5717;5824748,049;13,45406;52,4889\
195737;11;9;9020501;Obersch\'f6neweide West;2019;6;9;5;3;5;2;0;1;1;0;0;0;0;0;806199,7972;5823259,926;13,50918;52,47342\
195738;11;1;1011203;Unter den Linden S\'fcd;2019;6;14;5;3;5;7;0;0;1;0;1;0;0;0;798142,92;5827413,083;13,39463;52,51511\
195739;11;1;1011202;Unter den Linden Nord;2019;6;10;5;3;5;3;0;1;1;0;0;0;0;0;797160,435;5827685,961;13,38044;52,51809\
195740;11;11;11041128;Sewanstra\'dfe;2019;6;10;5;2;5;3;0;1;0;0;0;1;0;0;807089,5401;5825838,724;13,52461;52,49603\
195741;11;4;4041136;Hagenplatz;2019;6;12;5;3;2;6;0;1;1;0;0;0;0;0;790046,0636;5822991,8;13,2718;52,47984\
195742;11;3;3051022;Hansastra\'dfe;2019;6;12;5;3;1;5;0;1;1;0;0;0;0;0;802858,4508;5831759,003;13,46787;52,55146\
195743;11;2;2020204;Urbanstra\'dfe;2019;6;12;5;3;0;3;0;1;0;0;0;1;0;0;798491,9379;5825234,696;13,39781;52,49539\
195744;11;4;4030726;Droysenstra\'dfe;2019;6;8;5;2;0;1;0;1;0;0;0;0;0;0;792087,792;5825285,928;13,30379;52,49931\
195745;11;4;4020208;Kranzallee;2019;6;16;5;3;5;3;0;1;0;0;0;0;1;0;786960,292;5825533,407;13,22868;52,50425\
195746;11;6;6030610;Lichterfelde West;2019;6;15;4;3;6;7;0;0;0;1;1;0;0;0;791522,0147;5818101,647;13,2892;52,43521\
195747;11;1;1033202;Humboldthain S\'fcd;2019;6;11;4;3;6;4;0;1;0;1;0;0;0;0;797706,136;5829665,789;13,39023;52,53554\
195748;11;1;1011301;Charit\'e9viertel;2019;6;19;4;3;0;1;0;0;0;0;1;0;0;1;797222,1328;5829068,629;13,38258;52,53045\
195749;11;8;8010509;Schulenburgpark;2019;6;19;4;3;0;1;1;1;0;0;0;0;0;1;803814,9189;5822123,038;13,47314;52,46456\
195750;11;3;3010102;Buch;2019;6;11;4;2;4;6;0;0;1;0;0;1;0;0;804873,5719;5841344,509;13,50632;52,63624\
195751;11;2;2020203;Viktoriapark;2019;6;8;4;3;0;1;0;0;0;0;1;0;0;1;797102,1111;5824461,43;13,3767;52,48922\
195752;11;1;1033102;Gesundbrunnen;2019;6;23;4;3;0;2;2;1;1;0;0;0;0;1;797656,0133;5831888,078;13,39148;52,55549\
195753;11;1;1033203;Humboldthain Nordwest;2019;6;22;4;3;0;3;2;0;1;0;1;0;0;1;796542,1253;5829873,613;13,3733;52,53804\
195754;11;12;12302108;M\'e4rkisches Zentrum;2019;6;22;4;3;5;3;2;0;1;0;0;0;0;1;793946,4197;5836639,163;13,34114;52,60009\
195755;11;6;6010206;Stadtpark;2019;6;15;4;3;5;2;0;0;1;0;1;0;0;0;794789,3652;5819837,703;13,33866;52,44902\
195756;11;10;10020412;Alte Hellersdorfer Stra\'dfe;2019;6;15;4;2;6;4;0;0;1;1;0;0;0;0;811301,9219;5831644,18;13,59189;52,54567\
195757;11;7;7040405;Rathaus Tempelhof;2019;6;15;4;3;0;7;0;0;1;0;0;0;1;0;798507,0165;5820918,369;13,39416;52,45669\
195758;11;1;1011201;Wilhelmstra\'dfe;2019;6;16;4;3;6;4;0;1;0;1;0;0;0;0;797135,8407;5826451,252;13,37897;52,50703\
195759;11;9;9051901;Dammvorstadt;2019;6;18;4;3;5;2;0;1;1;0;0;0;0;1;810939,7698;5821589,109;13,57718;52,45577\
195760;11;9;9020802;K\'f6llnische Vorstadt;2019;6;18;4;3;6;4;0;0;1;1;0;0;0;1;810176,6919;5819580,752;13,56412;52,43821\
195761;11;4;4030620;Alt-Lietzow;2019;6;18;4;3;5;3;0;1;1;0;0;0;0;1;791815,9749;5827721,353;13,30193;52,52129\
195762;11;11;11030824;Frankfurter Allee S\'fcd;2019;6;19;4;3;0;7;0;0;1;0;0;0;0;1;804744,6384;5827412,075;13,49162;52,51145\
195763;11;8;8010405;Hertzbergplatz;2019;6;18;4;3;5;2;0;0;0;0;1;0;1;0;802184,3121;5823750,843;13,45068;52,48006\
195764;11;5;5010206;G\'fctersloher Weg;2019;6;17;4;3;6;4;0;1;0;1;0;0;0;0;781626,8029;5830689,753;13,15468;52,55327\
195765;11;3;3061430;Volkspark Prenzlauer Berg;2019;6;16;4;3;6;4;0;1;0;1;0;0;0;0;802231,7584;5829343,843;13,45646;52,53016\
195766;11;3;3040818;Pankow S\'fcd;2019;6;16;4;3;5;3;0;0;1;0;0;0;1;0;800015,0434;5833422,212;13,42756;52,56794\
195767;11;8;8010303;Donaustra\'dfe;2019;6;22;4;3;2;6;2;0;1;0;0;0;0;1;800343,3043;5824377,042;13,42422;52,48669\
195768;11;3;3050920;Wei\'dfer See;2019;6;20;4;3;5;3;1;1;1;0;0;0;0;1;801828,3152;5831741,146;13,45271;52,55187\
195769;11;5;5020626;Adamstra\'dfe;2019;6;16;4;3;2;6;0;0;1;0;0;0;0;0;783392,355;5827691,34;13,17809;52,52547\
195770;11;1;1011201;Wilhelmstra\'dfe;2019;6;20;4;3;1;5;0;1;1;0;0;0;0;1;797212,0284;5827200,014;13,38076;52,5137\
195771;11;1;1033201;Brunnenstra\'dfe;2019;6;19;4;2;5;7;0;0;1;0;0;0;1;1;798032,9586;5830088,787;13,39541;52,53915\
195772;11;8;8030829;Gropiusstadt Nord;2019;6;18;4;3;0;1;1;1;0;0;0;0;0;1;803039,4929;5818352,386;13,45834;52,4312\
195773;11;1;1011302;Oranienburger Stra\'dfe;2019;6;10;4;3;1;5;0;1;1;0;0;0;1;0;798660,1176;5828529,973;13,40323;52,52484\
195774;11;6;6030610;Lichterfelde West;2019;6;13;4;3;5;2;0;1;1;0;0;0;0;0;792762,5723;5817959,17;13,30727;52,43327\
195775;11;5;5010311;Eiswerder;2019;6;14;4;3;5;2;0;1;1;0;0;0;0;0;785392,594;5830299,982;13,20973;52,54781\
195776;11;6;6040703;Nikolassee;2019;6;14;4;3;5;3;0;0;1;0;0;0;0;0;785991,2499;5817398,888;13,20746;52,43183\
195777;11;2;2010103;Moritzplatz;2019;6;12;4;3;2;6;0;1;1;0;0;0;0;0;799535,5179;5825861,018;13,41369;52,50043\
195778;11;2;2030402;Wrangelkiez;2019;6;13;4;3;5;2;0;0;1;0;1;0;0;0;801837,1915;5825745,476;13,4474;52,49813\
195779;11;1;1022201;Stephankiez;2019;6;13;4;3;5;3;0;1;1;0;0;0;0;0;795089,0579;5828866,944;13,35105;52,5298\
195780;11;4;4020313;K\'f6nigin-Elisabeth-Stra\'dfe;2019;6;13;4;3;5;3;0;1;1;0;0;0;0;0;790494,0101;5826545,703;13,28147;52,51146\
195781;11;6;6020305;Gemeindepark Lankwitz;2019;6;15;4;3;5;2;0;1;1;0;0;0;0;0;795596,1917;5817084,586;13,34806;52,42391\
195782;11;4;4051653;Prager Platz;2019;6;15;4;3;2;6;0;0;1;0;0;0;0;0;793967,9715;5824808,709;13,33098;52,49403\
195783;11;4;4030724;Lietzensee;2019;6;12;4;2;5;3;0;1;1;0;0;0;0;0;791284,9177;5826353,81;13,29293;52,50932\
195784;11;6;6020410;Oberhofer Platz;2019;6;13;4;3;2;6;0;0;1;0;0;0;0;0;794926,3511;5816245,019;13,3375;52,41674\
195785;11;3;3051021;Buschallee;2019;6;10;4;3;5;7;0;0;1;0;0;0;1;0;803489,0245;5832275,531;13,47761;52,55574\
195786;11;1;1044201;Reinickendorfer Stra\'dfe;2019;6;19;4;3;3;6;0;0;1;0;0;0;0;1;796941,6989;5831531,146;13,38066;52,55268\
195787;11;2;2020206;Graefekiez;2019;6;19;4;3;0;5;0;1;1;0;0;0;0;1;799391,5706;5824779,84;13,41061;52,49082\
195788;11;11;11030619;Fennpfuhl Ost;2019;6;4;4;3;0;7;1;0;0;0;1;0;1;1;803815,4113;5829076,625;13,47949;52,52689\
195789;11;4;4041344;R\'fcdesheimer Platz;2019;6;5;4;3;0;3;0;0;1;0;1;0;0;1;793355,9089;5822576,2;13,32003;52,47434\
195790;11;1;1011203;Unter den Linden S\'fcd;2019;6;6;4;3;5;3;0;0;1;0;0;0;0;1;797959,9349;5827080,333;13,39164;52,51222\
195791;11;9;9020502;Obersch\'f6neweide Ost;2019;6;6;4;3;5;3;0;0;1;0;0;0;0;0;807026,6737;5822418,551;13,52054;52,46542\
195792;11;10;10010308;Marzahner Chaussee;2019;6;10;4;3;5;3;0;1;1;0;0;0;0;0;806466,208;5830189,797;13,51947;52,53538\
195793;11;4;4030621;Spreestadt;2019;6;6;4;3;2;7;0;0;0;0;1;1;0;1;793558,9085;5827755,268;13,32758;52,52066\
195794;11;4;4051445;Eisenzahnstra\'dfe;2019;6;7;4;3;5;7;0;0;1;0;0;0;0;0;792443,672;5824097,216;13,30797;52,48847\
195795;11;11;11030619;Fennpfuhl Ost;2019;6;7;4;3;5;2;0;1;1;0;0;0;0;0;803973,8845;5829075,174;13,48181;52,52679\
195796;11;5;5020522;Pillnitzer Weg;2019;6;8;4;3;5;2;0;1;1;0;0;0;0;1;782287,0798;5827413,014;13,1616;52,52354\
195797;11;2;2020204;Urbanstra\'dfe;2019;6;9;4;3;3;6;0;1;0;0;0;0;0;0;798125,518;5825283,641;13,39247;52,49603\
195798;11;1;1011303;Alexanderplatzviertel;2019;6;9;4;3;5;2;0;1;1;0;0;0;0;0;799107,7908;5828466,068;13,40975;52,52402\
195799;11;9;9041501;Altstadt Kietz;2019;6;9;4;3;2;6;0;0;1;0;0;1;0;0;811250,131;5820228,506;13,58047;52,4434\
195800;11;2;2030301;Oranienplatz;2019;6;9;4;3;5;2;0;0;1;0;1;0;0;0;800080,396;5825641,056;13,4215;52,49816\
195801;11;6;6030605;Botanischer Garten;2019;6;8;4;3;5;3;0;1;1;0;0;0;0;0;791767,8694;5819273,967;13,29383;52,44559\
195802;11;4;4030519;Kaiserin-Augusta-Allee;2019;6;9;4;3;6;4;0;0;1;1;0;0;0;0;792064,0486;5828315,791;13,3061;52,52649\
195803;11;3;3061441;Eldenaer Stra\'dfe;2019;6;8;4;3;1;5;0;0;1;0;0;0;0;0;803018,9307;5828592,455;13,46734;52,52299\
195804;11;3;3061228;Erich-Weinert-Stra\'dfe;2019;6;9;4;3;2;6;0;1;0;0;0;0;1;0;800378,9307;5831547,391;13,43122;52,55094\
195805;11;7;7040404;Marienh\'f6he;2019;6;8;4;3;6;4;0;1;0;1;0;0;0;0;797285,4013;5820652,56;13,376;52,45497\
195806;11;12;12302108;M\'e4rkisches Zentrum;2019;6;8;4;3;5;3;0;0;1;0;0;0;1;0;793960,5279;5836628,458;13,34134;52,59999\
195807;11;4;4030929;Hindemithplatz;2019;6;8;4;3;0;1;0;0;0;0;1;0;0;0;792362,8208;5825380,274;13,30791;52,50001\
195808;11;3;3040512;Wilhelmsruh;2019;6;15;3;3;2;6;0;0;1;0;0;0;0;0;796783,2187;5835811,127;13,38216;52,59113\
195809;11;1;1044201;Reinickendorfer Stra\'dfe;2019;6;18;3;3;2;6;0;1;1;0;0;0;0;0;796853,464;5831545,802;13,37938;52,55286\
195810;11;1;1033102;Gesundbrunnen;2019;6;14;3;3;6;7;0;1;0;1;0;0;0;0;797575,6596;5831644,311;13,39008;52,55334\
195811;11;8;8010302;Bouch\'e9stra\'dfe;2019;6;14;3;3;2;6;0;0;1;0;0;0;0;0;801411,203;5824757,381;13,44024;52,48951\
195812;11;1;1011102;Gro\'dfer Tiergarten;2019;6;12;3;3;6;7;0;1;0;1;0;0;0;0;796844,3881;5827831,729;13,37592;52,51957\
195813;11;5;5020523;Maulbeerallee;2019;6;19;3;3;5;3;0;0;1;0;0;0;0;0;783195,1955;5827093,798;13,17468;52,52021\
195814;11;1;1011204;Leipziger Stra\'dfe;2019;6;18;3;3;2;6;0;1;1;0;0;0;0;0;797900,3201;5826589,912;13,39033;52,50786\
195815;11;3;3061126;Arnimplatz;2019;6;17;3;3;2;6;0;0;0;0;1;1;0;0;799197,2725;5831774,778;13,41405;52,55363\
195816;11;1;1044202;Sparrplatz;2019;6;18;3;3;0;7;0;0;1;0;0;0;1;0;795010,5105;5830118,168;13,351;52,54106\
195817;11;5;5020627;Tiefwerder;2019;6;18;3;3;2;6;0;0;1;0;0;0;0;0;785673,4113;5828035,441;13,21192;52,52736\
195818;11;2;2040702;Weberwiese;2019;6;18;3;3;5;3;0;0;1;0;0;0;0;0;801692,8906;5827209,464;13,4466;52,51133\
195819;11;4;4030930;George-Grosz-Platz;2019;6;18;3;3;6;2;0;0;1;1;0;0;0;0;792840,4625;5825525,391;13,31505;52,50106\