OBJECTID;LAND;BEZ;LOR;STRASSE;UJAHR;UMONAT;USTUNDE;UWOCHENTAG;UKATEGORIE;UART;UTYP1;ULICHTVERH;IstRad;IstPKW;IstFuss;IstKrad;IstGkfz;IstSonstige;USTRZUSTAND;LINREFX;LINREFY;XGCSWGS84;YGCSWGS84\
196184;11;9;9030901;Dorf Altglienicke;2019;6;8;5;2;5;2;0;1;1;0;0;0;0;1;807681,3886;5817730,987;13,52583;52,42304\
196185;11;6;6020409;K\'f6nigsberger Stra\'dfe;2019;6;2;5;3;1;1;2;0;1;0;0;0;0;1;793245,7142;5817228,686;13,31372;52,42646\
196186;11;2;2040703;Wriezener Bahnhof/Entwicklungsgebiet;2019;6;2;5;3;0;1;2;1;0;0;0;0;0;1;801122,4259;5826607,599;13,43768;52,50625\
196187;11;1;1011303;Alexanderplatzviertel;2019;6;20;5;2;6;4;0;0;1;1;0;0;0;0;799498,019;5828344,449;13,41538;52,52271\
196188;11;9;9020501;Obersch\'f6neweide West;2019;6;7;5;3;5;3;0;1;1;0;0;0;0;0;806066,3474;5823414,898;13,50736;52,47489\
196189;11;4;4030724;Lietzensee;2019;6;13;5;3;5;7;0;1;1;0;0;0;0;0;790828,8834;5826359,841;13,28623;52,50961\
196190;11;2;2020205;Chamissokiez;2019;6;7;5;3;5;2;0;1;0;0;0;0;1;0;798127,4916;5824542,844;13,39183;52,48939\
196191;11;7;7040403;Manteuffelstra\'dfe;2019;6;13;5;3;5;3;0;0;1;0;0;0;1;0;797288,6397;5821211,93;13,37655;52,45999\
196192;11;1;1022103;Westhafen;2019;6;0;5;3;1;7;2;0;1;0;0;0;1;0;794687,3573;5829769,919;13,34594;52,53811\
196193;11;2;2040703;Wriezener Bahnhof/Entwicklungsgebiet;2019;6;17;5;3;5;5;0;1;1;0;0;0;0;0;801442,4418;5826397,186;13,44219;52,50419\
196194;11;8;8020619;Buschkrugallee Nord;2019;6;14;5;3;1;5;0;0;1;0;0;0;0;0;801533,4904;5820711,273;13,43838;52,45317\
196195;11;6;6020410;Oberhofer Platz;2019;6;16;5;3;2;6;0;0;1;0;1;0;0;0;794221,3344;5817537,85;13,3283;52,42871\
196196;11;3;3010101;Bucher Forst;2019;6;15;5;3;5;3;0;1;1;0;0;0;0;0;804139,263;5841911,784;13,49603;52,64174\
196197;11;4;4030931;Breitscheidplatz;2019;6;16;5;3;1;5;0;1;1;0;0;0;0;0;794498,7549;5825888,791;13,33974;52,50342\
196198;11;4;4031032;Halensee;2019;6;13;5;3;3;6;0;0;1;0;1;0;0;0;791763,7553;5824823,547;13,29862;52,49534\
196199;11;12;12224230;Heiligensee;2019;6;12;5;3;5;3;0;0;1;0;1;0;0;0;787552,434;5837345,792;13,24761;52,60984\
196200;11;6;6020411;Sch\'fctte-Lanz-Stra\'dfe;2019;6;16;5;3;5;2;0;0;1;0;0;0;0;0;793923,2296;5815474,628;13,32211;52,41037\
196201;11;9;9020701;Adlershof West;2019;6;16;5;3;5;3;0;1;1;0;0;0;0;0;807922,3341;5819889,065;13,53135;52,44224\
196202;11;2;2030301;Oranienplatz;2019;6;11;5;3;5;3;0;0;1;0;0;0;0;0;799718,5267;5826304,694;13,41678;52,50431\
196203;11;5;5020625;Borkumer Stra\'dfe;2019;6;15;5;3;5;2;0;1;1;0;0;0;0;0;784453,4907;5828664,903;13,19452;52,53364\
196204;11;9;9041301;Kietzer Feld/Nachtheide;2019;6;12;5;2;5;3;0;0;1;0;1;0;0;0;814256,0662;5818409,294;13,62284;52,42538\
196205;11;4;4030930;George-Grosz-Platz;2019;6;19;5;3;6;4;0;0;1;1;0;0;0;0;792837,5394;5825442,086;13,31494;52,50031\
196206;11;5;5030832;Rohrdamm;2019;6;11;5;3;5;7;0;0;1;0;1;0;0;0;788745,393;5830467,918;13,25919;52,54755\
196207;11;8;8010404;Rixdorf;2019;6;15;5;3;5;3;0;1;1;0;0;0;0;0;801999,3857;5823303,605;13,44756;52,47615\
196208;11;2;2030302;Lausitzer Platz;2019;6;19;5;3;2;5;0;1;1;0;0;0;0;0;800303,845;5825827,901;13,42495;52,49971\
196209;11;11;11051330;Karlshorst West;2019;6;11;4;3;5;2;0;1;1;0;0;0;0;0;807271,3787;5825411,435;13,52689;52,4921\
196210;11;8;8010404;Rixdorf;2019;6;8;4;3;1;5;0;1;1;0;0;0;0;0;802000,8727;5823314,615;13,4476;52,47625\
196211;11;8;8020622;Parchimer Allee;2019;6;11;5;3;5;3;0;0;1;0;0;0;0;1;801510,2358;5820188,838;13,43757;52,4485\
196212;11;4;4051445;Eisenzahnstra\'dfe;2019;6;11;5;3;6;4;0;0;1;1;0;0;0;1;792027,3718;5824089,229;13,30185;52,48862\
196213;11;2;2010102;Mehringplatz;2019;6;13;4;3;6;4;0;0;1;1;0;0;0;0;797897,933;5826459,693;13,39018;52,50669\
196214;11;8;8020622;Parchimer Allee;2019;6;18;5;2;6;4;0;0;1;1;0;0;0;0;801426,2378;5820256,923;13,4364;52,44916\
196215;11;4;4030724;Lietzensee;2019;6;16;4;3;6;4;0;1;0;1;0;0;0;0;790784,2734;5826169,737;13,28541;52,50793\
196216;11;1;1033102;Gesundbrunnen;2019;6;10;5;3;3;6;0;1;1;0;0;0;0;0;797023,4843;5831466,969;13,38181;52,55206\
196217;11;7;7030301;Friedenau;2019;6;15;4;3;3;2;0;0;1;0;1;0;0;0;793943,1746;5822260,038;13,32837;52,47119\
196218;11;2;2030402;Wrangelkiez;2019;6;7;5;3;0;6;0;1;0;0;0;1;0;0;801963,6592;5825636,33;13,44915;52,49708\
196219;11;3;3040818;Pankow S\'fcd;2019;6;15;4;2;1;5;0;1;1;0;0;0;0;0;798867,4946;5832398,711;13,40976;52,5594\
196220;11;7;7030301;Friedenau;2019;6;15;4;3;5;2;0;0;1;0;0;0;0;0;794241,6791;5822036,555;13,33256;52,46903\
196221;11;6;6040809;Thielallee;2019;6;10;5;3;5;2;0;1;1;0;0;0;0;0;792176,1778;5820442,719;13,30084;52,45585\
196222;11;1;1011302;Oranienburger Stra\'dfe;2019;6;15;4;3;3;6;0;0;1;0;1;0;0;0;798427,42;5829045,267;13,40028;52,52958\
196223;11;1;1022204;Thomasiusstra\'dfe;2019;6;9;5;2;6;4;0;0;1;1;0;0;0;1;795217,972;5828240,532;13,35239;52,52412\
196224;11;1;1011204;Leipziger Stra\'dfe;2019;6;14;4;3;2;6;0;1;0;0;0;0;1;0;798345,6463;5827453,853;13,39765;52,51536\
196225;11;7;7040403;Manteuffelstra\'dfe;2019;6;18;5;3;2;2;0;0;1;0;0;0;0;0;797861,339;5821928,636;13,38559;52,4661\
196226;11;4;4030519;Kaiserin-Augusta-Allee;2019;6;14;4;3;5;2;0;1;1;0;0;0;0;0;792222,6675;5828623,635;13,3087;52,52916\
196227;11;7;7020202;Volkspark (Rudolf-Wilde-Park);2019;6;17;5;3;2;6;0;0;1;0;0;0;0;0;794990,2762;5823578,844;13,34491;52,48245\
196228;11;4;4051652;Nikolsburger Platz;2019;6;13;4;3;5;5;0;1;1;0;0;0;0;0;793449,0679;5824323,281;13,32294;52,48995\
196229;11;1;1011401;Invalidenstra\'dfe;2019;6;13;4;2;0;2;0;1;1;0;0;0;0;0;798305,4323;5829373,286;13,39878;52,53259\
196230;11;1;1044201;Reinickendorfer Stra\'dfe;2019;6;18;5;3;5;3;0;0;1;0;0;0;0;0;796690,7013;5831748,868;13,37716;52,55476\
196231;11;2;2030301;Oranienplatz;2019;6;17;5;3;5;2;0;1;0;0;0;0;1;0;799704,0752;5826013,821;13,41631;52,50171\
196232;11;2;2050801;Traveplatz;2019;6;13;4;3;6;4;0;0;1;1;0;0;0;0;803019,4482;5827018,88;13,46592;52,50889\
196233;11;1;1044201;Reinickendorfer Stra\'dfe;2019;6;13;4;3;5;2;0;0;1;0;0;0;0;0;795678,6581;5830932,866;13,36155;52,548\
196234;11;1;1044101;Rehberge;2019;6;17;5;3;2;2;0;0;1;0;1;0;0;0;794008,0072;5830202,144;13,33634;52,54235\
196235;11;1;1011302;Oranienburger Stra\'dfe;2019;6;12;4;3;5;5;0;0;1;0;1;0;0;0;797641,3366;5828756,827;13,38846;52,52743\
196236;11;7;7010101;Wittenbergplatz/Viktoria-Luise-Platz;2019;6;12;4;3;5;2;0;1;1;0;0;0;0;0;794985,0787;5824900,244;13,346;52,4943\
196237;11;4;4010101;Jungfernheide;2019;6;18;5;2;6;4;0;0;1;1;0;0;0;0;790674,9891;5829758,731;13,28694;52,54017\
196238;11;1;1022103;Westhafen;2019;6;9;5;3;0;6;0;0;1;0;1;0;0;0;793418,647;5829470,748;13,32703;52,53611\
196239;11;4;4030931;Breitscheidplatz;2019;6;22;4;3;6;4;2;0;0;1;1;0;0;0;794032,7402;5826209,647;13,33317;52,50655\
196240;11;4;4010102;Pl\'f6tzensee;2019;6;16;5;3;5;7;0;0;1;0;1;0;0;0;793252,6105;5830068,649;13,32511;52,54156\
196241;11;12;12301204;Wittenau Nord;2019;6;22;4;3;1;5;2;0;1;0;0;0;0;0;792916,4273;5836689,176;13,32602;52,60109\
196242;11;2;2050803;Stralauer Kiez;2019;6;9;5;3;3;6;0;0;1;0;0;0;1;1;802502,3945;5826219,904;13,4576;52,50201\
196243;11;9;9041301;Kietzer Feld/Nachtheide;2019;6;21;4;3;5;3;1;0;1;0;1;0;0;0;813764,0433;5818822,444;13,61601;52,42936\
196244;11;7;7040401;Neu-Tempelhof;2019;6;9;5;3;0;4;0;0;0;1;0;0;1;0;797610,531;5823891,366;13,38366;52,48383\
196245;11;1;1011302;Oranienburger Stra\'dfe;2019;6;20;4;3;3;6;1;1;1;0;0;0;0;0;798647,9889;5828488,561;13,40302;52,52447\
196246;11;4;4010101;Jungfernheide;2019;6;19;4;3;5;3;0;0;1;0;0;0;0;0;791285,631;5830682,739;13,29673;52,54812\
196247;11;9;9051901;Dammvorstadt;2019;6;9;5;3;1;1;0;1;1;0;0;0;0;1;810749,8831;5821396,986;13,57422;52,45416\
196248;11;2;2010102;Mehringplatz;2019;6;19;4;3;5;2;0;1;1;0;0;0;0;0;798713,3573;5826435,194;13,40213;52,50603\
196249;11;1;1033102;Gesundbrunnen;2019;6;8;5;3;0;2;0;0;1;0;1;0;0;1;797363,2471;5831193,192;13,38656;52,54942\
196250;11;4;4031032;Halensee;2019;6;18;4;3;6;4;0;1;0;1;0;0;0;0;791083,3915;5824929,304;13,28872;52,49665\
196251;11;9;9020601;Schnellerstra\'dfe;2019;6;17;5;3;5;2;0;1;1;0;0;0;0;0;805833,5457;5821886,401;13,50254;52,46132\
196252;11;5;5010101;Hakenfelde Nord;2019;6;17;4;3;2;6;0;0;1;0;0;0;0;0;785879,4213;5831725,117;13,21812;52,56033\
196253;11;1;1033203;Humboldthain Nordwest;2019;6;10;5;3;0;1;0;0;0;0;1;0;0;1;796728,0277;5830461,229;13,37656;52,5432\
196254;11;6;6040810;Dahlem;2019;6;17;4;3;5;2;0;1;1;0;0;0;0;0;790152,1911;5819783,649;13,27057;52,45102\
196255;11;1;1011301;Charit\'e9viertel;2019;6;17;4;3;1;5;0;1;1;0;0;0;0;0;797113,2349;5829247,211;13,38114;52,53211\
196256;11;3;3061131;Falkplatz;2019;6;16;5;3;4;1;0;0;1;0;0;0;0;1;798878,8259;5830381,999;13,40811;52,54132\
196257;11;4;4010103;Paul-Hertz-Siedlung;2019;6;15;5;3;3;6;0;0;1;0;0;0;0;0;791203,9276;5829151,275;13,29419;52,53444\
196258;11;10;10010308;Marzahner Chaussee;2019;6;10;4;3;0;2;0;0;1;0;1;0;0;0;806333,3389;5830184,991;13,51751;52,53541\
196259;11;2;2040503;Richard-Sorge-Viertel;2019;6;10;4;3;2;6;0;0;1;0;1;0;0;0;801560,0203;5828840,491;13,44613;52,52602\
196260;11;1;1011303;Alexanderplatzviertel;2019;6;15;5;3;6;4;0;0;1;1;0;0;0;0;799480,0961;5828849,4;13,41557;52,52725\
196261;11;9;9010101;Elsenstra\'dfe;2019;6;9;4;3;2;6;0;1;1;0;0;0;0;0;802242,9308;5825199,27;13,45286;52,49301\
196262;11;4;4020310;Park Ruhwald;2019;6;15;5;3;0;2;0;1;1;0;0;0;0;0;788245,9272;5827790,604;13,24952;52,52381\
196263;11;6;6020304;Kaiser-Wilhelm-Stra\'dfe;2019;6;9;4;3;6;2;0;0;1;1;0;0;0;0;794733,0789;5817795,511;13,33603;52,43074\
196264;11;3;3040614;Pankow Zentrum;2019;6;8;4;3;1;1;0;0;1;0;0;0;1;0;798740,3538;5833135,11;13,40855;52,56607\
196265;11;2;2030302;Lausitzer Platz;2019;6;8;4;3;2;6;0;1;0;0;0;0;0;0;801069,5916;5826326,356;13,43665;52,50376\
196266;11;3;3061429;Greifswalder Stra\'dfe;2019;6;8;5;3;0;1;0;1;0;0;0;0;0;1;801913,4694;5830916,313;13,45321;52,54443\
196267;11;1;1011303;Alexanderplatzviertel;2019;6;8;4;3;5;2;0;1;1;0;0;0;0;0;799235,8031;5828467,756;13,41164;52,52396\
196268;11;1;1033201;Brunnenstra\'dfe;2019;6;18;4;2;5;3;0;0;1;0;0;0;0;0;798084,3445;5829984,001;13,39607;52,53818\
196269;11;11;11030720;Herzbergstra\'dfe;2019;6;8;4;3;2;6;0;0;1;0;0;0;0;0;804435,7686;5829898,21;13,48936;52,5339\
196270;11;3;3010102;Buch;2019;6;8;4;3;5;3;0;1;1;0;0;0;0;0;804063,8289;5839911,95;13,49307;52,62386\
196271;11;2;2020206;Graefekiez;2019;6;14;4;3;0;3;0;1;0;0;0;0;0;1;799632,4793;5825054,91;13,41439;52,49315\
196272;11;10;10020412;Alte Hellersdorfer Stra\'dfe;2019;6;7;4;3;2;6;0;0;1;0;0;0;0;0;811289,8831;5831966,889;13,59202;52,54857\
196273;11;1;1011301;Charit\'e9viertel;2019;6;7;4;3;1;5;0;1;1;0;0;0;0;0;797039,33;5828402,712;13,3793;52,52458\
196274;11;4;4030519;Kaiserin-Augusta-Allee;2019;6;23;4;3;0;1;2;0;1;0;1;0;0;0;792185,4665;5827963,933;13,30757;52,52327\
196275;11;7;7050505;Hundsteinweg;2019;6;7;4;3;2;6;0;0;1;0;0;0;0;0;798974,1798;5817309,404;13,39779;52,42409\
196276;11;7;7050505;Hundsteinweg;2019;6;21;4;3;6;4;0;0;0;1;0;0;1;0;798509,097;5819046,321;13,39252;52,43991\
196277;11;3;3061430;Volkspark Prenzlauer Berg;2019;6;6;4;3;6;4;0;1;0;1;0;0;0;0;801953,9555;5829749,805;13,45274;52,53395\
196278;11;2;2020203;Viktoriapark;2019;6;4;4;3;3;6;1;0;1;0;0;0;0;0;797749,0954;5824294,587;13,38606;52,48737\
196279;11;8;8010508;Wei\'dfe Siedlung;2019;6;20;4;3;5;3;0;0;1;0;0;0;0;0;803432,0017;5822935,222;13,46826;52,47206\
196280;11;12;12214527;Alt-Tegel;2019;6;19;4;3;5;3;0;0;1;0;1;0;0;0;789711,3505;5834707,826;13,2771;52,58505\
196281;11;7;7040405;Rathaus Tempelhof;2019;6;12;4;2;5;3;0;1;0;0;0;0;1;0;798863,1603;5821766,238;13,40015;52,4641\
196282;11;3;3040513;Sch\'f6nholz;2019;6;11;4;3;0;2;0;0;1;0;1;0;0;0;796539,4217;5834273,802;13,3772;52,57748\
196283;11;1;1044202;Sparrplatz;2019;6;18;4;3;1;5;0;1;1;0;0;0;0;0;795662,4248;5830548,304;13,36097;52,54456\
196284;11;1;1011306;Heine-Viertel Ost;2019;6;11;4;3;6;7;0;0;0;1;0;0;1;0;800092,0892;5826414,991;13,42237;52,50509\
196285;11;10;10010204;Wuhletalstra\'dfe;2019;6;17;4;3;5;3;0;1;1;0;0;0;0;0;810056,4193;5832605,828;13,57448;52,555\
196286;11;2;2010101;Askanischer Platz;2019;6;10;4;3;3;6;0;1;0;0;0;0;0;0;797149,6371;5826435,473;13,37916;52,50689\
196287;11;1;1022206;L\'fcneburger Stra\'dfe;2019;6;22;4;3;0;2;2;0;1;0;0;0;1;0;796115,1037;5828431,086;13,36574;52,52534\
196288;11;10;10010310;Alt-Marzahn;2019;6;10;4;3;0;2;0;0;1;0;0;0;1;0;809129,0323;5830468,046;13,55886;52,53637\
196289;11;1;1011204;Leipziger Stra\'dfe;2019;6;9;4;3;5;2;0;0;1;0;0;0;0;0;798699,3097;5827083,718;13,40251;52,51185\
196290;11;4;4051445;Eisenzahnstra\'dfe;2019;6;10;4;3;5;3;0;1;0;0;0;0;0;0;791946,6451;5824178,495;13,30074;52,48946\
196291;11;6;6010101;Fichtenberg;2019;6;13;4;3;5;3;0;0;1;0;0;0;1;0;793312,0413;5820739,027;13,31777;52,4579\
196292;11;5;5020625;Borkumer Stra\'dfe;2019;6;9;4;2;5;2;0;0;1;0;0;0;0;0;783862,0486;5827897,751;13,18517;52,52707\
196293;11;1;1011304;Karl-Marx-Allee;2019;6;18;4;3;0;7;0;1;0;0;0;0;0;0;799550,2668;5828083,718;13,41591;52,52035\
196294;11;1;1022101;Huttenkiez;2019;6;11;3;3;3;6;0;0;0;0;1;0;1;0;793655,2031;5828118,928;13,32931;52,52387\
196295;11;1;1044201;Reinickendorfer Stra\'dfe;2019;6;9;4;3;2;6;0;0;1;0;0;0;0;0;796750,1651;5831913,295;13,37818;52,55621\
196296;11;1;1022201;Stephankiez;2019;6;10;3;3;5;2;0;1;1;0;0;0;0;0;795041,1803;5829166,323;13,35061;52,53251\
196297;11;5;5030833;Motardstra\'dfe;2019;6;8;4;3;5;2;0;1;1;0;0;0;0;0;789404,391;5828683,603;13,26732;52,5312\
196298;11;8;8010404;Rixdorf;2019;6;21;3;3;1;5;0;1;1;0;0;0;0;0;801446,1814;5823761,021;13,43986;52,48056\
196299;11;7;7060604;Marienfelde S\'fcd;2019;6;7;4;3;1;5;0;1;1;0;0;0;0;0;795745,5602;5815157,115;13,34855;52,40655\
196300;11;2;2050802;Boxhagener Platz;2019;6;20;3;3;2;6;0;0;1;0;0;0;0;0;802036,7038;5827168,082;13,45162;52,51077\
196301;11;6;6010103;Markelstra\'dfe;2019;6;7;4;3;1;5;0;0;0;0;1;0;1;0;793726,2642;5821460,653;13,32449;52,46414\
196302;11;4;4010101;Jungfernheide;2019;6;13;3;3;2;6;0;0;0;0;1;1;0;0;791411,1408;5830685,449;13,29858;52,54808\
196303;11;7;7070704;Nahariyastra\'dfe;2019;6;13;3;3;5;2;0;1;1;0;0;0;0;0;800641,2479;5814140,639;13,41939;52,39477\
196304;11;10;10040933;Mahlsdorf S\'fcd;2019;6;7;4;3;5;3;0;1;1;0;0;0;0;0;813174,7641;5825652,483;13,61378;52,49091\
196305;11;2;2040701;Andreasviertel;2019;6;10;3;3;3;6;0;0;1;0;0;0;1;0;800692,5516;5827569,598;13,43223;52,51511\
196306;11;6;6040806;Fischtal;2019;6;7;4;3;5;3;0;1;0;0;0;0;0;0;788927,5468;5819640,604;13,25247;52,45038\
196307;11;12;12103117;Letteplatz;2019;6;13;3;3;5;3;0;1;1;0;0;0;0;0;795925,5955;5832888,91;13,36693;52,5654\
196308;11;5;5020417;Staakener Stra\'dfe;2019;6;12;3;3;5;2;0;1;0;0;0;1;0;0;782825,6295;5828572,342;13,17051;52,53366\
196309;11;9;9020802;K\'f6llnische Vorstadt;2019;6;7;4;2;5;2;0;1;1;0;0;0;0;0;810166,8813;5819568,605;13,56397;52,4381\
196310;11;2;2050803;Stralauer Kiez;2019;6;11;3;3;3;6;0;0;1;0;0;0;1;0;803020,4986;5825763,363;13,46479;52,49763\
196311;11;2;2040703;Wriezener Bahnhof/Entwicklungsgebiet;2019;6;6;4;3;5;2;0;0;1;0;0;0;0;0;801476,9449;5827258,571;13,44347;52,51189\
196312;11;10;10020622;Kaulsdorf Nord I;2019;6;11;3;2;3;6;0;1;0;0;0;0;1;0;810691,379;5827997,283;13,57951;52,51334\
196313;11;7;7040401;Neu-Tempelhof;2019;6;1;4;3;2;6;2;1;1;0;0;0;0;0;797306,9864;5823476,706;13,37883;52,48028\
196314;11;1;1044103;Westliche M\'fcllerstra\'dfe;2019;6;10;3;2;5;5;0;0;1;0;1;0;0;0;794733,8245;5830405,047;13,34719;52,54378\
196315;11;3;3051021;Buschallee;2019;6;7;4;3;0;7;0;1;0;0;0;0;0;0;802933,6883;5832275,027;13,46945;52,55604\
196316;11;1;1033201;Brunnenstra\'dfe;2019;6;10;3;3;2;6;0;0;1;0;0;0;0;0;798462,3493;5830198,647;13,40182;52,5399\
196317;11;4;4020310;Park Ruhwald;2019;6;19;3;3;4;2;0;0;1;0;0;0;0;0;790565,9197;5827336,214;13,28322;52,51851\
196318;11;8;8020625;Handwerker-Siedlung;2019;6;16;4;3;5;2;0;1;0;0;0;0;1;0;801545,417;5819189,846;13,43719;52,43953\
196319;11;2;2010103;Moritzplatz;2019;6;16;4;3;5;3;0;1;1;0;0;0;0;0;799402,3208;5825915,846;13,41179;52,501\
196320;11;2;2020204;Urbanstra\'dfe;2019;6;8;3;3;5;2;0;1;1;0;0;0;0;0;798490,6547;5825224,92;13,39778;52,4953\
196321;11;7;7020202;Volkspark (Rudolf-Wilde-Park);2019;6;15;4;3;1;5;0;1;1;0;0;0;0;0;794566,9344;5823418,705;13,33855;52,48124\
196322;11;3;3050920;Wei\'dfer See;2019;6;8;3;3;5;3;0;1;1;0;0;0;0;0;802037,8121;5832161,649;13,45617;52,55552\
196323;11;11;11020412;Hauptstra\'dfe;2019;6;13;4;3;6;4;0;0;0;1;0;0;1;0;804948,4479;5831404,184;13,49827;52,54711\
196324;11;2;2020205;Chamissokiez;2019;6;8;3;3;5;2;0;1;0;0;0;0;0;0;798500,5236;5824510,45;13,39728;52,48889\
196325;11;12;12103219;Sch\'e4fersee;2019;6;15;4;3;5;2;0;0;1;0;0;0;0;0;795565,6586;5833227,065;13,36193;52,56863\
196326;11;1;1011304;Karl-Marx-Allee;2019;6;19;3;3;5;2;0;1;1;0;0;0;0;0;799989,895;5828081,402;13,42237;52,52008\
196327;11;1;1011401;Invalidenstra\'dfe;2019;6;8;3;3;0;1;0;1;0;0;0;0;0;0;798324,646;5829352,359;13,39904;52,53239\
196328;11;1;1033102;Gesundbrunnen;2019;6;15;4;3;1;5;0;1;1;0;0;0;0;0;797252,0062;5831542,797;13,38523;52,55261\
196329;11;6;6020304;Kaiser-Wilhelm-Stra\'dfe;2019;6;8;3;2;5;7;0;0;1;0;0;0;0;0;794792,1005;5817998,57;13,33707;52,43253\
196330;11;1;1033201;Brunnenstra\'dfe;2019;6;14;4;2;5;2;0;0;1;0;1;0;0;0;798074,378;5829990,292;13,39593;52,53825\
196331;11;1;1011401;Invalidenstra\'dfe;2019;6;8;3;3;0;1;0;1;0;0;0;0;0;0;798325,3261;5829351,2;13,39905;52,53238\
196332;11;8;8020620;Tempelhofer Weg;2019;6;11;4;3;3;2;0;1;1;0;0;0;0;0;800593,9436;5821187,163;13,42503;52,45796\
196333;11;8;8020619;Buschkrugallee Nord;2019;6;18;3;3;5;2;0;1;0;0;0;0;1;0;802460,6095;5820696,871;13,45197;52,45253\
196334;11;4;4030931;Breitscheidplatz;2019;6;12;4;3;2;6;0;1;1;0;0;0;0;0;793920,6279;5825688,625;13,33107;52,50194\
196335;11;2;2010102;Mehringplatz;2019;6;18;3;3;5;2;0;1;1;0;0;0;0;0;798179,9327;5826506,461;13,39436;52,50696\
196336;11;9;9010302;Sp\'e4thsfelde;2019;6;18;3;3;5;2;0;0;1;0;1;0;0;0;804941,2614;5820716,285;13,48838;52,45133\
196337;11;8;8010118;Silbersteinstra\'dfe;2019;6;11;4;2;5;2;0;0;1;0;1;0;0;0;800848,8582;5822527,558;13,42998;52,46983\
196338;11;2;2040502;Friedenstra\'dfe;2019;6;18;3;3;5;2;0;1;0;0;0;1;0;0;801247,5829;5827816,857;13,44061;52,51702\
196339;11;9;9020802;K\'f6llnische Vorstadt;2019;6;11;4;3;2;6;0;0;1;0;0;0;0;0;810037,9566;5820439,564;13,56289;52,44598\
196340;11;9;9020601;Schnellerstra\'dfe;2019;6;18;3;2;5;2;0;1;1;0;0;0;0;0;806880,0161;5821188,45;13,51726;52,45447\
196341;11;9;9020602;Oberspree;2019;6;10;4;3;5;3;0;1;1;0;0;0;0;0;808401,6536;5820867,723;13,53928;52,45074\
196342;11;1;1011203;Unter den Linden S\'fcd;2019;6;17;3;2;5;7;0;1;1;0;0;0;0;0;797608,0418;5827117,875;13,38651;52,51275\
196343;11;4;4010101;Jungfernheide;2019;6;10;4;3;2;6;0;0;1;0;0;0;1;0;790216,7937;5830655,042;13,28099;52,54845\
196344;11;10;10030724;Oberfeldstra\'dfe;2019;6;13;3;3;5;3;0;1;1;0;0;0;0;0;809663,6249;5829684,518;13,56599;52,52904\
196345;11;5;5030731;Gartenfelder Stra\'dfe;2019;6;15;3;3;6;2;0;0;1;1;0;0;0;0;787069,8944;5829480,015;13,23369;52,53958\
196346;11;6;6020411;Sch\'fctte-Lanz-Stra\'dfe;2019;6;10;4;3;5;3;0;0;1;0;1;0;0;0;794957,0477;5815655,303;13,33743;52,41144\
196347;11;7;7040405;Rathaus Tempelhof;2019;6;10;4;3;0;5;0;0;1;0;0;0;0;0;797908,3226;5822208,274;13,38653;52,46858\
196348;11;9;9041403;Allende II;2019;6;16;3;2;5;3;0;1;0;0;0;1;0;0;812470,0516;5819772,416;13,59793;52,43862\
196349;11;6;6020303;Lankwitz Kirche;2019;6;16;3;3;2;6;0;0;1;0;0;1;0;0;795338,1906;5818430,521;13,34546;52,43611\
196350;11;1;1011306;Heine-Viertel Ost;2019;6;9;4;3;5;3;0;1;0;0;1;0;0;0;800083,4125;5826461,503;13,42228;52,50551\
196351;11;2;2020204;Urbanstra\'dfe;2019;6;16;3;3;2;2;0;0;1;0;0;0;0;0;798290,1729;5825307,501;13,39491;52,49615\
196352;11;8;8030831;Gropiusstadt Ost;2019;6;13;3;3;2;6;0;0;1;0;0;0;0;0;803873,1451;5818180,005;13,47041;52,42919\
196353;11;7;7040403;Manteuffelstra\'dfe;2019;6;16;3;3;0;2;0;1;1;0;0;0;0;0;797313,522;5822178,051;13,37777;52,46863\
196354;11;3;3061126;Arnimplatz;2019;6;15;3;2;0;1;0;1;0;0;0;0;0;0;798517,0511;5831468,954;13,40377;52,55126\
196355;11;3;3040614;Pankow Zentrum;2019;6;10;3;3;5;3;0;1;1;0;0;0;0;0;798851,9797;5834892,114;13,41178;52,58176\
196356;11;7;7040402;Lindenhofsiedlung;2019;6;15;3;2;3;6;0;0;0;0;1;1;0;0;796394,0927;5820707,916;13,36297;52,45595\
196357;11;4;4030827;Karl-August-Platz;2019;6;15;3;3;5;2;0;0;1;0;0;0;0;0;792725,1354;5826104,009;13,31387;52,50631\
196358;11;2;2010104;Wassertorplatz;2019;6;16;3;3;6;7;0;1;0;1;0;0;0;0;798999,9975;5825433,209;13,40545;52,49689\
196359;11;5;5020625;Borkumer Stra\'dfe;2019;6;14;3;3;5;3;0;1;1;0;0;0;0;0;784441,0796;5828682,406;13,19435;52,53381\
196360;11;7;7040405;Rathaus Tempelhof;2019;6;11;3;3;1;5;0;1;1;0;0;0;0;0;798010,1863;5821324,224;13,38724;52,4606\
196361;11;1;1011305;Heine-Viertel West;2019;6;8;3;3;0;5;0;0;1;0;1;0;0;0;799474,7414;5827098,931;13,41392;52,51156\
196362;11;4;4030623;Ernst-Reuter-Platz;2019;6;7;3;2;1;5;0;1;1;0;0;0;0;0;793541,9053;5826334,032;13,32607;52,50793\
196363;11;4;4030518;Tegeler Weg;2019;6;0;3;3;1;1;2;0;1;0;0;0;0;0;791525,8828;5828095,782;13,298;52,5248\
196364;11;11;11020513;Orankesee;2019;6;6;3;3;2;6;0;0;1;0;0;1;0;0;802909,7786;5831180,951;13,4681;52,54625\