OBJECTID;LAND;BEZ;LOR;STRASSE;UJAHR;UMONAT;USTUNDE;UWOCHENTAG;UKATEGORIE;UART;UTYP1;ULICHTVERH;IstRad;IstPKW;IstFuss;IstKrad;IstGkfz;IstSonstige;USTRZUSTAND;LINREFX;LINREFY;XGCSWGS84;YGCSWGS84\
196365;11;2;2010103;Moritzplatz;2019;6;18;3;3;5;2;0;1;1;0;0;0;0;0;799233,6531;5826240,415;13,4096;52,504\
196366;11;1;1011402;Arkonaplatz;2019;6;1;3;3;0;1;2;0;0;0;0;0;1;0;798219,8821;5829697,156;13,39781;52,53554\
196367;11;2;2010103;Moritzplatz;2019;6;19;2;3;5;2;0;1;0;0;1;0;0;0;799331,0758;5826223,943;13,41102;52,5038\
196368;11;3;3040512;Wilhelmsruh;2019;6;3;3;3;0;1;2;0;0;0;1;0;0;0;795698,4478;5834920,169;13,3654;52,58373\
196369;11;4;4030931;Breitscheidplatz;2019;6;15;3;3;0;4;0;1;0;1;0;0;0;0;794149,17;5825692,267;13,33443;52,50185\
196370;11;8;8010214;Glasower Stra\'dfe;2019;6;11;2;3;2;6;0;0;1;0;0;1;0;0;802108,2299;5821999,076;13,44798;52,4644\
196371;11;1;1011303;Alexanderplatzviertel;2019;6;19;2;3;5;3;0;0;1;0;0;0;1;0;798781,5854;5828021,163;13,40456;52,52021\
196372;11;4;4051655;Babelsberger Stra\'dfe;2019;6;9;3;3;5;3;0;1;0;0;0;0;0;0;793939,6625;5823394,215;13,32932;52,48136\
196373;11;4;4030827;Karl-August-Platz;2019;6;15;2;3;3;2;0;1;0;0;0;0;1;0;792532,8085;5826371,279;13,31128;52,50881\
196374;11;3;3061227;Humannplatz;2019;6;15;3;3;6;4;0;1;0;1;0;0;0;0;800192,7476;5831612,991;13,42854;52,55163\
196375;11;1;1044202;Sparrplatz;2019;6;18;2;3;6;4;0;1;0;1;0;0;0;0;795409,1368;5830588,371;13,35728;52,54506\
196376;11;6;6010206;Stadtpark;2019;6;18;2;3;5;2;0;1;1;0;0;0;0;0;794546,1698;5820084,092;13,3353;52,45136\
196377;11;1;1011305;Heine-Viertel West;2019;6;15;3;3;2;6;0;0;1;0;0;0;0;0;799660,683;5827084,612;13,41663;52,51133\
196378;11;12;12301206;L\'fcbars;2019;6;14;2;3;5;3;0;1;0;0;0;0;1;0;793845,0796;5838392,601;13,3412;52,61586\
196379;11;5;5010101;Hakenfelde Nord;2019;6;16;2;3;5;3;0;1;1;0;0;0;0;0;784401,435;5831930,035;13,19655;52,56295\
196380;11;8;8010404;Rixdorf;2019;6;20;3;3;1;5;1;1;1;0;0;0;0;0;801491,6164;5823429,722;13,44022;52,47756\
196381;11;3;3030405;Karow Nord;2019;6;16;2;2;5;3;0;1;0;0;0;0;0;0;804457,0452;5838459,256;13,49753;52,61062\
196382;11;8;8010214;Glasower Stra\'dfe;2019;6;16;3;3;5;3;0;0;1;0;0;0;0;0;801422,879;5822255,102;13,43815;52,46707\
196383;11;2;2020206;Graefekiez;2019;6;20;2;3;3;6;0;0;1;0;0;0;0;0;800303,915;5824575,473;13,42382;52,48849\
196384;11;1;1044101;Rehberge;2019;6;17;2;3;5;2;0;1;1;0;0;0;0;0;794021,4369;5830177,358;13,33651;52,54212\
196385;11;6;6020305;Gemeindepark Lankwitz;2019;6;16;3;3;5;7;0;1;0;0;0;0;0;0;795583,1429;5817599,582;13,34832;52,42853\
196386;11;1;1044203;Leopoldplatz;2019;6;16;3;3;6;4;0;0;0;1;0;0;1;0;795591,1168;5831745,433;13,36099;52,55533\
196387;11;7;7070705;Franziusweg/Rohrbachstra\'dfe;2019;6;18;2;3;5;5;0;1;1;0;0;0;0;0;798101,3212;5814239,286;13,38226;52,39704\
196388;11;10;10010207;Marzahner Promenade;2019;6;17;2;3;4;6;0;1;0;0;0;0;0;0;809461,9812;5831454,051;13,56467;52,54502\
196389;11;1;1022205;Zillesiedlung;2019;6;16;3;3;0;6;0;1;0;0;0;0;1;0;795994,3719;5828615,528;13,36413;52,52706\
196390;11;4;4030827;Karl-August-Platz;2019;6;17;2;3;5;3;0;0;1;0;0;0;0;0;792735,2686;5826109,727;13,31402;52,50635\
196391;11;11;11020514;Gro\'dfe-Leege-Stra\'dfe;2019;6;15;3;3;3;6;0;1;1;0;0;0;0;0;804315,4737;5830621,774;13,48825;52,54046\
196392;11;1;1022104;Emdener Stra\'dfe;2019;6;17;2;3;2;6;0;0;1;0;1;0;0;0;794555,6083;5829055,256;13,34337;52,53178\
196393;11;7;7010102;Nollendorfplatz;2019;6;16;2;3;3;6;0;0;1;0;1;0;0;0;794969,9526;5825669,679;13,34646;52,5012\
196394;11;4;4030930;George-Grosz-Platz;2019;6;10;2;3;5;2;0;0;1;0;1;0;0;0;792961,2852;5825693,653;13,31698;52,5025\
196395;11;7;7060604;Marienfelde S\'fcd;2019;6;14;3;3;5;2;0;0;1;0;1;0;0;0;797613,124;5815560,394;13,37628;52,40915\
196396;11;7;7040401;Neu-Tempelhof;2019;6;9;2;3;5;3;0;0;1;0;0;0;0;0;797578,9496;5823507,492;13,38285;52,48041\
196397;11;8;8020619;Buschkrugallee Nord;2019;6;15;3;3;5;7;0;0;1;0;0;0;1;0;801279,2331;5821471,903;13,43534;52,46013\
196398;11;2;2020206;Graefekiez;2019;6;18;2;2;2;6;0;0;1;0;1;0;0;0;799484,244;5824520,697;13,41174;52,48845\
196399;11;3;3071639;B\'f6tzowstra\'dfe;2019;6;15;3;3;6;4;0;0;1;1;0;0;0;0;800476,1224;5829083,905;13,43042;52,5288\
196400;11;1;1044202;Sparrplatz;2019;6;8;2;3;5;2;0;1;0;0;0;0;1;0;795524,0115;5830731,603;13,3591;52,54628\
196401;11;10;10030726;Alt-Biesdorf;2019;6;15;3;3;5;2;0;1;1;0;0;0;0;0;809226,209;5827219,354;13,55727;52,5072\
196402;11;1;1033102;Gesundbrunnen;2019;6;17;2;2;6;4;0;0;1;1;0;0;0;0;797283,3041;5831280,165;13,38546;52,55024\
196403;11;7;7040403;Manteuffelstra\'dfe;2019;6;15;3;3;2;6;0;0;0;0;1;0;1;0;797242,2319;5820731,908;13,37544;52,45571\
196404;11;4;4030827;Karl-August-Platz;2019;6;18;2;3;2;6;0;0;1;0;0;0;0;0;792514,6077;5826100,887;13,31077;52,50639\
196405;11;1;1033102;Gesundbrunnen;2019;6;15;3;2;0;1;0;1;0;0;0;0;0;0;797735,4481;5831867,135;13,39263;52,55525\
196406;11;5;5020626;Adamstra\'dfe;2019;6;18;2;3;5;3;0;0;1;0;0;0;0;0;784753,4558;5827199,641;13,19768;52,52035\
196407;11;9;9010302;Sp\'e4thsfelde;2019;6;16;2;3;5;2;0;0;0;0;1;0;1;0;804610,8816;5820174,78;13,48304;52,44666\
196408;11;4;4030930;George-Grosz-Platz;2019;6;16;3;3;6;7;0;0;1;1;0;0;0;0;793169,7845;5825624,075;13,31998;52,50176\
196409;11;7;7040401;Neu-Tempelhof;2019;6;18;2;3;2;6;0;0;1;0;0;0;0;0;797302,0786;5823160,709;13,37848;52,47745\
196410;11;1;2010102;Mehringplatz;2019;6;11;3;3;6;4;0;0;1;1;0;0;0;0;797905,5497;5826558,77;13,39038;52,50758\
196411;11;12;12304314;Ziekowstra\'dfe/Freie Scholle;2019;6;15;2;2;1;5;0;0;1;0;0;0;0;0;791236,3706;5836415,069;13,30104;52,59954\
196412;11;1;1011305;Heine-Viertel West;2019;6;15;2;3;5;2;0;1;1;0;0;0;0;0;799687,1707;5827210,076;13,41714;52,51244\
196413;11;7;7070701;Kettinger Stra\'dfe/Schillerstra\'dfe;2019;6;13;3;3;1;7;0;0;1;0;0;0;0;0;799452,2415;5815074,68;13,4028;52,40379\
196414;11;6;6040810;Dahlem;2019;6;15;2;3;5;2;0;0;1;0;0;0;0;0;790156,4915;5819781,138;13,27063;52,45099\
196415;11;7;7030303;Grazer Platz;2019;6;12;3;3;5;3;0;0;1;0;0;0;0;0;796061,1581;5822858,306;13,35999;52,47541\
196416;11;12;12214421;Reinickes Hof;2019;6;8;2;3;5;2;0;1;1;0;0;0;0;0;793019,0701;5833869,434;13,32504;52,57576\
196417;11;9;9031101;Gr\'fcnau;2019;6;12;3;3;5;2;0;0;1;0;1;0;0;0;811064,1462;5818017,816;13,57568;52,4237\
196418;11;7;7030301;Friedenau;2019;6;10;2;3;5;2;0;0;1;0;1;0;0;0;793926,5698;5822508,88;13,32835;52,47343\
196419;11;2;2030302;Lausitzer Platz;2019;6;12;3;3;5;3;0;0;1;0;1;0;0;0;800748,0776;5826523,079;13,4321;52,5057\
196420;11;4;4030930;George-Grosz-Platz;2019;6;15;2;3;5;7;0;0;1;0;0;0;0;0;792952,0172;5825414,338;13,3166;52,5\
196421;11;7;7010101;Wittenbergplatz/Viktoria-Luise-Platz;2019;6;15;2;3;5;3;0;0;1;0;0;0;0;0;794870,5834;5825571,573;13,34492;52,50038\
196422;11;10;10030727;Biesdorf S\'fcd;2019;6;12;3;3;0;7;0;0;1;0;0;0;0;0;809555,2665;5826585,643;13,56151;52,50133\
196423;11;12;12302108;M\'e4rkisches Zentrum;2019;6;12;3;3;5;3;0;0;1;0;0;0;0;0;793944,419;5836640,616;13,34111;52,6001\
196424;11;7;7040403;Manteuffelstra\'dfe;2019;6;15;2;3;2;6;0;0;1;0;0;0;1;0;797199,09;5820701,35;13,37478;52,45546\
196425;11;10;10010102;Havemannstra\'dfe;2019;6;11;3;3;5;5;0;0;1;0;0;0;0;0;809597,9526;5834296,712;13,56932;52,57041\
196426;11;2;2050602;Samariterviertel;2019;6;6;2;3;2;7;0;0;1;0;1;0;0;0;803066,9162;5827813,361;13,46734;52,51598\
196427;11;9;9010301;Baumschulenstra\'dfe;2019;6;21;3;3;6;2;2;0;1;1;0;0;0;0;805013,875;5822699,212;13,49126;52,46906\
196428;11;3;3050919;Gustav-Adolf-Stra\'dfe;2019;6;6;2;3;5;2;0;1;0;0;0;0;1;0;801861,0983;5832889,949;13,45423;52,56215\
196429;11;3;3061332;Helmholtzplatz;2019;6;7;2;3;2;7;0;1;0;0;0;0;1;0;800022,6212;5830693,078;13,42521;52,54348\
196430;11;11;11030618;Fennpfuhl West;2019;6;19;3;3;5;3;0;1;0;0;0;0;0;0;803154,3449;5829566,188;13,47022;52,53164\
196431;11;2;2010103;Moritzplatz;2019;6;18;3;3;2;6;0;1;1;0;0;0;0;0;799506,2926;5826130,621;13,41351;52,50286\
196432;11;4;4030620;Alt-Lietzow;2019;6;14;2;3;5;2;0;0;1;0;0;0;0;0;791794,0085;5827482,429;13,3014;52,51916\
196433;11;7;7040405;Rathaus Tempelhof;2019;6;16;2;3;2;6;0;0;1;0;0;0;1;0;798537,5148;5820615,065;13,39434;52,45396\
196434;11;8;8010118;Silbersteinstra\'dfe;2019;6;19;3;3;0;6;0;0;1;0;0;0;1;0;800990,0965;5822194,578;13,43175;52,46677\
196435;11;6;6040810;Dahlem;2019;6;14;2;3;3;6;0;0;1;0;1;0;0;0;790248,2793;5820032,773;13,27219;52,4532\
196436;11;8;8010115;Hasenheide;2019;6;19;3;2;6;4;0;0;1;1;0;0;0;0;799878,5908;5823646,986;13,41674;52,4804\
196437;11;2;2020206;Graefekiez;2019;6;13;2;3;6;7;0;0;0;1;0;0;1;0;800172,7082;5824423,593;13,42176;52,4872\
196438;11;12;12304314;Ziekowstra\'dfe/Freie Scholle;2019;6;12;2;3;0;2;0;0;1;0;1;0;0;0;790698,5851;5835383,738;13,29222;52,59058\
196439;11;4;4041342;Schlangenbader Stra\'dfe;2019;6;18;3;3;5;2;0;0;1;0;0;0;0;0;792526,692;5822912,069;13,30815;52,4778\
196440;11;3;3010104;Lietzengraben;2019;6;11;2;3;3;6;0;0;1;0;0;0;0;0;800889,5662;5838793,767;13,44531;52,6156\
196441;11;5;5020417;Staakener Stra\'dfe;2019;6;18;3;3;3;6;0;0;1;0;0;0;0;0;782403,7727;5828519,675;13,16426;52,53341\
196442;11;1;1011302;Oranienburger Stra\'dfe;2019;6;23;2;2;6;2;2;0;1;1;0;0;0;0;797936,329;5828424,181;13,3925;52,52428\
196443;11;12;12214527;Alt-Tegel;2019;6;18;3;3;2;2;0;1;1;0;0;0;0;0;789906,282;5835707,892;13,28084;52,59391\
196444;11;8;8010301;Reuterkiez;2019;6;21;2;3;3;6;2;1;1;0;0;0;0;0;800611,513;5825122,352;13,42883;52,49322\
196445;11;8;8010510;Gewerbegebiet K\'f6llnische Heide;2019;6;11;3;3;2;6;0;0;1;0;0;0;0;0;802472,2616;5822573,559;13,45384;52,46935\
196446;11;3;3040614;Pankow Zentrum;2019;6;11;2;3;5;3;0;1;1;0;0;0;0;0;798043,869;5833451,403;13,39859;52,56929\
196447;11;11;11051331;Karlshorst Nord;2019;6;10;2;3;5;2;0;0;1;0;0;0;1;0;807307,329;5824799,114;13,52685;52,48659\
196448;11;1;1022204;Thomasiusstra\'dfe;2019;6;17;3;3;5;3;0;1;0;0;0;0;0;0;794544,9314;5828182,34;13,34244;52,52396\
196449;11;6;6040804;Krumme Lanke;2019;6;11;3;3;5;3;0;1;1;0;0;0;0;0;787672,6609;5819217,977;13,23369;52,44726\
196450;11;1;1011304;Karl-Marx-Allee;2019;6;21;2;2;6;4;1;0;0;1;0;0;1;0;800058,4458;5828482,361;13,42374;52,52364\
196451;11;9;9041301;Kietzer Feld/Nachtheide;2019;6;10;2;3;5;3;0;1;1;0;0;0;0;0;811761,802;5819770,843;13,58754;52,43901\
196452;11;1;1011304;Karl-Marx-Allee;2019;6;10;3;3;2;6;0;0;1;0;0;0;0;0;799825,7636;5827506,975;13,41944;52,51503\
196453;11;4;4030623;Ernst-Reuter-Platz;2019;6;10;2;3;6;4;0;0;1;1;0;0;0;0;793676,9709;5827047,651;13,32869;52,51425\
196454;11;12;12103218;Teichstra\'dfe;2019;6;17;3;3;2;6;0;0;1;0;0;0;0;0;794503,64;5834271,74;13,34724;52,57857\
196455;11;7;7040403;Manteuffelstra\'dfe;2019;6;10;2;3;1;5;0;1;1;0;0;0;0;0;797685,1938;5821869,442;13,38295;52,46566\
196456;11;4;4051653;Prager Platz;2019;6;16;3;3;2;6;0;0;1;0;1;0;0;0;793965,7278;5824603,09;13,33077;52,49218\
196457;11;1;1011103;L\'fctzowstra\'dfe;2019;6;20;2;2;5;2;0;0;1;0;0;0;1;0;795419,4449;5825816,725;13,3532;52,50228\
196458;11;4;4030931;Breitscheidplatz;2019;6;10;3;3;1;5;0;1;1;0;0;0;0;0;794386,2436;5825702,206;13,33792;52,50181\
196459;11;4;4030620;Alt-Lietzow;2019;6;17;2;3;0;7;0;0;0;0;1;0;0;1;792185,834;5827306,159;13,307;52,51737\
196460;11;1;1033102;Gesundbrunnen;2019;6;9;3;3;5;3;0;0;1;0;0;0;0;0;797683,2879;5831306,969;13,39136;52,55026\
196461;11;6;6020409;K\'f6nigsberger Stra\'dfe;2019;6;9;2;3;5;2;0;0;1;0;0;0;0;0;793275,0325;5816908,498;13,31387;52,42358\
196462;11;2;2010101;Askanischer Platz;2019;6;9;3;3;3;6;0;1;0;0;1;0;0;0;797616,3747;5826425,903;13,38601;52,50655\
196463;11;5;5020522;Pillnitzer Weg;2019;6;9;2;3;5;3;0;0;1;0;0;0;0;0;781904,26;5827178,518;13,15578;52,52164\
196464;11;11;11041128;Sewanstra\'dfe;2019;6;9;2;3;6;4;0;0;0;1;1;0;0;0;805232,3594;5826135,383;13,49761;52,49973\
196465;11;1;1044101;Rehberge;2019;6;16;3;3;2;6;0;0;1;0;1;0;0;0;793878,4651;5830057,743;13,33431;52,54113\
196466;11;1;1044102;Schillerpark;2019;6;9;2;2;5;2;0;1;1;0;0;0;0;0;794911,45;5832042,045;13,35126;52,55836\
196467;11;12;12302212;Rollbergesiedlung;2019;6;9;3;3;5;2;0;1;1;0;0;0;0;0;792598,2661;5837379,876;13,32195;52,60746\
196468;11;11;11040926;Weitlingstra\'dfe;2019;6;9;2;3;5;3;0;0;1;0;1;0;0;0;804959,755;5826465,777;13,49391;52,50285\
196469;11;11;11020513;Orankesee;2019;6;16;3;3;3;6;0;0;1;0;0;1;0;0;803188,2372;5830342,353;13,47143;52,53858\
196470;11;9;9051901;Dammvorstadt;2019;6;8;2;2;5;2;0;1;1;0;0;0;0;0;811159,9841;5821574,045;13,5804;52,45551\
196471;11;10;10040830;Kaulsdorf S\'fcd;2019;6;16;3;3;5;3;0;1;1;0;0;0;0;0;810980,5632;5824874,626;13,58084;52,48519\
196472;11;9;9020501;Obersch\'f6neweide West;2019;6;8;2;3;0;6;0;1;0;0;0;1;0;0;806246,7166;5822191,783;13,50889;52,46382\
196473;11;7;7050501;Rathausstra\'dfe;2019;6;8;2;3;2;6;0;0;1;0;0;0;0;0;798047,9285;5819470,125;13,38613;52,44396\
196474;11;1;1022104;Emdener Stra\'dfe;2019;6;9;3;3;2;6;0;0;1;0;0;0;0;0;794542,3316;5829091,053;13,34321;52,5321\
196475;11;1;1011306;Heine-Viertel Ost;2019;6;16;3;3;3;6;0;1;1;0;0;0;0;0;800057,9585;5826900,76;13,42231;52,50946\
196476;11;10;10030724;Oberfeldstra\'dfe;2019;6;8;2;3;5;2;0;0;1;0;0;0;0;0;809645,771;5829689,142;13,56573;52,5291\
196477;11;4;4030620;Alt-Lietzow;2019;6;18;2;3;2;6;0;0;1;0;0;0;1;0;791926,9483;5827422,397;13,3033;52,51855\
196478;11;2;2010101;Askanischer Platz;2019;6;9;3;3;5;2;0;1;1;0;0;0;0;0;797226,4179;5826349,09;13,38021;52,50607\
196479;11;4;4031032;Halensee;2019;6;9;1;3;5;2;0;1;1;0;0;0;0;0;791635,0307;5824511,708;13,29646;52,49262\
196480;11;9;9041501;Altstadt Kietz;2019;6;16;3;3;1;5;0;1;1;0;0;0;1;0;811301,9172;5820201,614;13,5812;52,44313\
196481;11;11;11051331;Karlshorst Nord;2019;6;0;1;3;5;3;2;0;1;0;0;0;0;0;807547,6965;5824813,491;13,53039;52,48659\
196482;11;5;5030730;Zitadellenweg;2019;6;1;1;2;0;1;2;0;1;0;1;0;0;0;786899,221;5830076,968;13,2317;52,54502\
196483;11;1;1011102;Gro\'dfer Tiergarten;2019;6;8;3;3;5;3;0;0;1;0;1;0;0;0;795051,5033;5827187,049;13,34901;52,51476\
196484;11;1;1044202;Sparrplatz;2019;6;9;1;3;2;6;0;0;1;0;0;0;1;0;795059,2596;5830339,12;13,35192;52,54301\
196485;11;12;12231101;Hermsdorf;2019;6;9;1;3;5;3;0;0;1;0;0;0;0;0;791190,4184;5837723,563;13,30152;52,61129\
196486;11;2;2010103;Moritzplatz;2019;6;8;3;3;5;2;0;1;0;0;0;0;1;0;799328,0174;5826226,817;13,41098;52,50382\
196487;11;9;9020701;Adlershof West;2019;6;11;1;3;0;2;0;0;1;0;1;0;0;0;807686,343;5819179,038;13,52723;52,43601\
196488;11;8;8010301;Reuterkiez;2019;6;22;1;3;1;5;1;1;1;0;0;0;0;0;801648,5582;5824159,047;13,44319;52,48401\
196489;11;5;5010314;Carl-Schurz-Stra\'dfe;2019;6;7;3;3;3;6;0;0;1;0;1;0;0;0;784791,2496;5828848,614;13,19964;52,53511\
196490;11;1;1011401;Invalidenstra\'dfe;2019;6;21;1;2;5;3;1;0;1;0;1;0;0;0;797703,9044;5829237,567;13,38981;52,5317\
196491;11;1;1022106;Elberfelder Stra\'dfe;2019;6;8;3;3;5;2;0;1;1;0;0;0;0;0;793687,6773;5828003,362;13,32969;52,52282\
196492;11;1;1044101;Rehberge;2019;6;21;1;3;1;5;1;1;1;0;0;0;1;0;793826,042;5830715,717;13,33412;52,54706\
196493;11;5;5030730;Zitadellenweg;2019;6;6;3;3;2;2;0;0;1;0;1;0;0;0;786617,0512;5829251,101;13,22684;52,53777\
196494;11;1;1011301;Charit\'e9viertel;2019;6;20;1;2;2;6;0;0;1;0;1;0;0;0;797156,331;5829196,916;13,38173;52,53164\
196495;11;1;1033201;Brunnenstra\'dfe;2019;6;8;3;3;5;2;0;0;1;0;0;0;1;0;797699,0669;5830682,026;13,39104;52,54465\
196496;11;10;10030724;Oberfeldstra\'dfe;2019;6;19;1;3;5;7;0;1;1;0;0;0;0;0;809029,6722;5828440,77;13,55551;52,51826\
196497;11;10;10040933;Mahlsdorf S\'fcd;2019;6;19;1;3;5;3;0;0;1;0;1;0;0;0;812399,4366;5824300,614;13,60113;52,47924\
196498;11;9;9041301;Kietzer Feld/Nachtheide;2019;6;7;3;3;5;3;0;1;1;0;0;0;0;0;811766,9243;5818272,864;13,58622;52,42558\
196499;11;12;12301203;Wittenau S\'fcd;2019;6;7;3;3;5;2;0;0;1;0;1;0;0;0;793420,353;5836088,487;13,33291;52,59544\
196500;11;7;7020204;Sch\'f6neberger Insel;2019;6;17;1;3;1;5;0;1;1;0;0;0;0;0;796303,0781;5824279,819;13,36481;52,48802\
196501;11;7;7040401;Neu-Tempelhof;2019;6;17;1;3;1;5;0;1;1;0;0;0;0;0;797207,536;5822598,731;13,37659;52,47246\
196502;11;3;3030711;Blankenburg;2019;6;7;3;3;5;2;0;1;1;0;0;0;0;0;801604,5702;5836127,615;13,45341;52,59131\
196503;11;8;8010214;Glasower Stra\'dfe;2019;6;17;1;3;0;6;0;0;1;0;1;0;0;0;801744,1602;5822065,453;13,4427;52,46519\
196504;11;5;5010310;Eckschanze;2019;6;6;3;3;5;3;0;1;1;0;0;0;0;0;784584,5525;5830691,056;13,19818;52,55174\
196505;11;6;6040809;Thielallee;2019;6;14;1;3;5;3;0;0;1;0;0;0;0;0;791141,2356;5819257,726;13,28462;52,44578\
196506;11;1;1011201;Wilhelmstra\'dfe;2019;6;14;2;3;6;4;0;0;1;1;0;0;0;0;796978,8241;5827022,72;13,37718;52,51224\
196507;11;3;3020209;Niedersch\'f6nhausen;2019;6;14;1;3;5;2;0;0;1;0;0;0;0;0;797770,2066;5835761,244;13,39664;52,59014\
196508;11;1;1011302;Oranienburger Stra\'dfe;2019;6;17;2;3;5;7;0;0;1;0;0;0;0;0;798432,9003;5829046,054;13,40036;52,52959\
196509;11;9;9010101;Elsenstra\'dfe;2019;6;14;1;3;2;7;0;1;1;0;0;0;0;0;802292,3094;5825488,591;13,45385;52,49557\
196510;11;6;6040703;Nikolassee;2019;6;14;1;3;5;3;0;1;1;0;0;0;0;0;785886,5933;5817772,064;13,20625;52,43523\
196511;11;4;4020313;K\'f6nigin-Elisabeth-Stra\'dfe;2019;6;12;2;3;5;2;0;0;1;0;1;0;0;0;790646,8038;5826703,353;13,28386;52,51279\
196512;11;5;5020416;Am Heideberg;2019;7;19;5;3;6;6;0;0;1;1;0;0;0;0;781052,8685;5829607,482;13,14532;52,54386\
196513;11;2;2020204;Urbanstra\'dfe;2019;7;19;5;2;5;2;0;1;1;0;0;0;0;0;798697,5747;5824672,444;13,40032;52,49024\
196514;11;1;1044101;Rehberge;2019;7;18;5;3;6;7;0;1;0;1;0;0;0;0;794529,1173;5831556,882;13,3452;52,55422\
196515;11;1;1011201;Wilhelmstra\'dfe;2019;7;17;5;2;5;2;0;0;1;0;1;0;0;0;797014,18;5826726,159;13,37743;52,50956\
196516;11;9;9051702;B\'f6lschestra\'dfe;2019;7;17;5;2;5;3;0;1;1;0;0;0;0;0;814606,3219;5821936,317;13,63129;52,45678\
196517;11;8;8010118;Silbersteinstra\'dfe;2019;7;17;5;3;5;2;0;0;1;0;0;0;0;0;801004,9172;5822159,522;13,43193;52,46645\
196518;11;2;2030302;Lausitzer Platz;2019;7;17;5;3;5;2;0;1;1;0;0;0;0;0;801431,1335;5826069,115;13,44172;52,50125\
196519;11;1;1011302;Oranienburger Stra\'dfe;2019;7;16;5;2;0;4;0;1;0;1;0;0;0;0;798204,9621;5828918,517;13,39689;52,52857\
196520;11;4;4051551;Brabanter Platz;2019;7;15;5;3;0;7;0;0;0;0;1;0;1;1;793319,9969;5823569,565;13,32038;52,48327\
196521;11;5;5020625;Borkumer Stra\'dfe;2019;7;16;5;2;6;4;0;0;1;1;0;0;0;0;784468,4291;5828145,473;13,1943;52,52898\
196522;11;3;3010102;Buch;2019;7;16;5;2;5;3;0;1;1;0;0;0;0;0;804507,7048;5841274,482;13,50087;52,63582\
196523;11;8;8020619;Buschkrugallee Nord;2019;7;14;5;2;5;3;0;0;1;0;1;0;0;0;802812,2565;5820793,171;13,45722;52,4532\
196524;11;10;10030727;Biesdorf S\'fcd;2019;7;13;5;3;1;5;0;1;1;0;0;0;0;0;809296,2736;5826661,709;13,55778;52,50216\
196525;11;2;2050802;Boxhagener Platz;2019;7;13;5;3;1;5;0;0;1;0;1;0;1;0;802266,6017;5826861,362;13,45471;52,50789\
196526;11;4;4030726;Droysenstra\'dfe;2019;7;13;5;2;6;4;0;0;1;1;0;0;0;0;791950,2519;5825252,124;13,30174;52,49908\
196527;11;9;9020701;Adlershof West;2019;7;12;5;3;5;3;0;0;0;0;0;1;1;0;808641,7035;5819167,114;13,54123;52,43537\
196528;11;8;8020622;Parchimer Allee;2019;7;9;5;3;2;6;0;0;1;0;0;0;0;0;802250,6569;5819588,73;13,44789;52,44272\
196529;11;2;2040701;Andreasviertel;2019;7;8;5;2;5;3;0;1;1;0;0;0;0;0;800294,3344;5827628,217;13,42643;52,51585\
196530;11;1;1044201;Reinickendorfer Stra\'dfe;2019;7;7;5;3;6;4;0;0;0;1;0;1;0;0;796677,3951;5831904,39;13,37711;52,55617\
196531;11;1;1011306;Heine-Viertel Ost;2019;7;7;5;3;5;2;0;1;1;0;0;0;0;0;800020,2375;5826468,064;13,42136;52,50561\
196532;11;4;4031032;Halensee;2019;7;7;5;3;5;3;0;1;1;0;0;0;0;0;791180,4039;5824998,36;13,29021;52,49722\
196533;11;5;5020523;Maulbeerallee;2019;7;7;5;3;2;6;0;0;1;0;0;0;0;0;782859,4086;5826898,866;13,16958;52,51864\
196534;11;1;1011202;Unter den Linden Nord;2019;7;7;5;3;3;6;0;1;1;0;0;0;0;0;797934,0859;5827934,106;13,39203;52,51989\
196535;11;11;11030720;Herzbergstra\'dfe;2019;7;1;5;3;6;4;2;0;1;1;0;0;0;0;805194,9684;5829080,317;13,49976;52,52615\
196536;11;4;4030623;Ernst-Reuter-Platz;2019;7;9;4;3;6;7;0;1;0;0;0;0;1;0;793700,1306;5826365,047;13,32842;52,50812\
196537;11;3;3071537;Kollwitzplatz;2019;7;22;4;3;0;3;2;0;1;0;1;0;0;0;799358,4667;5829198,784;13,4141;52,53045\
196538;11;3;3010101;Bucher Forst;2019;7;20;4;3;6;7;0;1;0;1;0;0;0;0;803951,168;5841333,789;13,49272;52,63667\
196539;11;2;2030401;Reichenberger Stra\'dfe;2019;7;19;4;2;5;3;0;1;1;0;0;0;0;0;800771,8041;5825611,272;13,43163;52,49751\
196540;11;1;1011204;Leipziger Stra\'dfe;2019;7;17;4;3;5;2;0;1;1;0;0;0;0;0;798770,3467;5827484,833;13,40391;52,51541\
196541;11;1;1011305;Heine-Viertel West;2019;7;17;4;3;5;2;0;1;1;0;0;0;0;0;799646,4127;5827049,332;13,41639;52,51102\
196542;11;6;6040701;Wannsee;2019;7;16;4;3;9;1;0;0;1;0;0;0;0;0;784216,3624;5816204,38;13,18041;52,42204\
196543;11;8;8020619;Buschkrugallee Nord;2019;7;16;4;3;1;1;0;0;1;0;1;0;0;0;801612,0852;5821692,496;13,44042;52,46192\
196544;11;2;2040701;Andreasviertel;2019;7;16;4;3;3;6;0;1;1;0;0;0;0;0;800639,7013;5827357,64;13,43126;52,51324\
196545;11;4;4020209;Eichkamp;2019;7;15;4;2;0;1;0;1;0;0;0;0;0;0;789228,0211;5824032,093;13,26069;52,4896\
196546;11;10;10010308;Marzahner Chaussee;2019;7;14;4;3;5;2;0;1;0;0;0;0;1;0;806629,2438;5830238,623;13,52191;52,53573\