OBJECTID;LAND;BEZ;LOR;STRASSE;UJAHR;UMONAT;USTUNDE;UWOCHENTAG;UKATEGORIE;UART;UTYP1;ULICHTVERH;IstRad;IstPKW;IstFuss;IstKrad;IstGkfz;IstSonstige;USTRZUSTAND;LINREFX;LINREFY;XGCSWGS84;YGCSWGS84\
196910;11;8;8030831;Gropiusstadt Ost;2019;6;18;5;2;0;2;0;1;1;0;0;0;0;0;803345,9558;5817386,771;13,46196;52,42237\
196911;11;3;3040818;Pankow S\'fcd;2019;6;9;5;3;1;5;0;1;0;0;0;0;1;0;799576,427;5833167,387;13,42088;52,5659\
196912;11;2;2040703;Wriezener Bahnhof/Entwicklungsgebiet;2019;7;13;6;3;2;6;0;0;1;0;0;0;0;0;801730,6899;5826260,025;13,4463;52,5028\
196913;11;8;8010212;Rollberg;2019;7;13;6;3;2;6;0;0;1;0;0;0;0;0;801345,7892;5823484,668;13,43813;52,47814\
196914;11;2;2010101;Askanischer Platz;2019;6;18;5;3;6;2;0;0;1;1;0;0;0;0;797771,9071;5826023,002;13,38794;52,50285\
196915;11;1;1011302;Oranienburger Stra\'dfe;2019;6;18;5;3;1;5;0;0;1;0;1;0;0;0;798111,1918;5828450,983;13,39509;52,52443\
196916;11;9;9020701;Adlershof West;2019;7;13;6;3;5;2;0;1;1;0;0;0;0;0;808328,979;5818868,209;13,53637;52,43287\
196917;11;9;9010202;K\'f6penicker Landstra\'dfe;2019;6;18;5;3;0;2;0;0;1;0;0;0;1;0;804262,418;5823041,172;13,48054;52,47254\
196918;11;6;6010205;S\'fcdende;2019;7;13;6;3;1;5;0;0;1;0;0;0;0;0;796098,7057;5819848,657;13,35788;52,44841\
196919;11;11;11051331;Karlshorst Nord;2019;6;18;5;3;5;2;0;1;1;0;0;0;0;0;807314,6932;5824798,216;13,52696;52,48658\
196920;11;6;6010210;Bismarckstra\'dfe;2019;6;18;5;3;1;5;0;1;1;0;0;0;0;0;795020,6542;5820946,037;13,34303;52,45883\
196921;11;1;1033202;Humboldthain S\'fcd;2019;7;12;6;3;5;3;0;1;1;0;0;0;0;0;796971,3284;5830138,937;13,37985;52,54018\
196922;11;1;1022204;Thomasiusstra\'dfe;2019;6;18;5;3;2;6;0;0;1;0;0;0;0;0;794711,6872;5828321,646;13,34502;52,52512\
196923;11;2;2040701;Andreasviertel;2019;6;18;5;2;1;1;0;0;1;0;0;0;1;0;800812,6535;5827551,914;13,43398;52,51489\
196924;11;7;7020201;Bayerischer Platz;2019;7;10;6;3;2;2;0;0;1;0;0;0;0;0;794584,5289;5824222,91;13,33952;52,48844\
196925;11;10;10040933;Mahlsdorf S\'fcd;2019;6;18;5;3;0;1;0;1;0;0;0;0;0;0;813201,5562;5825948,412;13,61445;52,49354\
196926;11;10;10020622;Kaulsdorf Nord I;2019;6;17;5;3;1;5;0;1;1;0;0;0;1;0;810418,6319;5827966,276;13,57548;52,51322\
196927;11;5;5030730;Zitadellenweg;2019;7;8;6;2;2;6;0;0;1;0;1;0;0;0;786073,8521;5829150,363;13,21876;52,53715\
196928;11;11;11040926;Weitlingstra\'dfe;2019;6;22;5;3;2;6;2;1;1;0;0;0;0;0;804434,0952;5826378,33;13,48611;52,50236\
196929;11;8;8010214;Glasower Stra\'dfe;2019;7;8;6;3;5;3;0;0;1;0;0;0;0;0;801345,7519;5822037,226;13,43683;52,46516\
196930;11;2;2040503;Richard-Sorge-Viertel;2019;6;17;5;3;5;2;0;1;0;0;0;0;0;0;801555,1079;5828215,375;13,44549;52,52042\
196931;11;1;1044202;Sparrplatz;2019;7;8;6;3;5;2;0;1;1;0;0;0;0;0;794610,9367;5829871,263;13,34491;52,53906\
196932;11;3;3061228;Erich-Weinert-Stra\'dfe;2019;6;14;5;3;5;3;0;0;1;0;1;0;0;0;800607,6548;5831410,135;13,43446;52,54958\
196933;11;3;3030405;Karow Nord;2019;7;5;6;3;0;1;0;1;0;0;0;0;0;1;803699,3692;5839174,78;13,48703;52,61746\
196934;11;2;2050801;Traveplatz;2019;6;14;5;2;0;6;0;1;1;0;0;0;0;0;802923,4155;5827120,58;13,4646;52,50985\
196935;11;1;1033102;Gesundbrunnen;2019;6;20;5;3;0;1;0;1;0;0;0;0;0;0;797062,2059;5831443,935;13,38235;52,55183\
196936;11;11;11041128;Sewanstra\'dfe;2019;7;4;6;3;0;1;0;1;0;0;0;0;0;0;805847,1537;5825253,553;13,50583;52,49149\
196937;11;2;2050602;Samariterviertel;2019;7;1;6;3;0;7;2;1;0;0;0;0;1;0;802560,4139;5827928,408;13,46;52,51729\
196938;11;4;4030931;Breitscheidplatz;2019;6;14;5;3;0;1;0;0;0;0;1;0;0;0;794466,5839;5825869,977;13,33925;52,50327\
196939;11;7;7020203;Kaiser-Wilhelm-Platz;2019;6;13;5;3;5;2;0;1;1;0;0;0;0;0;795224,335;5824372,504;13,34905;52,48944\
196940;11;5;5020625;Borkumer Stra\'dfe;2019;7;15;6;2;0;6;0;0;1;0;0;0;1;0;783736,5229;5828681,152;13,18399;52,53416\
196941;11;1;1011401;Invalidenstra\'dfe;2019;6;9;5;2;0;1;0;1;0;0;0;0;0;0;798321,249;5829358,149;13,399;52,53244\
196942;11;1;1011305;Heine-Viertel West;2019;7;11;5;3;1;5;0;1;1;0;0;0;0;0;799406,608;5827128,038;13,41294;52,51186\
196943;11;4;4051549;Rathaus Wilmersdorf;2019;6;9;5;3;5;3;0;1;1;0;0;0;0;0;792480,1556;5824021,426;13,30844;52,48777\
196944;11;1;1044202;Sparrplatz;2019;7;21;5;3;3;6;2;0;1;0;0;0;0;0;795890,1325;5830457,639;13,36424;52,54363\
196945;11;6;6040810;Dahlem;2019;6;8;5;2;5;2;0;0;1;0;0;0;0;0;790171,425;5819776,321;13,27084;52,45094\
196946;11;2;2020202;Rathaus Yorckstra\'dfe;2019;7;20;5;3;5;2;1;0;1;0;0;0;0;0;797920,715;5825269,913;13,38945;52,49602\
196947;11;1;1011301;Charit\'e9viertel;2019;6;8;5;3;5;2;0;1;1;0;0;0;0;0;797103,1269;5828833,209;13,38062;52,5284\
196948;11;3;3061227;Humannplatz;2019;6;8;5;2;5;2;0;1;0;0;0;1;0;0;800078,4155;5831672,722;13,42691;52,55223\
196949;11;9;9051702;B\'f6lschestra\'dfe;2019;7;17;4;3;5;3;0;0;1;0;1;0;0;0;813761,8945;5821729,401;13,61871;52,45542\
196950;11;2;2020204;Urbanstra\'dfe;2019;7;16;4;3;2;6;0;1;0;0;0;0;0;0;798188,1318;5824839,075;13,39299;52,49201\
196951;11;1;1011303;Alexanderplatzviertel;2019;7;9;4;3;5;2;0;0;1;0;1;0;0;0;799115,0867;5828919,538;13,41027;52,52808\
196952;11;6;6040701;Wannsee;2019;7;17;4;3;7;7;0;0;0;0;1;0;0;0;783884,014;5815949,08;13,17532;52,41993\
196953;11;1;1022201;Stephankiez;2019;7;14;6;3;1;5;0;0;1;0;1;0;0;0;794616,8478;5829033,27;13,34425;52,53155\
196954;11;4;4030417;Schlo\'dfstra\'dfe;2019;7;17;4;3;5;3;0;1;1;0;0;0;0;0;791485,8681;5827198,794;13,29662;52,51678\
196955;11;4;4051654;Wilhelmsaue;2019;7;16;4;3;3;6;0;0;1;0;1;0;0;0;793420,5193;5823713,637;13,32198;52,4845\
196956;11;8;8010301;Reuterkiez;2019;7;8;4;3;1;5;0;1;1;0;0;0;0;0;801322,5888;5824765,028;13,43895;52,48962\
196957;11;1;1011304;Karl-Marx-Allee;2019;7;1;5;3;5;2;2;1;1;0;0;0;0;0;799722,6428;5827561,108;13,41797;52,51557\
196958;11;2;2050803;Stralauer Kiez;2019;7;20;5;3;2;2;0;0;1;0;0;0;0;0;803093,6047;5826035,792;13,46611;52,50003\
196959;11;11;11020513;Orankesee;2019;7;20;5;3;5;2;0;1;1;0;0;0;0;0;802917,9564;5831213,766;13,46825;52,54654\
196960;11;1;1033201;Brunnenstra\'dfe;2019;7;19;5;3;5;2;0;0;1;0;1;0;0;0;797828,9459;5830455,588;13,39274;52,54255\
196961;11;4;4030931;Breitscheidplatz;2019;7;19;5;3;5;2;0;1;1;0;0;0;0;0;793966,0001;5826166,352;13,33215;52,5062\
196962;11;4;4030416;Klausenerplatz;2019;7;19;5;3;1;5;0;1;1;0;0;0;0;0;791078,288;5827284,707;13,29071;52,51777\
196963;11;2;2010104;Wassertorplatz;2019;7;19;5;3;1;5;0;1;1;0;0;0;0;0;798698,1815;5825586,243;13,40115;52,49843\
196964;11;3;3061126;Arnimplatz;2019;7;18;5;3;2;6;0;0;1;0;1;0;0;0;798112,7307;5831832,926;13,39815;52,55474\
196965;11;9;9051901;Dammvorstadt;2019;7;18;5;3;2;6;0;0;0;0;0;0;1;0;809722,979;5821551,932;13,5593;52,45613\
196966;11;7;7040404;Marienh\'f6he;2019;7;15;5;3;5;2;0;1;1;0;0;0;0;0;796383,0851;5819735,748;13,36195;52,44725\
196967;11;5;5040938;Kafkastra\'dfe;2019;7;15;5;3;1;5;0;1;1;0;0;0;0;0;781278,4346;5819380,485;13,14;52,45204\
196968;11;5;5010101;Hakenfelde Nord;2019;7;17;5;2;5;3;0;0;1;0;1;0;0;0;785691,4835;5832184,104;13,21575;52,56455\
196969;11;9;9020701;Adlershof West;2019;7;15;5;2;5;3;0;1;1;0;0;0;0;0;807410,2464;5818297,769;13,52238;52,42827\
196970;11;4;4030415;Schlo\'dfgarten;2019;7;9;5;3;0;7;0;1;0;0;0;0;0;0;790758,0341;5827377,495;13,28608;52,51877\
196971;11;1;1011302;Oranienburger Stra\'dfe;2019;7;15;5;2;3;6;0;1;1;0;0;0;0;0;798275,4788;5829023,467;13,39802;52,52947\
196972;11;9;9031101;Gr\'fcnau;2019;7;14;5;3;5;7;0;0;1;0;0;0;0;0;810168,7493;5817680,327;13,56225;52,42118\
196973;11;9;9030901;Dorf Altglienicke;2019;7;10;5;3;5;2;0;0;1;0;0;0;0;0;807705,5453;5817907,408;13,52635;52,42461\
196974;11;8;8030829;Gropiusstadt Nord;2019;7;18;5;3;5;3;0;0;1;0;0;0;0;0;802971,8749;5818336,06;13,45733;52,43109\
196975;11;1;1011204;Leipziger Stra\'dfe;2019;7;22;5;2;0;1;2;0;0;0;0;0;1;0;797900,798;5826587,067;13,39033;52,50783\
196976;11;6;6020306;Lankwitz S\'fcd;2019;7;23;5;3;5;3;2;0;1;0;1;0;0;0;796748,1049;5817172,276;13,36503;52,42407\
196977;11;7;7020202;Volkspark (Rudolf-Wilde-Park);2019;7;13;5;3;5;2;0;1;1;0;0;0;0;0;794980,8514;5823819,721;13,34499;52,48461\
196978;11;5;5020419;Magistratsweg;2019;7;8;5;3;6;4;0;0;0;1;0;1;0;0;781933,3694;5828448,435;13,15728;52,53301\
196979;11;7;7010101;Wittenbergplatz/Viktoria-Luise-Platz;2019;7;8;5;3;5;2;0;1;0;0;0;1;0;0;794528,2228;5825239,089;13,33959;52,49758\
196980;11;4;4061757;Forst Grunewald;2019;7;12;5;3;1;5;0;1;0;0;0;0;1;0;785745,2412;5825137,978;13,21048;52,50135\
196981;11;1;1011101;St\'fclerstra\'dfe;2019;7;12;5;3;3;6;0;0;1;0;1;0;0;0;795275,3518;5826531,973;13,35171;52,50877\
196982;11;1;1033101;Soldiner Stra\'dfe;2019;7;12;5;2;5;3;0;0;1;0;1;0;0;0;796654,7545;5832113,692;13,37696;52,55805\
196983;11;11;11010310;M\'fchlengrund;2019;7;12;5;3;5;2;0;1;1;0;0;0;0;0;805441,8601;5833338,447;13,50731;52,56417\
196984;11;9;9020702;Adlershof Ost;2019;7;8;5;2;5;2;0;1;1;0;0;0;0;0;809453,6093;5818691,652;13,5527;52,43065\
196985;11;2;2020204;Urbanstra\'dfe;2019;7;10;5;2;5;2;0;0;1;0;0;0;1;0;798310,2278;5825310,65;13,3952;52,49617\
196986;11;2;2010103;Moritzplatz;2019;7;10;5;2;0;6;0;0;1;0;0;0;1;0;799055,9386;5826305,621;13,40705;52,50468\
196987;11;7;7040404;Marienh\'f6he;2019;7;7;5;3;2;6;0;0;0;0;1;1;0;0;797409,2056;5820427,284;13,37762;52,45289\
196988;11;3;3061227;Humannplatz;2019;7;7;5;3;5;3;0;1;0;0;0;0;1;0;800107,8411;5831704,331;13,42737;52,55249\
196989;11;9;9010101;Elsenstra\'dfe;2019;7;7;5;3;5;2;0;1;1;0;0;0;0;0;801830,0734;5825282,649;13,44687;52,49398\
196990;11;12;12103117;Letteplatz;2019;7;6;5;3;0;7;0;0;1;0;1;0;0;1;796641,0309;5832409,431;13,37702;52,56071\
196991;11;1;1011101;St\'fclerstra\'dfe;2019;7;10;5;3;5;3;0;0;1;0;0;0;0;0;794991,7389;5826148,635;13,34721;52,50549\
196992;11;2;2020206;Graefekiez;2019;7;9;5;3;1;5;0;0;1;0;0;0;0;0;800171,7242;5824913,963;13,42219;52,49159\
196993;11;6;6040701;Wannsee;2019;7;9;5;3;0;3;0;1;0;0;0;0;0;0;783955,6015;5816066,388;13,17647;52,42094\
196994;11;4;4030725;Amtsgerichtsplatz;2019;7;9;5;2;5;3;0;1;1;0;0;0;0;0;791358,628;5825925,649;13,29364;52,50544\
196995;11;2;2010102;Mehringplatz;2019;7;8;5;2;0;1;0;0;1;0;0;0;0;0;797912,4148;5826461,997;13,39039;52,50671\
196996;11;1;1011103;L\'fctzowstra\'dfe;2019;7;17;5;3;0;6;0;0;1;0;0;0;1;0;795181,2234;5825911,545;13,34978;52,50326\
196997;11;5;5010101;Hakenfelde Nord;2019;7;9;5;1;3;6;0;1;0;0;0;1;0;0;785645,7047;5832088,437;13,21499;52,56371\
196998;11;4;4030931;Breitscheidplatz;2019;7;17;4;3;5;2;0;1;1;0;0;0;0;0;794410,1028;5826088,043;13,33861;52,50526\
196999;11;1;1033203;Humboldthain Nordwest;2019;7;17;4;3;2;6;0;1;1;0;0;0;0;0;796408,1973;5830311,781;13,37173;52,54204\
197000;11;10;10040828;Kaulsdorf Nord;2019;7;16;4;3;5;3;0;1;1;0;0;0;0;0;812005,8659;5829502,989;13,60023;52,52608\
197001;11;7;7010104;Dennewitzplatz;2019;7;15;4;3;2;6;0;0;1;0;0;0;0;0;796080,1153;5825365,325;13,3625;52,49787\
197002;11;8;8020622;Parchimer Allee;2019;7;15;4;3;5;7;0;0;1;0;0;0;0;0;801457,138;5820200,064;13,4368;52,44863\
197003;11;6;6030610;Lichterfelde West;2019;7;15;4;2;5;2;0;0;1;0;0;0;0;0;792939,1902;5817768,908;13,3097;52,43147\
197004;11;7;7020204;Sch\'f6neberger Insel;2019;7;17;4;3;1;5;0;1;1;0;0;0;0;0;796457,2085;5823961,516;13,36679;52,48509\
197005;11;8;8020728;Buckow Ost;2019;7;15;4;3;0;6;0;0;1;0;0;0;1;0;801838,6362;5817497,504;13,43996;52,4242\
197006;11;2;2040503;Richard-Sorge-Viertel;2019;7;14;4;3;2;6;0;0;1;0;1;0;1;0;801391,6044;5828724,959;13,44355;52,52508\
197007;11;8;8041038;Wa\'dfmannsdorfer Chaussee;2019;7;13;4;3;2;7;0;1;0;0;0;0;1;0;805666,0651;5816452,84;13,49512;52,41271\
197008;11;9;9020802;K\'f6llnische Vorstadt;2019;7;12;4;2;0;4;0;0;0;1;0;0;1;0;810226,1815;5820373,295;13,56559;52,44528\
197009;11;2;2020204;Urbanstra\'dfe;2019;7;11;4;3;5;2;0;1;1;0;0;0;0;0;798524,1525;5824718,456;13,39782;52,49074\
197010;11;6;6010206;Stadtpark;2019;7;11;4;3;0;1;0;1;0;0;0;0;0;0;795104,9464;5819452,719;13,34295;52,4454\
197011;11;7;7040403;Manteuffelstra\'dfe;2019;7;10;4;3;5;2;0;0;1;0;1;0;0;0;797023,9617;5820703,107;13,37221;52,45557\
197012;11;7;7020203;Kaiser-Wilhelm-Platz;2019;7;9;4;2;5;2;0;1;0;0;1;0;0;0;795715,3604;5824029,13;13,35596;52,48609\
197013;11;9;9051801;Rahnsdorf/Hessenwinkel;2019;7;9;4;3;2;3;0;1;1;0;0;0;0;0;820699,9759;5819508,881;13,71834;52,43149\
197014;11;2;2010103;Moritzplatz;2019;7;8;4;3;5;3;0;1;1;0;0;0;0;0;799326,9124;5826235,581;13,41097;52,5039\
197015;11;12;12214125;Waldidyll/Flughafensee;2019;7;23;4;2;2;6;2;0;1;0;0;0;1;0;791928,1893;5831478,576;13,30688;52,55491\
197016;11;4;4010102;Pl\'f6tzensee;2019;7;20;4;2;1;1;0;0;1;0;0;0;0;0;792291,5169;5830695,921;13,31154;52,5477\
197017;11;8;8041036;Zittauer Stra\'dfe;2019;7;19;4;3;5;3;0;0;1;0;0;0;0;0;805050,068;5817550,949;13,48709;52,4229\
197018;11;1;1033203;Humboldthain Nordwest;2019;7;19;4;2;0;6;0;1;1;0;0;0;0;0;796621,6219;5831047,534;13,37552;52,54852\
197019;11;3;3030715;Heinersdorf;2019;7;6;4;3;0;3;0;0;1;0;1;0;0;0;800484,5362;5832601,137;13,43373;52,56032\
197020;11;3;3061228;Erich-Weinert-Stra\'dfe;2019;7;6;4;3;5;3;0;1;1;0;0;0;0;0;800748,6367;5831301,671;13,43643;52,54853\
197021;11;11;11041022;Rosenfelder Ring;2019;7;5;4;3;5;3;0;1;1;0;0;0;0;0;805655,2159;5827397,935;13,50498;52,51081\
197022;11;2;2050802;Boxhagener Platz;2019;7;1;4;2;0;1;2;0;0;0;0;0;1;0;802706,4412;5826964,181;13,46127;52,50857\
197023;11;6;6030609;Augustaplatz;2019;7;15;4;3;5;2;0;0;1;0;0;0;1;0;793162,9548;5818217,816;13,31337;52,43537\
197024;11;2;2030402;Wrangelkiez;2019;7;9;3;2;0;2;0;1;1;0;0;0;0;0;801543,0382;5825978,04;13,44329;52,50037\
197025;11;2;2040502;Friedenstra\'dfe;2019;7;16;3;3;5;2;0;1;0;0;0;0;0;0;801247,5252;5827816,42;13,44061;52,51702\
197026;11;2;2010103;Moritzplatz;2019;7;18;3;3;5;2;0;1;1;0;0;0;0;0;799115,5794;5826282,901;13,40791;52,50444\
197027;11;3;3050925;Komponistenviertel Wei\'dfensee;2019;7;17;3;3;5;7;0;1;1;0;0;0;0;0;802509,2602;5831547,833;13,46254;52,54976\
197028;11;9;9020501;Obersch\'f6neweide West;2019;7;17;3;2;5;3;0;0;1;0;1;0;0;0;806290,2697;5822154,531;13,50949;52,46346\
197029;11;8;8010301;Reuterkiez;2019;7;17;3;3;1;5;0;1;1;0;0;0;1;0;801321,1948;5824204,751;13,43842;52,4846\
197030;11;9;9051701;Hirschgarten;2019;7;16;3;3;2;7;0;0;1;0;0;0;0;0;813061,131;5821433,777;13,60816;52,45317\
197031;11;2;2020204;Urbanstra\'dfe;2019;7;2;3;3;1;1;2;0;1;0;0;0;0;0;798521,2779;5825202,985;13,39821;52,49509\
197032;11;10;11030720;Herzbergstra\'dfe;2019;7;14;3;3;2;6;0;0;1;0;0;0;1;0;806280,6206;5830169,908;13,51672;52,53531\
197033;11;5;5020524;Weinmeisterhornweg;2019;7;14;3;3;5;2;0;0;1;0;0;0;0;0;783895,4334;5826614,693;13,18457;52,51555\
197034;11;12;12224230;Heiligensee;2019;7;13;3;3;1;5;0;0;1;0;1;0;0;0;787177,056;5838039,484;13,24268;52,61626\
197035;11;4;4051448;Schaperstra\'dfe;2019;7;13;3;3;1;5;0;1;1;0;0;0;0;0;794193,4993;5825109,095;13,33456;52,4966\
197036;11;8;8041037;Alt-Rudow;2019;7;13;3;3;5;3;0;1;1;0;0;0;0;0;805666,8362;5817015,193;13,49564;52,41775\
197037;11;7;7040405;Rathaus Tempelhof;2019;7;12;3;3;5;3;0;0;1;0;0;0;0;0;798886,1227;5820528,229;13,39938;52,45299\
197038;11;4;4010101;Jungfernheide;2019;7;12;3;3;2;6;0;0;1;0;0;0;0;0;790386,697;5829031,703;13,28207;52,5338\
197039;11;2;2050802;Boxhagener Platz;2019;7;12;3;3;5;2;0;1;0;0;0;1;0;0;802067,1353;5827160,535;13,45206;52,51068\
197040;11;4;4051446;Preu\'dfenpark;2019;7;10;3;3;6;4;0;0;1;1;0;0;0;0;792499,7409;5824856,982;13,30946;52,49525\
197041;11;4;4041239;Stadion Wilmersdorf;2019;7;10;3;3;5;2;0;1;1;0;0;0;0;0;792331,2171;5823122,38;13,30547;52,47979\
197042;11;1;1011204;Leipziger Stra\'dfe;2019;7;18;3;3;4;6;0;1;0;0;0;0;1;0;798704,0081;5827624,008;13,40306;52,51669\
197043;11;2;2020204;Urbanstra\'dfe;2019;7;9;3;3;6;7;0;0;1;1;0;0;0;0;798481,3223;5825197,553;13,39762;52,49506\
197044;11;8;8010301;Reuterkiez;2019;7;19;3;3;0;3;0;1;0;0;0;0;0;0;801477,4606;5824421,595;13,44091;52,48646\
197045;11;3;3061430;Volkspark Prenzlauer Berg;2019;7;19;3;3;5;2;0;1;1;0;0;0;0;0;802299,7136;5829244,266;13,45737;52,52923\
197046;11;9;9020802;K\'f6llnische Vorstadt;2019;7;6;3;2;3;6;0;0;1;0;0;0;0;0;809805,3819;5820292,359;13,55934;52,44479\
197047;11;9;9020701;Adlershof West;2019;7;18;3;3;2;6;0;0;1;0;0;0;1;0;809202,6461;5818346,934;13,5487;52,4277\
197048;11;9;9010402;Johannisthal Ost;2019;7;18;3;2;0;1;0;0;0;0;1;0;0;0;806809,3237;5818192,39;13,51347;52,42766\
197049;11;9;9031101;Gr\'fcnau;2019;7;18;3;3;5;3;0;1;0;0;0;0;1;0;811810,831;5816659,479;13,58536;52,4111\
197050;11;3;3020203;Blankenfelde;2019;7;16;3;3;5;3;0;1;1;0;0;0;0;0;796389,9362;5840580,925;13,38064;52,6341\
197051;11;4;4030415;Schlo\'dfgarten;2019;7;16;3;3;2;2;0;0;1;0;1;0;0;0;791030,0374;5827420,632;13,29012;52,51902\
197052;11;2;2020206;Graefekiez;2019;7;16;3;3;0;1;0;1;0;0;0;0;0;0;799991,8902;5824458,447;13,41913;52,48761\
197053;11;4;4051448;Schaperstra\'dfe;2019;7;15;3;3;2;6;0;1;1;0;0;0;0;0;793523,3572;5825222,955;13,32482;52,49798\
197054;11;5;5010101;Hakenfelde Nord;2019;7;15;3;3;3;6;0;1;0;0;0;0;1;0;785552,0608;5831778,587;13,21335;52,56099\
197055;11;1;1044101;Rehberge;2019;7;15;3;3;0;6;0;0;0;0;0;0;1;0;794812,5194;5831324,845;13,34916;52,55198\
197056;11;2;2040701;Andreasviertel;2019;7;17;3;3;2;6;0;0;1;0;1;0;0;0;800401,871;5827887,595;13,42825;52,51812\
197057;11;8;8010301;Reuterkiez;2019;7;21;3;3;3;6;0;1;1;0;0;0;0;0;800935,7876;5824686,783;13,4332;52,48914\
197058;11;11;11020513;Orankesee;2019;7;13;3;3;2;6;0;0;1;0;0;0;0;0;802866,597;5831261,34;13,46754;52,547\
197059;11;9;9020502;Obersch\'f6neweide Ost;2019;7;8;3;3;1;1;0;0;1;0;1;0;0;0;808978,1846;5821599,924;13,54842;52,45698\
197060;11;11;11020412;Hauptstra\'dfe;2019;7;16;2;3;2;6;0;0;1;0;0;0;0;0;806092,5801;5831993,016;13,51564;52,55175\
197061;11;5;5020629;B\'f6rnicker Stra\'dfe;2019;7;17;2;3;5;2;0;0;1;0;1;0;0;0;785049,9092;5826299,46;13,20126;52,51212\
197062;11;1;1011202;Unter den Linden Nord;2019;7;16;2;3;2;2;0;0;0;0;1;0;1;0;797188,403;5827524,571;13,38071;52,51663\
197063;11;6;6040805;Fischerh\'fcttenstra\'dfe;2019;7;15;2;3;1;5;0;0;1;0;0;1;0;0;787868,7761;5817965,023;13,23549;52,43592\
197064;11;2;2040701;Andreasviertel;2019;7;21;2;2;5;2;2;1;1;0;0;0;0;0;800907,8105;5827537,903;13,43537;52,51471\
197065;11;8;8020727;Buckow Mitte;2019;7;17;2;3;2;6;0;0;1;0;1;0;0;0;801041,4948;5817077,282;13,42789;52,42087\
197066;11;6;6010102;Schlo\'dfstra\'dfe;2019;7;19;2;3;0;1;0;0;0;0;1;0;0;0;793771,9075;5820548,056;13,32435;52,45594\
197067;11;8;8010510;Gewerbegebiet K\'f6llnische Heide;2019;7;15;2;3;2;6;0;0;1;0;0;0;0;0;802411,0469;5822662,755;13,45303;52,47018\
197068;11;12;12214125;Waldidyll/Flughafensee;2019;7;15;2;2;6;4;0;0;1;1;0;0;1;0;790944,3642;5833822,426;13,29447;52,57645\
197069;11;1;1011202;Unter den Linden Nord;2019;7;13;2;3;5;3;0;0;1;0;0;0;0;0;797893,9988;5828167,657;13,39165;52,52201\
197070;11;6;6030501;Berlepschstra\'dfe;2019;7;12;2;3;5;3;0;0;1;0;0;0;0;0;788816,9036;5817033,932;13,2486;52,42707\
197071;11;2;2020206;Graefekiez;2019;7;21;2;3;1;5;2;0;1;0;0;0;0;0;799749,2623;5824479,808;13,41559;52,48793\
197072;11;1;1011301;Charit\'e9viertel;2019;7;12;2;3;3;6;0;1;0;0;0;1;0;0;797130,2862;5829227,311;13,38137;52,53192\
197073;11;1;1022106;Elberfelder Stra\'dfe;2019;7;10;2;3;3;6;0;1;0;0;0;1;0;0;793690,1902;5828002,038;13,32972;52,5228\
197074;11;4;4020311;Reichsstra\'dfe;2019;7;10;2;3;5;3;0;0;1;0;0;0;0;0;789494,6456;5826805,597;13,26702;52,51432\
197075;11;1;1011302;Oranienburger Stra\'dfe;2019;7;10;2;3;2;6;0;0;1;0;0;0;0;0;799047,5393;5828977,627;13,40933;52,52864\
197076;11;9;9020701;Adlershof West;2019;7;10;2;3;3;6;0;0;1;0;0;1;0;0;807856,5686;5819952,464;13,53044;52,44285\
197077;11;9;9020601;Schnellerstra\'dfe;2019;7;9;2;3;5;3;0;1;1;0;0;0;0;0;805929,0677;5821839,751;13,5039;52,46084\
197078;11;6;6040703;Nikolassee;2019;7;8;2;3;5;3;0;1;1;0;0;0;0;1;785012,3662;5817548,667;13,19323;52,43368\
197079;11;7;7040405;Rathaus Tempelhof;2019;7;8;2;3;2;6;0;0;1;0;0;0;0;0;799577,0153;5820832,145;13,40979;52,45533\
197080;11;5;5010205;An der Tr\'e4nke;2019;7;6;2;3;0;6;0;0;1;0;1;0;0;0;780182,4216;5830663,442;13,13341;52,55378\
197081;11;1;1022204;Thomasiusstra\'dfe;2019;7;9;2;3;5;7;0;1;1;0;0;0;0;0;795000,4997;5828147,831;13,34911;52,5234\
197082;11;1;1044201;Reinickendorfer Stra\'dfe;2019;7;12;1;3;2;6;0;0;1;0;0;0;0;0;796469,518;5831967,039;13,37411;52,55684\
197083;11;1;1022206;L\'fcneburger Stra\'dfe;2019;7;18;1;3;0;1;0;1;0;0;0;0;0;0;795548,1954;5828216,292;13,35722;52,52372\
197084;11;3;3061228;Erich-Weinert-Stra\'dfe;2019;7;14;1;3;3;6;0;0;1;0;0;0;1;0;800790,0151;5830910,548;13,43669;52,545\
197085;11;2;2030302;Lausitzer Platz;2019;7;1;1;3;9;1;2;0;1;0;0;0;0;1;801509,4438;5826046,4;13,44285;52,50101\
197086;11;1;1011402;Arkonaplatz;2019;7;1;1;3;0;1;2;1;0;0;0;0;0;1;798607,8043;5829323,334;13,40318;52,53198\
197087;11;2;2030301;Oranienplatz;2019;7;21;1;2;0;3;1;0;1;0;1;0;0;0;800289,5097;5826088,005;13,42497;52,50205\
197088;11;2;2040702;Weberwiese;2019;7;19;1;3;0;7;0;0;0;0;0;0;1;0;801647,0807;5827378,443;13,44608;52,51287\
197089;11;5;5020521;D\'f6beritzer Weg;2019;7;18;1;3;2;6;0;0;1;0;0;0;0;0;779389,9003;5827854,182;13,11938;52,52899\
197090;11;8;8010118;Silbersteinstra\'dfe;2019;7;17;1;3;6;4;0;0;0;1;1;0;0;0;800774,8543;5822723,867;13,42907;52,47163\
197091;11;10;10040933;Mahlsdorf S\'fcd;2019;7;10;1;3;8;1;0;0;1;0;0;0;0;0;812477,7397;5824289,712;13,60227;52,47909\