OBJECTID;LAND;BEZ;LOR;STRASSE;UJAHR;UMONAT;USTUNDE;UWOCHENTAG;UKATEGORIE;UART;UTYP1;ULICHTVERH;IstRad;IstPKW;IstFuss;IstKrad;IstGkfz;IstSonstige;USTRZUSTAND;LINREFX;LINREFY;XGCSWGS84;YGCSWGS84\
197635;11;4;4030620;Alt-Lietzow;2019;8;16;5;3;2;6;0;0;1;0;0;0;1;0;792447,9746;5827189,429;13,31075;52,51619\
197636;11;7;7040404;Marienh\'f6he;2019;8;16;5;3;0;1;0;1;0;0;0;0;0;0;796541,7762;5820099,424;13,3646;52,45042\
197637;11;4;4051550;Leon-Jessel-Platz;2019;8;16;5;3;5;3;0;1;1;0;0;0;0;0;792887,7282;5824294,618;13,31467;52,49\
197638;11;7;7040401;Neu-Tempelhof;2019;8;14;5;3;5;3;0;0;1;0;0;0;0;0;797325,2524;5823511,807;13,37913;52,48058\
197639;11;5;5010311;Eiswerder;2019;8;14;5;3;2;6;0;0;1;0;0;0;0;0;785231,6755;5830968,843;13,20794;52,55389\
197640;11;12;12302212;Rollbergesiedlung;2019;8;14;5;3;0;6;0;1;0;0;0;1;0;0;792682,3423;5837413,295;13,32321;52,60771\
197641;11;3;3030715;Heinersdorf;2019;8;14;5;2;6;4;0;0;1;1;0;0;0;0;800685,1946;5833668,563;13,43764;52,56978\
197642;11;4;4020204;Olympiagel\'e4nde;2019;8;13;5;3;5;2;0;0;1;0;1;0;0;0;787702,1174;5826432,639;13,24035;52,51192\
197643;11;1;1033203;Humboldthain Nordwest;2019;8;15;5;3;5;3;0;0;1;0;0;0;0;0;796725,178;5830441,734;13,3765;52,54303\
197644;11;3;3061227;Humannplatz;2019;8;13;5;3;6;4;0;0;0;1;1;0;0;0;799424,8288;5831371,47;13,41703;52,54989\
197645;11;1;1011305;Heine-Viertel West;2019;8;13;5;2;6;4;0;0;1;1;0;0;0;0;798901,0781;5826692,217;13,40512;52,50823\
197646;11;11;11040926;Weitlingstra\'dfe;2019;8;13;5;3;5;2;0;1;1;0;0;0;0;0;805141,918;5826177,218;13,49632;52,50016\
197647;11;10;10040829;Alt-Kaulsdorf;2019;8;12;5;3;0;6;0;1;1;0;0;0;0;0;810878,2694;5827352,626;13,58165;52,50746\
197648;11;2;2020204;Urbanstra\'dfe;2019;8;12;5;3;1;5;0;1;0;0;0;1;0;0;798472,0431;5824764,597;13,39709;52,49119\
197649;11;3;3040614;Pankow Zentrum;2019;8;12;5;2;5;3;0;0;1;0;0;1;0;0;800023,5387;5834675,494;13,42882;52,57917\
197650;11;4;4020310;Park Ruhwald;2019;8;12;5;3;2;6;0;0;1;0;0;0;0;0;790578,244;5827355,304;13,28342;52,51867\
197651;11;8;8020621;Mohriner Allee Nord;2019;8;12;5;3;5;7;0;0;1;0;0;0;0;0;800255,8668;5820518,579;13,41947;52,45215\
197652;11;4;4020311;Reichsstra\'dfe;2019;8;10;5;3;5;3;0;0;1;0;0;0;0;0;788993,5354;5826824,874;13,25967;52,51476\
197653;11;2;2020204;Urbanstra\'dfe;2019;8;12;5;3;2;2;0;0;1;0;1;0;0;1;798307,2909;5825319,943;13,39517;52,49625\
197654;11;3;3071536;Teutoburger Platz;2019;8;9;5;3;5;2;0;1;1;0;0;0;0;0;799097,3877;5829119,467;13,41019;52,52988\
197655;11;11;11030618;Fennpfuhl West;2019;8;8;5;3;5;3;0;0;0;0;0;1;1;0;802962,5382;5829199,311;13,46707;52,52846\
197656;11;3;3061227;Humannplatz;2019;8;11;5;3;5;7;0;0;1;0;0;0;0;0;800091,4071;5831671,63;13,4271;52,55221\
197657;11;11;11030618;Fennpfuhl West;2019;8;8;5;3;5;5;0;0;1;0;1;0;0;1;802961,9857;5829229,121;13,46709;52,52873\
197658;11;7;7010103;Barbarossaplatz;2019;8;10;5;3;0;6;0;1;1;0;0;0;0;0;795222,5234;5824517,249;13,34915;52,49074\
197659;11;3;3020210;Herthaplatz;2019;8;10;5;3;1;5;0;0;1;0;0;0;0;0;798713,9284;5835849,209;13,41061;52,59041\
197660;11;4;4041344;R\'fcdesheimer Platz;2019;8;8;5;3;0;3;0;0;1;0;1;0;0;0;793345,4634;5822848,241;13,32012;52,47679\
197661;11;12;12103218;Teichstra\'dfe;2019;8;8;5;3;5;2;0;1;1;0;0;0;0;0;794973,7113;5833121,37;13,35313;52,568\
197662;11;1;1011105;N\'f6rdlicher Landwehrkanal;2019;8;7;5;3;8;1;0;0;1;0;0;0;0;0;796143,4566;5826287,673;13,36425;52,50611\
197663;11;2;2030402;Wrangelkiez;2019;8;6;5;3;0;4;0;1;0;1;0;0;0;1;801701,6301;5825858,256;13,44551;52,49921\
197664;11;11;11040925;Victoriastadt;2019;8;6;5;3;2;6;0;0;1;0;1;0;0;0;803714,6044;5826360,447;13,47553;52,5026\
197665;11;1;1033201;Brunnenstra\'dfe;2019;8;5;5;3;5;3;1;0;1;0;0;0;0;1;797904,0587;5831002,832;13,39434;52,54741\
197666;11;4;4051655;Babelsberger Stra\'dfe;2019;8;2;5;3;5;2;2;0;1;0;0;0;0;0;794005,4386;5824068,884;13,33088;52,48737\
197667;11;2;2030302;Lausitzer Platz;2019;8;0;5;3;0;2;2;1;1;0;0;0;0;1;801420,6965;5826071,803;13,44157;52,50128\
197668;11;12;12214421;Reinickes Hof;2019;7;2;4;3;0;7;2;1;0;0;0;0;0;0;793457,9125;5833874,317;13,3315;52,57557\
197669;11;4;4041136;Hagenplatz;2019;7;20;4;3;5;2;1;0;1;0;0;0;0;1;790688,312;5822694,722;13,28097;52,47683\
197670;11;12;12103218;Teichstra\'dfe;2019;7;20;4;3;1;5;2;0;1;0;0;0;0;1;795516,1985;5834371,925;13,36223;52,57892\
197671;11;12;12103117;Letteplatz;2019;7;20;4;3;0;1;1;0;0;0;1;0;0;1;795775,2458;5832574,735;13,36444;52,56267\
197672;11;2;2020203;Viktoriapark;2019;7;19;4;3;5;5;1;0;1;0;1;0;0;0;797639,2191;5824583,574;13,3847;52,49002\
197673;11;2;2040701;Andreasviertel;2019;7;23;4;3;5;7;2;0;1;0;1;0;0;1;800550,3391;5826943,713;13,42958;52,50958\
197674;11;4;4051447;Ludwigkirchplatz;2019;7;22;4;3;0;1;2;0;0;0;1;0;0;1;793383,6209;5824666,596;13,32228;52,49307\
197675;11;4;4030827;Karl-August-Platz;2019;7;18;4;3;5;2;0;0;1;0;0;0;0;0;792725,01;5826102,048;13,31387;52,50629\
197676;11;8;8041036;Zittauer Stra\'dfe;2019;7;18;4;3;5;3;0;0;1;0;0;0;0;0;805253,9858;5817245,999;13,4898;52,42005\
197677;11;1;1011303;Alexanderplatzviertel;2019;7;17;4;3;2;6;0;0;1;0;0;0;0;1;799129,2984;5828985,888;13,41054;52,52866\
197678;11;4;4030929;Hindemithplatz;2019;7;17;4;3;0;6;0;0;1;0;1;0;0;1;792709,7555;5825553,248;13,31316;52,50138\
197679;11;4;4030725;Amtsgerichtsplatz;2019;7;17;4;2;0;1;0;1;0;0;0;0;0;1;791464,1874;5825787,123;13,29507;52,50414\
197680;11;10;10030727;Biesdorf S\'fcd;2019;7;17;4;3;6;4;0;0;1;1;0;0;0;1;809541,086;5827065,572;13,56175;52,50564\
197681;11;1;1011303;Alexanderplatzviertel;2019;7;17;4;2;5;2;0;1;1;0;0;0;0;1;798724,5164;5828298,304;13,40397;52,52272\
197682;11;1;1022106;Elberfelder Stra\'dfe;2019;7;16;4;3;0;5;0;0;1;0;1;0;0;1;794477,2405;5828352,663;13,3416;52,52552\
197683;11;7;7050505;Hundsteinweg;2019;7;16;4;3;2;6;0;0;1;0;0;0;0;1;798357,8334;5818989,156;13,39025;52,43948\
197684;11;1;1011301;Charit\'e9viertel;2019;7;16;4;3;5;3;0;0;1;0;0;0;0;1;797037,4266;5829318,799;13,38009;52,53279\
197685;11;12;12231101;Hermsdorf;2019;7;15;4;3;5;2;0;1;1;0;0;0;0;1;791292,4727;5838941,212;13,30409;52,62216\
197686;11;1;1011101;St\'fclerstra\'dfe;2019;7;15;4;3;2;6;0;0;1;0;0;0;0;1;795245,906;5826623,983;13,35136;52,50961\
197687;11;4;4010102;Pl\'f6tzensee;2019;7;10;4;3;5;2;0;0;1;0;0;0;0;0;793340,7633;5829719,994;13,3261;52,53839\
197688;11;1;1022204;Thomasiusstra\'dfe;2019;7;9;4;3;5;7;0;1;1;0;0;0;0;0;794769,7231;5828313,4;13,34586;52,52501\
197689;11;12;12214422;Klixstra\'dfe;2019;7;9;4;2;4;6;0;1;0;0;0;0;0;0;792106,8156;5832956,029;13,31081;52,56806\
197690;11;2;2020203;Viktoriapark;2019;7;9;4;3;2;6;0;0;1;0;1;0;0;0;797822,382;5824931,546;13,3877;52,49304\
197691;11;2;2030301;Oranienplatz;2019;7;7;4;3;5;2;0;1;1;0;0;0;0;0;799720,0578;5826052,13;13,41658;52,50204\
197692;11;1;1011302;Oranienburger Stra\'dfe;2019;7;15;4;2;5;7;0;0;1;0;0;0;0;0;798396,0525;5829040,767;13,39981;52,52956\
197693;11;1;1011402;Arkonaplatz;2019;7;7;4;3;5;3;0;1;0;0;0;0;1;0;798715,4912;5829563,106;13,40497;52,53407\
197694;11;5;5030731;Gartenfelder Stra\'dfe;2019;7;7;4;3;5;2;0;0;0;0;1;0;1;0;787597,2147;5829401,001;13,24138;52,53859\
197695;11;12;12214422;Klixstra\'dfe;2019;7;4;4;3;5;3;1;1;1;0;0;0;0;0;791496,771;5833027,919;13,3019;52,56904\
197696;11;11;11010204;Falkenberg Ost;2019;7;2;4;3;0;1;2;1;0;0;0;0;0;0;806693,6647;5833980,849;13,52631;52,56923\
197697;11;5;5010312;Kurstra\'dfe;2019;7;14;4;3;6;4;0;0;1;1;0;0;0;0;785297,9785;5830407,972;13,20843;52,54883\
197698;11;1;1044101;Rehberge;2019;7;14;4;3;5;3;0;0;1;0;0;0;0;0;793529,1778;5832017,906;13,3309;52,55889\
197699;11;6;6040810;Dahlem;2019;7;12;4;3;5;3;0;0;0;0;1;0;1;0;791574,3862;5821712,915;13,29312;52,46756\
197700;11;4;4030929;Hindemithplatz;2019;7;12;4;3;5;3;0;0;1;0;0;0;1;0;792444,0765;5825425,954;13,30914;52,50038\
197701;11;12;12214527;Alt-Tegel;2019;7;11;4;2;5;7;0;0;1;0;1;0;0;0;790584,9238;5834488,186;13,28976;52,58261\
197702;11;7;7020203;Kaiser-Wilhelm-Platz;2019;7;10;4;3;1;5;0;1;1;0;0;0;0;0;795592,4922;5824160,714;13,35427;52,48734\
197703;11;4;4061757;Forst Grunewald;2019;7;10;4;3;5;3;0;1;0;0;0;0;0;0;788657,619;5825722,151;13,25378;52,50505\
197704;11;8;8010118;Silbersteinstra\'dfe;2019;7;10;4;3;6;4;0;0;1;1;0;0;0;0;800898,0072;5822408,954;13,43059;52,46874\
197705;11;12;12103218;Teichstra\'dfe;2019;7;9;3;3;0;6;0;1;1;0;0;0;0;0;794850,991;5833071,512;13,35128;52,56762\
197706;11;3;3040818;Pankow S\'fcd;2019;7;7;3;3;6;7;0;0;1;1;0;0;0;0;799443,2167;5832748,76;13,41854;52,56222\
197707;11;10;10040933;Mahlsdorf S\'fcd;2019;7;9;3;3;5;3;0;0;1;0;0;0;0;0;811989,6215;5826852,58;13,59751;52,50234\
197708;11;3;3051017;Rennbahnstra\'dfe;2019;7;8;3;3;2;2;0;0;1;0;0;0;0;1;802839,7771;5832687,346;13,46844;52,55979\
197709;11;1;1011401;Invalidenstra\'dfe;2019;7;8;3;3;3;6;0;1;0;0;0;0;0;0;797300,6481;5829109,322;13,38377;52,53077\
197710;11;1;1011204;Leipziger Stra\'dfe;2019;7;0;3;2;5;2;2;0;1;0;1;0;0;0;798901,2925;5827345,255;13,40571;52,51408\
197711;11;9;9010401;Johannisthal West;2019;7;6;3;2;1;5;0;1;1;0;0;0;0;0;806046,1012;5820006,085;13,50394;52,44435\
197712;11;11;11051331;Karlshorst Nord;2019;7;17;3;3;5;3;0;0;1;0;0;0;0;0;807676,676;5824535,78;13,53203;52,48403\
197713;11;4;4041241;Breite Stra\'dfe;2019;7;16;3;2;1;5;0;1;1;0;0;0;0;0;791954,0242;5822499,632;13,29938;52,47441\
197714;11;5;5020625;Borkumer Stra\'dfe;2019;7;16;3;2;5;7;0;0;1;0;1;0;0;0;784748,3734;5828694,96;13,19888;52,53376\
197715;11;1;1044102;Schillerpark;2019;7;15;3;3;5;2;0;1;1;0;0;0;0;0;794707,6267;5831780,937;13,34803;52,55613\
197716;11;4;4030828;Savignyplatz;2019;7;15;3;3;5;7;0;0;1;0;1;0;0;0;792977,3795;5826184,837;13,31765;52,5069\
197717;11;1;1011101;St\'fclerstra\'dfe;2019;7;15;3;3;0;3;0;0;1;0;1;0;0;0;794963,3007;5826080,539;13,34673;52,50489\
197718;11;2;2020203;Viktoriapark;2019;7;23;3;3;0;1;2;1;0;0;0;0;0;0;797247,7859;5824831,582;13,37917;52,49245\
197719;11;1;1033102;Gesundbrunnen;2019;7;15;3;3;6;4;0;0;0;1;1;0;0;0;797583,724;5831293,124;13,38989;52,55019\
197720;11;3;3061228;Erich-Weinert-Stra\'dfe;2019;7;20;3;3;1;5;1;1;1;0;0;0;0;0;801022,3297;5830798,88;13,44;52,54387\
197721;11;4;4020312;Branitzer Platz;2019;7;13;3;3;0;7;0;0;1;0;1;0;0;0;789598,367;5827272,506;13,26895;52,51845\
197722;11;1;1011101;St\'fclerstra\'dfe;2019;7;20;3;2;0;1;0;1;0;0;0;0;0;0;794549,2754;5826088,225;13,34065;52,50518\
197723;11;8;8010117;Schillerpromenade;2019;7;14;3;3;5;3;0;0;1;0;1;0;0;0;800380,4474;5823330,392;13,42382;52,47728\
197724;11;1;1011101;St\'fclerstra\'dfe;2019;7;20;3;3;5;3;0;0;1;0;0;0;0;0;795324,9037;5826261,334;13,3522;52,50632\
197725;11;5;5020417;Staakener Stra\'dfe;2019;7;20;3;3;5;3;0;1;1;0;0;0;0;0;782573,5164;5828540,581;13,16677;52,53351\
197726;11;7;7010101;Wittenbergplatz/Viktoria-Luise-Platz;2019;7;19;3;3;5;7;0;0;1;0;1;0;0;0;794624,1034;5825565,122;13,34129;52,50045\
197727;11;9;9010202;K\'f6penicker Landstra\'dfe;2019;7;13;3;3;3;1;0;1;0;0;0;0;1;0;804279,5321;5823056,603;13,48081;52,47267\
197728;11;5;5040936;J\'e4gerallee;2019;7;12;3;3;2;2;0;1;1;0;0;0;0;0;781551,3758;5819649,201;13,14423;52,45431\
197729;11;8;8010404;Rixdorf;2019;7;18;3;3;2;6;0;0;1;0;0;0;0;0;801839,1619;5823625,641;13,4455;52,47913\
197730;11;6;6040804;Krumme Lanke;2019;7;18;3;3;5;2;0;1;1;0;0;0;0;0;788760,1197;5819994,54;13,25032;52,45365\
197731;11;4;4030725;Amtsgerichtsplatz;2019;7;18;3;3;3;6;0;0;1;0;0;0;0;0;791881,5694;5826501,475;13,30182;52,51032\
197732;11;9;9010402;Johannisthal Ost;2019;7;17;3;3;2;7;0;0;1;0;1;0;0;0;806289,1047;5819201,096;13,50677;52,43699\
197733;11;8;8020728;Buckow Ost;2019;7;17;3;3;5;3;0;1;0;0;0;0;1;0;801800,8908;5817488,167;13,4394;52,42414\
197734;11;9;9051702;B\'f6lschestra\'dfe;2019;7;10;3;2;1;5;0;0;1;0;1;0;0;0;814030,5204;5820744,837;13,62173;52,44644\
197735;11;1;1033101;Soldiner Stra\'dfe;2019;7;9;3;3;1;5;0;1;0;0;0;1;0;0;797963,6549;5832408,763;13,39648;52,55998\
197736;11;8;8041037;Alt-Rudow;2019;7;12;3;3;5;2;0;0;1;0;0;0;1;0;805438,8438;5818396,446;13,49356;52,43026\
197737;11;7;7010102;Nollendorfplatz;2019;7;14;3;1;6;2;0;0;0;1;0;1;0;0;794950,1287;5825642,635;13,34615;52,50097\
197738;11;2;2040502;Friedenstra\'dfe;2019;7;13;2;3;5;2;0;1;0;0;0;0;1;0;801250,7933;5827844,043;13,44068;52,51726\
197739;11;7;7070701;Kettinger Stra\'dfe/Schillerstra\'dfe;2019;7;15;2;3;0;7;0;1;0;0;0;0;0;0;799195,4451;5816141,739;13,39999;52,4135\
197740;11;10;10040933;Mahlsdorf S\'fcd;2019;7;12;2;3;0;1;0;1;0;0;0;0;0;0;812433,1499;5824753,677;13,60205;52,48328\
197741;11;1;1033102;Gesundbrunnen;2019;7;22;2;3;2;6;2;0;1;0;1;0;0;1;797662,7325;5831882,289;13,39158;52,55543\
197742;11;3;3040614;Pankow Zentrum;2019;7;21;2;3;0;2;2;0;1;0;1;0;0;1;798606,8339;5833049,831;13,40651;52,56538\
197743;11;2;2050802;Boxhagener Platz;2019;7;20;2;3;1;1;0;0;1;0;1;0;0;1;802589,8442;5827014,158;13,4596;52,50908\
197744;11;1;1033202;Humboldthain S\'fcd;2019;7;18;2;3;5;2;0;1;0;0;0;0;1;1;797763,8745;5829744,158;13,39115;52,53621\
197745;11;4;4030930;George-Grosz-Platz;2019;7;18;2;3;0;6;0;0;1;0;1;0;0;1;793293,0704;5825627,007;13,32179;52,50172\
197746;11;6;6030610;Lichterfelde West;2019;7;18;2;3;0;5;0;1;1;0;0;0;0;1;791844,99;5818906,647;13,29464;52,44225\
197747;11;1;1033203;Humboldthain Nordwest;2019;7;18;2;3;2;6;0;0;1;0;0;0;0;1;796586,3302;5831006,272;13,37497;52,54816\
197748;11;1;1011302;Oranienburger Stra\'dfe;2019;7;16;2;3;2;6;0;0;1;0;0;0;0;0;797978,3241;5828497,041;13,39318;52,52491\
197749;11;5;5010311;Eiswerder;2019;7;16;2;3;5;7;0;1;1;0;0;0;0;0;785352,2748;5830155,443;13,20902;52,54654\
197750;11;6;6010210;Bismarckstra\'dfe;2019;7;19;2;3;2;6;0;0;1;0;0;0;0;1;794923,1007;5821446,918;13,34204;52,46337\
197751;11;1;1011203;Unter den Linden S\'fcd;2019;7;17;2;3;1;5;0;1;1;0;0;0;0;1;798018,5797;5827089,741;13,39251;52,51228\
197752;11;4;4051655;Babelsberger Stra\'dfe;2019;7;16;2;3;5;2;0;0;1;0;1;0;0;0;794187,4403;5823111,523;13,33271;52,47869\
197753;11;1;1033102;Gesundbrunnen;2019;7;16;2;3;5;2;0;1;1;0;0;0;0;0;797720,1863;5831257,475;13,39186;52,5498\
197754;11;3;3030715;Heinersdorf;2019;7;19;2;3;0;7;0;0;1;0;0;0;0;1;800995,0394;5833682,888;13,44221;52,56974\
197755;11;4;4051655;Babelsberger Stra\'dfe;2019;7;15;2;2;5;3;0;1;1;0;0;0;0;0;794185,4354;5823226,393;13,33278;52,47972\
197756;11;11;11020516;Wei\'dfe Taube;2019;7;15;2;3;5;2;0;1;0;0;0;0;1;0;806220,1135;5830350,064;13,516;52,53695\
197757;11;1;1011301;Charit\'e9viertel;2019;7;15;2;3;2;7;0;1;1;0;0;0;0;0;797108,2794;5829252,994;13,38107;52,53216\
197758;11;4;4041342;Schlangenbader Stra\'dfe;2019;7;14;2;2;2;6;0;0;1;0;1;0;0;0;792541,9464;5822821,104;13,3083;52,47697\
197759;11;9;9020502;Obersch\'f6neweide Ost;2019;7;15;2;3;2;2;0;0;1;0;0;0;0;0;809388,1246;5821483,315;13,55432;52,4557\
197760;11;5;5010206;G\'fctersloher Weg;2019;7;14;2;3;0;1;0;0;0;0;1;0;0;0;781396,7463;5830734,375;13,15133;52,55379\
197761;11;4;4051446;Preu\'dfenpark;2019;7;14;2;3;5;2;0;0;0;0;0;1;1;0;792688,9222;5825321,282;13,31265;52,49931\
197762;11;2;2050802;Boxhagener Platz;2019;7;14;2;3;5;3;0;0;1;0;0;0;0;0;802951,1655;5826800,407;13,46471;52,50697\
197763;11;9;9020701;Adlershof West;2019;7;13;2;3;3;2;0;0;1;0;1;0;0;0;809054,4041;5818764,105;13,54691;52,43152\
197764;11;7;7020204;Sch\'f6neberger Insel;2019;7;12;2;2;6;7;0;0;0;1;0;0;1;0;796334,7395;5822992,284;13,36413;52,47646\
197765;11;4;4020310;Park Ruhwald;2019;7;12;2;3;2;6;0;0;1;0;0;0;0;0;790087,4081;5827345,428;13,2762;52,51884\
197766;11;3;3061126;Arnimplatz;2019;7;12;2;3;5;2;0;1;1;0;0;0;0;0;798218,8879;5831596,932;13,3995;52,55257\
197767;11;2;2020203;Viktoriapark;2019;7;11;2;3;5;3;0;1;1;0;0;0;0;0;797772,1162;5824035,105;13,38616;52,48503\
197768;11;10;10020622;Kaulsdorf Nord I;2019;7;11;2;2;5;2;0;0;1;0;0;0;0;0;811209,6329;5828853,203;13,58792;52,52071\
197769;11;9;9030901;Dorf Altglienicke;2019;7;9;2;3;6;4;0;0;1;1;0;0;0;0;808587,58;5817624,475;13,53902;52,42157\
197770;11;2;2040502;Friedenstra\'dfe;2019;7;9;2;3;5;2;0;1;1;0;0;0;0;0;801247,6083;5827817,05;13,44061;52,51702\
197771;11;4;4051551;Brabanter Platz;2019;7;9;2;3;2;6;0;0;1;0;0;0;0;0;792954,6976;5823333,796;13,31481;52,48135\
197772;11;5;5020627;Tiefwerder;2019;7;11;2;2;8;1;0;0;1;0;0;0;0;0;785406,5245;5827917,12;13,20789;52,52644\
197773;11;2;2030302;Lausitzer Platz;2019;7;18;2;3;0;1;0;1;0;0;0;0;0;1;800744,9878;5826524,979;13,43206;52,50572\
197774;11;2;2010102;Mehringplatz;2019;7;19;2;3;0;1;0;1;0;0;0;0;0;1;797954,21;5826221,374;13,39079;52,50453\
197775;11;4;4010102;Pl\'f6tzensee;2019;7;8;2;3;3;6;0;0;1;0;0;0;1;0;793345,5481;5829701,877;13,32616;52,53823\
197776;11;8;8010118;Silbersteinstra\'dfe;2019;7;7;2;3;2;2;0;1;1;0;0;0;0;0;800770,9391;5822754,222;13,42904;52,4719\
197777;11;2;2050802;Boxhagener Platz;2019;7;6;2;3;2;6;0;0;1;0;1;0;0;0;802034,753;5827168,587;13,45159;52,51077\
197778;11;6;6020408;Lichterfelde S\'fcd;2019;7;20;1;3;0;1;0;1;0;0;0;0;0;0;792685,3396;5816255,374;13,30465;52,41804\
197779;11;7;7010101;Wittenbergplatz/Viktoria-Luise-Platz;2019;7;14;1;3;2;6;0;0;1;0;1;0;0;0;794490,9078;5824873,772;13,33872;52,49433\
197780;11;5;5030731;Gartenfelder Stra\'dfe;2019;7;13;1;3;2;6;0;0;1;0;0;0;0;0;787405,146;5829457,203;13,2386;52,5392\
197781;11;1;1011202;Unter den Linden Nord;2019;7;17;1;3;0;7;0;0;0;0;0;0;1;0;798149,4495;5828008,425;13,39526;52,52044\
197782;11;1;1011303;Alexanderplatzviertel;2019;7;22;1;3;0;4;2;0;0;1;1;0;0;0;798499,2072;5828167,118;13,40054;52,52167\
197783;11;8;8010510;Gewerbegebiet K\'f6llnische Heide;2019;7;18;1;3;0;1;0;1;0;0;0;0;0;0;802547,3641;5822134,889;13,45455;52,46537\
197784;11;8;8040933;Vogelviertel S\'fcd;2019;7;16;1;3;5;7;0;0;1;0;0;0;0;0;803518,4075;5818925,21;13,46588;52,43607\
197785;11;1;1011102;Gro\'dfer Tiergarten;2019;7;16;1;3;1;5;0;0;1;0;0;0;1;0;796816,6964;5827811,613;13,3755;52,5194\
197786;11;7;7030303;Grazer Platz;2019;7;15;1;2;2;6;0;0;1;0;1;0;0;0;795340,4104;5821501,027;13,34821;52,46363\
197787;11;1;1011304;Karl-Marx-Allee;2019;7;15;1;3;0;1;0;0;0;0;0;0;1;0;799954,8444;5828561,921;13,42229;52,52441\
197788;11;2;2050804;Stralauer Halbinsel;2019;7;9;1;3;5;2;0;1;0;0;0;0;1;0;803120,208;5825676,768;13,46617;52,4968\
197789;11;2;2010103;Moritzplatz;2019;7;10;7;3;0;1;0;1;0;0;0;0;0;0;799486,2656;5826075,855;13,41316;52,50238\
197790;11;2;2040502;Friedenstra\'dfe;2019;7;17;7;3;0;3;0;1;1;0;0;0;0;0;800938,9236;5828520,101;13,43671;52,52349\
197791;11;8;8010404;Rixdorf;2019;7;23;7;3;0;7;2;1;0;0;0;0;1;0;801808,5509;5823647,437;13,44507;52,47934\
197792;11;6;6030503;Zehlendorf Mitte;2019;7;18;7;3;5;3;0;1;1;0;0;0;0;0;789259,0559;5818045,547;13,25596;52,43591\
197793;11;8;8010301;Reuterkiez;2019;7;18;7;3;0;6;0;0;1;0;1;0;0;0;800802,9232;5825036,241;13,43156;52,49234\
197794;11;1;1022103;Westhafen;2019;7;17;7;3;2;6;0;0;1;0;0;0;0;0;793878,2203;5830057,55;13,3343;52,54113\
197795;11;4;4051448;Schaperstra\'dfe;2019;7;16;7;3;2;6;0;0;1;0;0;0;0;0;794310,327;5825265,978;13,33642;52,49794\
197796;11;4;4030725;Amtsgerichtsplatz;2019;7;16;7;3;5;2;0;0;1;0;0;0;0;0;791910,6703;5826241,686;13,30202;52,50798\
197797;11;1;1033101;Soldiner Stra\'dfe;2019;7;16;7;3;5;2;0;1;1;0;0;0;0;0;797380,5277;5832454,199;13,38794;52,56071\
197798;11;6;6040806;Fischtal;2019;7;15;7;2;6;4;0;0;1;1;0;0;0;0;788813,4905;5819565,809;13,25073;52,44977\
197799;11;8;8010301;Reuterkiez;2019;7;23;7;3;0;6;2;0;0;0;1;0;0;0;800693,6109;5824376,777;13,42936;52,48649\
197800;11;1;1022207;Hansaviertel;2019;8;7;4;3;6;4;0;0;1;1;0;0;0;0;794722,14;5827403,2;13,34436;52,51688\
197801;11;5;5020524;Weinmeisterhornweg;2019;8;6;4;3;5;2;0;0;1;0;0;0;0;0;783902,0376;5826598,354;13,18465;52,5154\
197802;11;9;9051702;B\'f6lschestra\'dfe;2019;8;7;4;2;6;7;0;0;0;1;0;0;1;0;814090,9362;5820779,314;13,62264;52,44671\
197803;11;5;5010101;Hakenfelde Nord;2019;8;7;4;3;0;1;0;1;0;0;0;0;0;0;785752,9864;5833148,226;13,21749;52,57316\
197804;11;3;3061126;Arnimplatz;2019;8;18;3;3;0;5;0;1;1;0;0;0;0;0;798990,5256;5831447,339;13,41071;52,5508\
197805;11;1;1022206;L\'fcneburger Stra\'dfe;2019;8;17;3;2;6;7;0;0;0;1;0;0;1;0;795778,1337;5828197,658;13,36058;52,52343\
197806;11;1;1011202;Unter den Linden Nord;2019;8;13;3;3;6;4;0;1;0;1;0;0;0;0;798503,6639;5827866,87;13,40034;52,51898\
197807;11;3;3071536;Teutoburger Platz;2019;8;18;3;3;1;5;0;1;1;0;0;0;1;0;799076,3458;5830209,542;13,41086;52,53966\
197808;11;9;9020502;Obersch\'f6neweide Ost;2019;8;16;3;2;6;4;0;0;0;1;1;0;0;0;808003,4203;5821567,833;13,53409;52,45724\
197809;11;3;3061429;Greifswalder Stra\'dfe;2019;8;16;3;3;5;2;0;1;1;0;0;0;0;0;801324,399;5831012,737;13,44464;52,54562\
197810;11;1;1022101;Huttenkiez;2019;8;15;3;3;2;6;0;0;1;0;0;0;0;0;793620,3421;5828131,124;13,32881;52,524\
197811;11;8;8010406;Treptower Stra\'dfe Nord;2019;8;18;3;3;1;5;1;1;1;0;0;0;0;0;801886,179;5824407,018;13,4469;52,4861\
197812;11;7;7040403;Manteuffelstra\'dfe;2019;8;18;3;3;6;2;0;0;1;1;0;0;0;0;797839,4215;5822204,983;13,38552;52,46859\
197813;11;7;7010102;Nollendorfplatz;2019;8;18;3;3;6;4;0;0;1;1;0;0;0;0;794949,8822;5825395,214;13,34593;52,49875\
197814;11;10;10040933;Mahlsdorf S\'fcd;2019;8;18;3;3;1;5;0;1;1;0;0;0;0;0;812119,7102;5825410,824;13,59807;52,48935\
197815;11;3;3071633;Th\'e4lmannpark;2019;8;17;3;3;3;6;0;1;0;0;0;0;0;0;800030,146;5830416,315;13,42507;52,54099\
197816;11;8;8010214;Glasower Stra\'dfe;2019;8;17;3;3;5;2;0;1;1;0;0;0;0;0;801751,4353;5822053,178;13,44279;52,46508\