OBJECTID;LAND;BEZ;LOR;STRASSE;UJAHR;UMONAT;USTUNDE;UWOCHENTAG;UKATEGORIE;UART;UTYP1;ULICHTVERH;IstRad;IstPKW;IstFuss;IstKrad;IstGkfz;IstSonstige;USTRZUSTAND;LINREFX;LINREFY;XGCSWGS84;YGCSWGS84\
198361;11;3;3061228;Erich-Weinert-Stra\'dfe;2019;8;16;5;3;0;6;0;1;0;0;0;0;1;0;800676,1451;5831379,892;13,43544;52,54927\
198362;11;4;4030929;Hindemithplatz;2019;8;9;6;3;1;5;0;1;0;0;0;0;1;0;792496,9924;5825773,292;13,31023;52,50346\
198363;11;3;3061430;Volkspark Prenzlauer Berg;2019;8;9;5;2;5;2;0;1;1;0;0;0;0;0;802413,2504;5829232,049;13,45902;52,52906\
198364;11;7;7010104;Dennewitzplatz;2019;8;15;6;2;5;2;0;1;0;0;0;0;1;0;796687,5014;5824815,48;13,37093;52,49262\
198365;11;3;3061228;Erich-Weinert-Stra\'dfe;2019;8;14;5;3;5;2;0;1;1;0;0;0;0;0;800237,8485;5831183,083;13,42881;52,54775\
198366;11;1;1044202;Sparrplatz;2019;8;15;6;3;0;1;0;0;0;0;1;0;0;0;795623,3802;5830524,891;13,36038;52,54437\
198367;11;2;2010102;Mehringplatz;2019;8;9;5;3;6;7;0;0;1;1;0;0;0;0;797959,767;5826222,35;13,39087;52,50453\
198368;11;2;2040703;Wriezener Bahnhof/Entwicklungsgebiet;2019;8;9;6;3;5;3;0;1;1;0;0;0;0;0;801755,4664;5826262,313;13,44666;52,50281\
198369;11;4;4030930;George-Grosz-Platz;2019;8;18;5;3;6;2;0;0;1;1;0;0;0;0;793139,5995;5825769,424;13,31966;52,50308\
198370;11;1;1011104;K\'f6rnerstra\'dfe;2019;8;14;6;2;5;3;0;1;1;0;0;0;0;0;796322,4473;5825939,404;13,36657;52,50289\
198371;11;7;7050502;Fritz-Werner-Stra\'dfe;2019;8;18;5;3;1;5;0;1;1;0;0;0;0;0;798092,7355;5818431,367;13,38587;52,43462\
198372;11;8;8010301;Reuterkiez;2019;8;23;5;3;2;2;2;0;1;0;0;0;0;0;800790,8062;5824328,663;13,43075;52,48601\
198373;11;6;6010209;Feuerbachstra\'dfe;2019;8;14;6;3;5;2;0;0;1;0;1;0;0;0;794656,7601;5820891,288;13,33764;52,45854\
198374;11;11;11051229;Rummelsburg;2019;8;22;5;3;0;1;2;1;0;0;0;0;0;0;803787,423;5826193,366;13,47644;52,50106\
198375;11;8;8030830;Gropiusstadt S\'fcd;2019;8;14;6;3;2;6;0;0;1;0;0;0;0;0;802661,4427;5818106,211;13,45257;52,4292\
198376;11;1;1011303;Alexanderplatzviertel;2019;8;22;5;3;2;6;2;0;1;0;1;0;0;0;799639,0966;5828700,216;13,41777;52,52582\
198377;11;5;5020625;Borkumer Stra\'dfe;2019;8;20;5;3;2;6;0;0;1;0;0;0;0;0;784654,507;5828610,657;13,19743;52,53305\
198378;11;6;6020303;Lankwitz Kirche;2019;8;14;6;3;0;6;0;1;0;0;0;0;0;0;795421,702;5818017,868;13,34632;52,43237\
198379;11;12;12302109;Treuenbrietzener Stra\'dfe;2019;8;20;5;3;6;7;1;0;1;1;0;0;0;0;795688,2284;5837006,102;13,36711;52,60244\
198380;11;3;3061227;Humannplatz;2019;8;9;6;3;5;3;0;1;1;0;0;0;0;0;800107,8411;5831704,331;13,42737;52,55249\
198381;11;1;1044202;Sparrplatz;2019;8;18;5;3;2;7;0;1;1;0;0;0;0;0;795552,037;5830735,247;13,35952;52,5463\
198382;11;11;11020514;Gro\'dfe-Leege-Stra\'dfe;2019;8;14;6;2;2;2;0;1;1;0;0;0;0;0;804735,6719;5831197,811;13,49496;52,54538\
198383;11;10;10040933;Mahlsdorf S\'fcd;2019;8;17;5;3;0;7;0;1;0;0;0;0;0;0;812538,0793;5825004,972;13,60383;52,48547\
198384;11;6;6040703;Nikolassee;2019;8;13;6;2;0;3;0;1;0;0;1;0;0;0;787137,1802;5817203,306;13,22411;52,42947\
198385;11;1;1011204;Leipziger Stra\'dfe;2019;8;17;5;3;1;1;0;0;1;0;1;0;0;0;798844,8777;5827406,885;13,40494;52,51467\
198386;11;1;1011305;Heine-Viertel West;2019;8;17;5;3;2;6;0;0;1;0;0;0;0;0;799411,0447;5826447,833;13,41239;52,50576\
198387;11;8;8020622;Parchimer Allee;2019;8;13;6;3;5;2;0;0;1;0;0;0;0;0;802364,1047;5819912,369;13,44985;52,44555\
198388;11;8;8041037;Alt-Rudow;2019;8;13;6;3;5;2;0;1;1;0;0;0;0;0;805240,4291;5818112,762;13,49039;52,42783\
198389;11;11;11051330;Karlshorst West;2019;8;17;5;3;0;6;0;1;0;0;0;0;0;0;807213,4817;5825535,11;13,52615;52,49324\
198390;11;3;3040818;Pankow S\'fcd;2019;8;13;6;3;5;3;0;0;1;0;0;0;0;0;799483,2694;5831961,425;13,41842;52,55514\
198391;11;1;1044202;Sparrplatz;2019;8;16;5;3;5;3;0;1;1;0;0;0;0;0;795460,5523;5830151,393;13,35765;52,54111\
198392;11;7;7040405;Rathaus Tempelhof;2019;8;13;6;3;2;6;0;1;1;0;0;0;0;0;798029,2977;5821092,815;13,38731;52,45852\
198393;11;3;3040508;Rosenthal;2019;8;16;5;2;0;1;0;0;0;0;1;0;0;1;796252,8901;5836386,066;13,37487;52,59657\
198394;11;7;7040401;Neu-Tempelhof;2019;8;15;5;3;5;2;0;1;1;0;0;0;0;0;798741,1515;5823947,037;13,40031;52,48371\
198395;11;1;1011102;Gro\'dfer Tiergarten;2019;8;8;6;3;2;6;0;1;1;0;0;0;0;0;795142,2051;5827068,647;13,35023;52,51365\
198396;11;1;1011201;Wilhelmstra\'dfe;2019;8;8;6;2;4;6;0;1;1;0;0;0;0;0;797656,124;5826533,363;13,38669;52,50749\
198397;11;9;9020802;K\'f6llnische Vorstadt;2019;8;15;5;3;0;6;0;1;1;0;0;0;0;0;810290,5475;5820232,745;13,5664;52,44398\
198398;11;7;7010102;Nollendorfplatz;2019;8;15;5;3;6;4;0;0;1;1;0;0;0;0;795109,3886;5825630,814;13,34848;52,50078\
198399;11;6;6010209;Feuerbachstra\'dfe;2019;8;7;6;3;5;3;0;1;1;0;0;0;0;0;794305,8176;5820843,585;13,33245;52,4583\
198400;11;9;9020502;Obersch\'f6neweide Ost;2019;8;15;5;3;2;6;0;0;1;0;0;0;0;0;808550,2719;5821662,088;13,5422;52,45778\
198401;11;1;1022104;Emdener Stra\'dfe;2019;8;7;6;3;4;4;0;1;0;1;0;0;0;0;794565,5548;5828688,546;13,3432;52,52848\
198402;11;1;1044201;Reinickendorfer Stra\'dfe;2019;8;16;5;3;5;3;0;1;1;0;0;0;0;1;796705,2814;5831623,596;13,37727;52,55363\
198403;11;1;1011202;Unter den Linden Nord;2019;8;16;5;3;5;3;0;1;1;0;0;0;0;0;798164,3527;5827654,87;13,39516;52,51726\
198404;11;8;8020619;Buschkrugallee Nord;2019;8;7;6;3;1;4;0;0;1;1;1;0;0;0;801522,7374;5820826,28;13,43833;52,45421\
198405;11;3;3050920;Wei\'dfer See;2019;8;15;5;3;6;4;0;0;1;1;0;0;0;0;801899,622;5831983,95;13,45398;52,55401\
198406;11;4;4020313;K\'f6nigin-Elisabeth-Stra\'dfe;2019;8;6;6;3;5;3;0;0;1;0;1;0;0;0;790313,5771;5826032,152;13,27838;52,50695\
198407;11;7;7010102;Nollendorfplatz;2019;8;15;5;3;5;7;0;1;1;0;0;0;0;0;795138,7782;5825315,223;13,34863;52,49793\
198408;11;5;5010314;Carl-Schurz-Stra\'dfe;2019;8;6;6;3;5;2;0;1;1;0;0;0;0;0;785169,3366;5829353,742;13,20564;52,53945\
198409;11;2;3061435;Conrad-Blenkle-Stra\'dfe;2019;8;14;5;2;6;4;0;0;1;1;0;0;0;0;801966,1795;5829057,2;13,45229;52,52774\
198410;11;3;3040818;Pankow S\'fcd;2019;8;14;5;3;5;3;0;1;1;0;0;0;0;0;799498,5859;5831955,332;13,41864;52,55508\
198411;11;12;12301203;Wittenau S\'fcd;2019;8;13;5;3;2;6;0;0;1;0;0;0;0;0;792902,968;5835251,063;13,32455;52,58821\
198412;11;1;1011401;Invalidenstra\'dfe;2019;8;13;5;3;2;6;0;0;1;0;1;0;0;0;798237,0972;5829359,982;13,39776;52,53251\
198413;11;1;1022206;L\'fcneburger Stra\'dfe;2019;8;23;5;3;2;6;2;0;1;0;0;0;0;0;796221,3014;5828479,042;13,36734;52,52571\
198414;11;12;12214125;Waldidyll/Flughafensee;2019;8;17;5;3;5;3;0;0;1;0;1;0;0;0;788332,6224;5832049,025;13,25449;52,56194\
198415;11;3;3040818;Pankow S\'fcd;2019;8;12;5;3;2;6;0;0;1;0;0;0;0;0;799062,2721;5833193,75;13,41334;52,56642\
198416;11;1;1022106;Elberfelder Stra\'dfe;2019;8;10;5;3;0;2;0;1;1;0;0;0;0;0;793674,4089;5828112,209;13,32959;52,5238\
198417;11;2;2010103;Moritzplatz;2019;8;17;5;3;5;2;0;1;1;0;0;0;0;0;799113,4154;5826283,725;13,40787;52,50445\
198418;11;6;6030504;Teltower Damm;2019;8;10;5;3;5;2;0;0;1;0;1;0;0;0;790571,965;5815974,672;13,27342;52,41665\
198419;11;10;10010311;Landsberger Tor;2019;8;17;5;3;5;2;0;1;1;0;0;0;0;0;810053,6742;5831662,224;13,57356;52,54655\
198420;11;2;2030302;Lausitzer Platz;2019;8;10;5;3;2;6;0;0;1;0;0;0;0;0;801011,697;5825883,728;13,4354;52,49982\
198421;11;12;12214424;Scharnweberstra\'dfe;2019;8;15;5;2;5;2;0;1;1;0;0;0;0;0;793495,5542;5832425,534;13,33077;52,56256\
198422;11;5;5010339;Freiheit;2019;8;16;5;3;5;3;0;0;1;0;0;0;0;0;787735,5191;5828231,707;13,2424;52,52804\
198423;11;11;11030721;R\'fcdigerstra\'dfe;2019;8;16;5;3;5;3;0;1;1;0;0;0;0;0;804284,0592;5828424,809;13,48578;52,52078\
198424;11;12;12224230;Heiligensee;2019;8;12;5;3;0;7;0;0;1;0;0;0;0;0;788053,427;5839250,737;13,25665;52,62666\
198425;11;11;11030618;Fennpfuhl West;2019;8;17;5;2;0;1;0;0;0;0;1;0;0;0;803192,1709;5829600;13,47081;52,53192\
198426;11;2;2020204;Urbanstra\'dfe;2019;8;9;5;3;5;2;0;1;1;0;0;0;0;0;798309,3794;5825390,151;13,39526;52,49688\
198427;11;2;2050803;Stralauer Kiez;2019;8;16;5;3;0;4;0;1;0;1;0;0;0;0;802370,6601;5826043,477;13,4555;52,5005\
198428;11;7;7040405;Rathaus Tempelhof;2019;8;9;5;2;1;5;0;0;1;0;1;0;0;0;798407,4927;5821902,524;13,39358;52,46557\
198429;11;1;1011401;Invalidenstra\'dfe;2019;8;9;5;3;5;3;0;1;0;0;0;0;1;0;797859,3259;5829059,972;13,39194;52,53002\
198430;11;2;2040502;Friedenstra\'dfe;2019;8;16;5;3;5;2;0;0;1;0;1;0;0;0;801248,901;5827827,504;13,44064;52,51711\
198431;11;4;4030623;Ernst-Reuter-Platz;2019;8;8;5;3;2;6;0;0;1;0;0;0;0;0;793044,7455;5826934,701;13,3193;52,51358\
198432;11;4;4030726;Droysenstra\'dfe;2019;8;16;5;3;2;6;0;0;1;0;0;0;1;0;792076,4537;5825815,858;13,30409;52,50407\
198433;11;7;7040401;Neu-Tempelhof;2019;8;8;5;3;2;6;0;1;1;0;0;0;0;0;797179,0299;5823326,309;13,37682;52,479\
198434;11;5;5030730;Zitadellenweg;2019;8;16;5;3;2;6;0;0;1;0;0;0;0;0;785981,2453;5829237,792;13,21748;52,53798\
198435;11;9;9010402;Johannisthal Ost;2019;8;8;5;3;3;6;0;1;0;0;0;0;1;0;807485,6889;5819535,716;13,52462;52,43932\
198436;11;2;2020203;Viktoriapark;2019;8;15;5;2;5;3;0;1;0;0;1;0;0;0;796996,9136;5823989,132;13,37474;52,48504\
198437;11;12;12214424;Scharnweberstra\'dfe;2019;8;8;5;3;6;4;0;0;1;1;0;0;0;0;793343,9246;5832881,72;13,32894;52,56673\
198438;11;2;2020203;Viktoriapark;2019;8;7;5;3;0;1;0;1;0;0;0;0;0;0;797726,9853;5824595,16;13,386;52,49007\
198439;11;10;10020413;Gut Hellersdorf;2019;8;15;5;3;2;6;0;0;1;0;0;0;0;0;811541,362;5830311,123;13,59416;52,53359\
198440;11;1;1033102;Gesundbrunnen;2019;8;15;5;3;3;6;0;0;1;0;0;0;0;0;797666,1466;5831849,729;13,3916;52,55514\
198441;11;12;12231102;Frohnau;2019;8;7;5;3;5;3;0;1;1;0;0;0;0;0;790202,1849;5840072,232;13,28902;52,63288\
198442;11;8;8010212;Rollberg;2019;8;7;5;3;5;2;0;1;1;0;0;0;0;0;801480,2777;5823165,517;13,43982;52,4752\
198443;11;2;2030301;Oranienplatz;2019;8;23;5;2;6;6;2;0;1;1;0;0;0;0;799970,4214;5825685,209;13,41992;52,49862\
198444;11;3;3071638;Winsstra\'dfe;2019;8;7;5;3;1;5;0;1;1;0;0;0;0;0;800273,9053;5829997,352;13,42827;52,5371\
198445;11;2;2020206;Graefekiez;2019;8;22;5;3;1;5;2;1;1;0;1;0;0;0;799646,7109;5825118,546;13,41466;52,49372\
198446;11;9;9030901;Dorf Altglienicke;2019;8;5;5;3;5;3;0;1;1;0;0;0;0;0;807725,1774;5817906,97;13,52663;52,42459\
198447;11;1;1044103;Westliche M\'fcllerstra\'dfe;2019;8;7;5;3;5;3;0;0;1;0;0;0;0;0;795171,7893;5830814,274;13,35399;52,54721\
198448;11;3;3040818;Pankow S\'fcd;2019;8;10;5;3;2;6;0;1;1;0;0;0;0;0;798442,0595;5832220,368;13,40334;52,55803\
198449;11;8;8020622;Parchimer Allee;2019;8;7;5;3;2;6;0;0;1;0;1;0;0;0;801441,6458;5820297,887;13,43666;52,44952\
198450;11;1;1011203;Unter den Linden S\'fcd;2019;8;18;4;2;6;4;1;1;0;1;0;0;0;0;798185,736;5827419,451;13,39527;52,51514\
198451;11;4;4051654;Wilhelmsaue;2019;8;20;5;3;0;7;1;1;0;0;0;0;0;0;793453,8798;5823877,445;13,32261;52,48595\
198452;11;4;4051652;Nikolsburger Platz;2019;8;8;4;3;5;3;0;0;1;0;0;0;0;0;793822,7688;5824454,86;13,32854;52,49093\
198453;11;1;1011203;Unter den Linden S\'fcd;2019;8;18;4;3;6;4;1;1;0;1;0;0;0;0;798178,5838;5827418,388;13,39516;52,51513\
198454;11;11;2050803;Stralauer Kiez;2019;8;19;5;3;5;2;0;1;0;0;1;0;0;0;803298,3376;5826311,12;13,46937;52,50239\
198455;11;2;2010102;Mehringplatz;2019;8;12;4;3;5;2;0;1;0;0;0;0;1;0;797922,37;5826457,303;13,39053;52,50666\
198456;11;3;3061434;Anton-Saefkow-Park;2019;8;18;5;2;5;3;0;1;0;0;0;0;0;0;801465,6586;5829795,009;13,44561;52,53463\
198457;11;6;6010103;Markelstra\'dfe;2019;8;9;4;3;2;7;0;0;1;0;0;0;0;0;793872,9581;5820987,437;13,32622;52,45982\
198458;11;6;6020301;Alt-Lankwitz;2019;8;18;5;3;2;6;0;0;1;0;0;0;0;0;795828,7491;5818153,303;13,35241;52,43336\
198459;11;6;6020304;Kaiser-Wilhelm-Stra\'dfe;2019;8;12;4;3;0;6;0;1;1;0;0;0;0;0;794895,5062;5817963,441;13,33856;52,43216\
198460;11;2;2030401;Reichenberger Stra\'dfe;2019;8;18;5;3;5;2;0;0;1;0;1;0;0;0;800638,7984;5825281,293;13,42938;52,49463\
198461;11;12;12214424;Scharnweberstra\'dfe;2019;8;21;4;2;1;5;2;0;1;0;1;0;0;0;792801,2499;5832751,247;13,32084;52,56585\
198462;11;10;10010309;Springpfuhl;2019;8;21;4;2;5;2;2;0;1;0;1;0;0;0;807954,0506;5830178,217;13,54132;52,53444\
198463;11;7;7040403;Manteuffelstra\'dfe;2019;8;14;5;3;2;6;0;0;1;0;0;0;1;0;797326,1678;5822160,66;13,37794;52,46847\
198464;11;4;4041134;Bismarckallee;2019;8;14;5;2;0;7;0;1;0;0;0;0;0;0;790436,5368;5823930,587;13,27835;52,48804\
198465;11;6;6030605;Botanischer Garten;2019;8;19;4;3;5;3;0;1;1;0;0;0;0;0;792032,6094;5819499,555;13,29791;52,44747\
198466;11;2;2030301;Oranienplatz;2019;8;18;4;3;5;3;0;1;0;0;0;0;1;0;800087,0618;5825638,252;13,42159;52,49813\
198467;11;6;6040804;Krumme Lanke;2019;8;14;5;3;0;5;0;0;0;0;1;0;1;0;787893,7713;5818427,453;13,23626;52,44005\
198468;11;4;4051445;Eisenzahnstra\'dfe;2019;8;18;4;3;5;3;0;1;1;0;0;0;0;0;792314,9976;5824568,099;13,3065;52,49276\
198469;11;8;8020728;Buckow Ost;2019;8;14;5;3;5;3;0;0;1;0;0;0;1;0;802145,9004;5817752,848;13,44469;52,42632\
198470;11;10;10010203;Gewerbegebiet Bitterfelder Stra\'dfe;2019;8;19;4;2;1;1;0;0;1;0;1;0;0;0;807604,1714;5832730,5;13,53854;52,55751\
198471;11;7;7070703;John-Locke-Stra\'dfe;2019;8;13;5;2;1;5;0;0;1;0;1;0;0;0;799628,0443;5813972,831;13,40439;52,39382\
198472;11;12;12103115;Breitkopfbecken;2019;8;16;4;2;0;7;0;0;1;1;0;0;0;0;795668,8017;5833194,238;13,36342;52,56828\
198473;11;1;1011302;Oranienburger Stra\'dfe;2019;8;13;5;3;6;4;0;1;0;1;0;0;0;0;798611,5993;5828991,258;13,40293;52,529\
198474;11;7;7040403;Manteuffelstra\'dfe;2019;8;18;4;3;5;2;0;1;1;0;0;0;0;0;796846,3782;5822343,865;13,37106;52,47037\
198475;11;9;9051901;Dammvorstadt;2019;8;12;5;3;3;6;0;0;1;0;0;0;0;0;811302,9342;5821565,655;13,58249;52,45535\
198476;11;1;1011301;Charit\'e9viertel;2019;8;17;4;3;0;5;0;1;1;0;0;0;0;0;796676,9797;5829751,436;13,37518;52,53687\
198477;11;4;4041137;Flinsberger Platz;2019;8;10;5;3;2;6;0;0;1;0;0;0;1;0;791894,4379;5823948,627;13,29978;52,48743\
198478;11;2;2040703;Wriezener Bahnhof/Entwicklungsgebiet;2019;8;9;5;3;3;6;0;1;1;0;0;0;0;0;801461,7987;5826399,787;13,44247;52,5042\
198479;11;8;8010212;Rollberg;2019;8;9;5;3;5;2;0;1;1;0;0;0;0;0;800975,3024;5823486,157;13,4327;52,47835\
198480;11;6;6010103;Markelstra\'dfe;2019;8;8;5;3;2;6;0;1;1;0;0;0;0;0;793084,8394;5821596,447;13,31519;52,4657\
198481;11;1;1011302;Oranienburger Stra\'dfe;2019;8;8;5;3;2;6;0;0;1;0;1;1;0;0;797640,7595;5828756,597;13,38845;52,52742\
198482;11;3;3030715;Heinersdorf;2019;8;7;5;3;5;3;0;1;1;0;0;0;0;0;801739,727;5833471,906;13,45298;52,56743\
198483;11;2;2020206;Graefekiez;2019;8;7;5;3;2;6;0;0;1;0;0;0;0;0;799581,9113;5824899,881;13,41351;52,49179\
198484;11;2;2010102;Mehringplatz;2019;8;7;5;3;5;2;0;1;1;0;0;0;0;0;798675,2355;5826439,932;13,40158;52,50609\
198485;11;9;9052001;K\'f6penick Nord;2019;8;7;5;3;5;2;0;1;1;0;0;0;0;0;810538,7594;5823205,449;13,5728;52,47048\
198486;11;11;11010206;Wartenberg S\'fcd;2019;8;18;5;2;1;1;0;0;1;0;1;0;0;0;806260,768;5834078,197;13,52003;52,57034\
198487;11;9;9051702;B\'f6lschestra\'dfe;2019;8;16;5;2;0;3;0;0;1;0;1;0;0;0;814217,5797;5821995,719;13,62565;52,45754\
198488;11;6;6030606;Hindenburgdamm;2019;8;10;5;2;1;5;0;1;1;0;0;0;0;0;793617,9659;5819199,879;13,32091;52,44393\
198489;11;7;7010104;Dennewitzplatz;2019;8;14;5;2;0;1;0;1;0;0;0;0;0;0;796025,33;5824503,48;13,36093;52,49018\
198490;11;5;5020628;Graetschelsteig;2019;8;14;5;2;5;3;0;0;1;0;0;0;0;0;784096,0945;5826562,35;13,18747;52,51498\
198491;11;5;5020420;Werkstra\'dfe;2019;8;13;5;2;5;3;0;0;1;0;1;0;0;0;779977,5741;5828118,513;13,12825;52,53106\
198492;11;8;8041037;Alt-Rudow;2019;8;9;5;2;5;3;0;0;1;0;1;0;0;0;805315,3803;5817670,599;13,49109;52,42382\
198493;11;2;2030302;Lausitzer Platz;2019;8;7;5;2;2;6;0;0;1;0;1;0;0;0;800761,0069;5826515,127;13,43228;52,50562\
198494;11;1;1044203;Leopoldplatz;2019;8;12;5;3;3;6;0;0;1;0;0;0;0;0;795621,4101;5831727,613;13,36142;52,55516\
198495;11;7;7010104;Dennewitzplatz;2019;8;5;5;3;1;5;2;1;1;0;0;0;0;0;796307,5454;5825096,137;13,3656;52,49534\
198496;11;5;5010314;Carl-Schurz-Stra\'dfe;2019;8;13;5;3;1;5;0;1;1;0;0;0;0;0;784747,1307;5829286,599;13,19937;52,53906\
198497;11;3;3040818;Pankow S\'fcd;2019;8;7;4;3;6;4;0;1;0;1;0;0;0;0;799618,2406;5832900,919;13,42126;52,56349\
198498;11;8;8010404;Rixdorf;2019;8;8;4;3;6;4;0;1;0;1;0;0;0;0;802359,5687;5823235,852;13,45279;52,47534\
198499;11;6;6040808;H\'fcttenweg;2019;8;21;4;3;1;5;2;1;1;0;0;0;0;0;788665,0191;5821483,92;13,25021;52,46705\
198500;11;1;1011102;Gro\'dfer Tiergarten;2019;8;20;4;3;0;7;1;0;0;0;1;0;1;1;795156,1062;5827069,006;13,35044;52,51365\
198501;11;5;5010207;Darbystra\'dfe;2019;8;20;4;3;0;2;0;0;1;0;1;0;0;0;783691,2322;5830168,797;13,1846;52,54752\
198502;11;7;7020203;Kaiser-Wilhelm-Platz;2019;8;18;4;3;0;3;0;0;1;0;1;0;0;0;795150,7214;5824016,297;13,34765;52,48628\
198503;11;3;3061429;Greifswalder Stra\'dfe;2019;8;17;4;3;6;4;0;1;0;1;0;0;0;0;801035,2388;5830457,001;13,43988;52,5408\
198504;11;2;2020206;Graefekiez;2019;8;18;4;3;3;6;0;1;1;0;0;0;0;0;799736,0135;5825019,823;13,41588;52,49278\
198505;11;1;1033203;Humboldthain Nordwest;2019;8;18;4;3;2;6;0;0;1;0;1;0;0;0;796500,4221;5829913,214;13,37273;52,53841\
198506;11;10;10040931;Mahlsdorf Nord;2019;8;17;4;3;1;5;0;1;1;0;0;0;0;0;814259,5337;5829300,919;13,63315;52,52298\
198507;11;11;11051229;Rummelsburg;2019;8;17;4;3;5;2;0;1;0;0;0;0;1;0;803688,0015;5826242,168;13,47503;52,50155\
198508;11;3;3050925;Komponistenviertel Wei\'dfensee;2019;8;15;4;3;6;2;0;0;1;1;0;0;0;0;802263,6328;5831576,71;13,45896;52,55016\
198509;11;2;2050601;Hausburgviertel;2019;8;17;4;3;5;3;0;1;1;0;0;0;0;0;802168,2566;5828591,814;13,45484;52,52346\
198510;11;4;4030622;Richard-Wagner-Stra\'dfe;2019;8;16;4;3;2;6;0;0;1;0;0;0;1;0;792749,3428;5826830,47;13,31486;52,51281\
198511;11;12;12214421;Reinickes Hof;2019;8;17;4;3;5;2;0;1;1;0;0;0;0;0;793488,8642;5833874,031;13,33195;52,57555\
198512;11;2;2050802;Boxhagener Platz;2019;8;16;4;3;2;6;0;0;0;0;0;0;1;0;802973,6343;5826889,463;13,46513;52,50775\
198513;11;2;2040502;Friedenstra\'dfe;2019;8;16;4;3;0;3;0;0;1;0;1;0;0;0;800868,8215;5828314,388;13,4355;52,52169\
198514;11;8;8020625;Handwerker-Siedlung;2019;8;16;4;3;5;3;0;0;1;0;0;0;0;0;801404,4802;5818946,899;13,4349;52,43743\
198515;11;4;4051654;Wilhelmsaue;2019;8;15;4;3;6;4;0;1;0;1;0;0;0;0;793742,7547;5823682;13,32668;52,48405\
198516;11;6;6030605;Botanischer Garten;2019;8;15;4;3;0;1;0;1;0;0;0;0;0;0;792267,4309;5819359,743;13,30123;52,44609\
198517;11;8;8020619;Buschkrugallee Nord;2019;8;15;4;3;5;2;0;0;1;0;0;0;0;0;801893,317;5821840,913;13,44468;52,4631\
198518;11;1;1022106;Elberfelder Stra\'dfe;2019;8;15;4;3;0;6;0;0;1;0;1;0;0;0;793664,2055;5827984,187;13,32932;52,52266\
198519;11;3;3061441;Eldenaer Stra\'dfe;2019;8;15;4;3;5;3;0;1;0;0;0;0;0;0;802567,4075;5828655,475;13,46076;52,52381\
198520;11;9;9020702;Adlershof Ost;2019;8;14;4;3;0;1;0;1;0;0;0;0;0;0;809146,7124;5819518,235;13,54896;52,43823\
198521;11;9;9020501;Obersch\'f6neweide West;2019;8;14;4;3;5;7;0;0;1;0;1;0;0;0;806274,5894;5822917,38;13,50996;52,47031\
198522;11;1;1044102;Schillerpark;2019;8;14;4;3;1;5;0;0;1;0;0;0;0;0;795113,8365;5832342,275;13,3545;52,56094\
198523;11;9;9051701;Hirschgarten;2019;8;14;4;3;5;3;0;0;1;0;0;0;1;0;813260,2255;5821764,933;13,61139;52,45602\
198524;11;1;1044203;Leopoldplatz;2019;8;13;4;3;5;3;0;0;1;0;0;0;0;0;795610,3147;5830993,841;13,3606;52,54858\
198525;11;4;4041137;Flinsberger Platz;2019;8;13;4;3;2;6;0;0;1;0;0;0;0;0;791022,9453;5823094,627;13,28623;52,48024\
198526;11;8;8010115;Hasenheide;2019;8;13;4;3;5;2;0;1;1;0;0;0;0;0;799850,8722;5823654,82;13,41634;52,48048\
198527;11;5;5030731;Gartenfelder Stra\'dfe;2019;8;12;4;3;6;4;0;1;0;1;0;0;0;0;787999,2505;5830184,595;13,24797;52,54541\
198528;11;1;1033101;Soldiner Stra\'dfe;2019;8;12;4;3;1;5;0;1;1;0;0;0;0;0;796430,8779;5831984,639;13,37355;52,55702\
198529;11;2;2020204;Urbanstra\'dfe;2019;8;11;4;3;5;3;0;1;1;0;0;0;0;0;798493,8601;5825222,624;13,39782;52,49528\
198530;11;1;1011401;Invalidenstra\'dfe;2019;8;11;4;3;6;4;0;0;0;1;0;0;1;0;797477,0948;5829029,491;13,38629;52,52996\
198531;11;8;8010117;Schillerpromenade;2019;8;10;4;3;2;6;0;0;1;0;1;0;0;0;800596,8634;5823190,3;13,42687;52,47591\
198532;11;4;4051655;Babelsberger Stra\'dfe;2019;8;10;4;3;5;2;0;1;1;0;0;0;0;0;793912,9731;5823084,508;13,32866;52,4786\
198533;11;4;4041239;Stadion Wilmersdorf;2019;8;10;4;3;5;2;0;1;0;0;0;0;1;0;792342,9002;5823120,286;13,30564;52,47976\
198534;11;1;1011302;Oranienburger Stra\'dfe;2019;8;9;4;3;5;2;0;1;1;0;0;0;0;0;797758,9468;5828569,808;13,39002;52,52568\
198535;11;12;12304314;Ziekowstra\'dfe/Freie Scholle;2019;8;9;4;3;4;6;0;1;0;0;0;0;0;0;790623,5039;5835959,551;13,29162;52,59578\
198536;11;3;3061430;Volkspark Prenzlauer Berg;2019;8;8;4;3;6;4;0;0;1;1;0;0;0;0;802067,0127;5829584,73;13,45426;52,53241\
198537;11;1;1044101;Rehberge;2019;8;8;4;3;2;7;0;0;1;0;0;0;0;0;794325,1867;5831332,11;13,342;52,55231\
198538;11;1;1033203;Humboldthain Nordwest;2019;8;7;4;3;6;4;0;1;0;1;0;0;0;0;796535,2569;5829880,186;13,37321;52,5381\
198539;11;1;1033102;Gesundbrunnen;2019;8;7;4;3;1;5;0;1;0;0;0;0;1;0;797265,7959;5831276,37;13,3852;52,55022\
198540;11;5;5030731;Gartenfelder Stra\'dfe;2019;8;7;4;3;3;6;0;0;1;0;0;1;0;0;786975,7717;5829474,46;13,2323;52,53958\
198541;11;7;7040404;Marienh\'f6he;2019;8;1;4;3;8;1;2;0;1;0;0;0;0;0;796393,6853;5819743,565;13,36211;52,44731\