OBJECTID;LAND;BEZ;LOR;STRASSE;UJAHR;UMONAT;USTUNDE;UWOCHENTAG;UKATEGORIE;UART;UTYP1;ULICHTVERH;IstRad;IstPKW;IstFuss;IstKrad;IstGkfz;IstSonstige;USTRZUSTAND;LINREFX;LINREFY;XGCSWGS84;YGCSWGS84\
198542;11;8;8010211;Flughafenstra\'dfe;2019;8;1;4;3;5;2;2;0;1;0;0;0;0;0;800419,0002;5823854,194;13,42486;52,48196\
198543;11;1;1022206;L\'fcneburger Stra\'dfe;2019;8;20;4;3;5;2;1;1;1;0;0;0;0;0;796153,5875;5828278,068;13,36617;52,52394\
198544;11;2;2050803;Stralauer Kiez;2019;8;12;4;3;0;2;0;1;1;0;0;0;0;0;802620,5308;5826136,051;13,45925;52,50119\
198545;11;5;5010314;Carl-Schurz-Stra\'dfe;2019;8;17;4;2;5;3;0;1;1;0;0;0;0;0;784800,3362;5828788,293;13,19973;52,53457\
198546;11;9;9020601;Schnellerstra\'dfe;2019;8;14;4;2;3;6;0;1;0;0;0;0;0;0;805741,1314;5821782,362;13,50109;52,46044\
198547;11;1;1044102;Schillerpark;2019;8;12;4;2;6;4;0;0;0;1;1;0;0;0;794812,0042;5831913,829;13,34968;52,55726\
198548;11;10;10040829;Alt-Kaulsdorf;2019;8;7;4;2;5;3;0;1;1;0;0;0;0;0;811349,1206;5827806,52;13,58899;52,51125\
198549;11;11;11020412;Hauptstra\'dfe;2019;8;6;4;2;5;3;0;1;1;0;0;0;0;0;805829,9658;5831862,424;13,51165;52,55073\
198550;11;4;4030519;Kaiserin-Augusta-Allee;2019;8;8;3;3;2;2;0;0;1;0;1;0;0;0;792345,3308;5827971,385;13,30993;52,52325\
198551;11;6;6030608;Schweizer Viertel;2019;8;7;3;3;5;2;0;1;1;0;0;0;0;0;790908,9877;5817458,272;13,27965;52,42977\
198552;11;4;4030518;Tegeler Weg;2019;8;20;3;3;5;3;2;0;1;0;0;0;1;0;791931,5525;5828331,141;13,30416;52,5267\
198553;11;1;1011304;Karl-Marx-Allee;2019;8;19;3;3;0;1;1;1;0;0;0;0;0;0;799681,4884;5827573,205;13,41738;52,5157\
198554;11;4;4020311;Reichsstra\'dfe;2019;8;19;3;3;1;5;1;1;1;0;0;0;0;0;788630,4235;5827480,252;13,2549;52,52083\
198555;11;3;3061228;Erich-Weinert-Stra\'dfe;2019;8;19;3;3;3;6;0;1;0;0;0;0;0;0;800194,0116;5830930,245;13,42794;52,54551\
198556;11;1;1011301;Charit\'e9viertel;2019;8;18;3;3;0;1;0;1;0;0;0;0;0;0;797126,7244;5827886,753;13,38012;52,51991\
198557;11;1;1011303;Alexanderplatzviertel;2019;8;18;3;3;1;5;0;1;1;0;0;0;1;0;799161,5229;5828790,194;13,41084;52,52689\
198558;11;1;1011301;Charit\'e9viertel;2019;8;17;3;3;6;2;0;0;1;1;0;0;0;0;797069,6214;5828181,489;13,37955;52,52258\
198559;11;3;3020210;Herthaplatz;2019;8;17;3;3;5;3;0;0;1;0;1;0;0;0;798474,0529;5834871,82;13,4062;52,58178\
198560;11;1;1044202;Sparrplatz;2019;8;17;3;3;2;6;0;1;1;0;0;0;0;0;795529,3862;5830044,414;13,35857;52,54012\
198561;11;4;4030725;Amtsgerichtsplatz;2019;8;17;3;3;6;4;0;0;1;1;0;0;0;0;791971,9504;5826033,756;13,30274;52,50608\
198562;11;8;8030829;Gropiusstadt Nord;2019;8;17;3;3;2;6;0;0;1;0;0;0;0;0;803012,0959;5818352,712;13,45794;52,43122\
198563;11;4;4030623;Ernst-Reuter-Platz;2019;8;16;3;3;5;3;0;1;1;0;0;0;0;0;793300,7563;5827220,259;13,32331;52,516\
198564;11;9;9030901;Dorf Altglienicke;2019;8;16;3;3;5;2;0;0;1;0;0;0;0;0;808083,5134;5816925,765;13,53098;52,41559\
198565;11;4;4041241;Breite Stra\'dfe;2019;8;16;3;3;5;2;0;1;1;0;0;0;0;0;791412,9934;5822544,936;13,29148;52,4751\
198566;11;7;7040401;Neu-Tempelhof;2019;8;16;3;3;5;2;0;1;1;0;0;0;0;0;797787,572;5823274,241;13,38571;52,4782\
198567;11;10;10030724;Oberfeldstra\'dfe;2019;8;15;3;3;1;5;0;1;1;0;0;0;0;0;808995,1109;5830085,957;13,55654;52,53302\
198568;11;4;4030417;Schlo\'dfstra\'dfe;2019;8;9;3;3;5;2;0;1;1;0;0;0;0;0;791570,9237;5826572,581;13,29732;52,51112\
198569;11;7;7010104;Dennewitzplatz;2019;8;12;1;2;0;7;0;1;0;0;0;0;0;0;796761,9113;5824800,805;13,37201;52,49244\
198570;11;1;1044203;Leopoldplatz;2019;8;4;3;3;5;3;2;0;1;0;0;0;0;1;795884,7312;5831962,531;13,3655;52,55712\
198571;11;3;3030711;Blankenburg;2019;8;15;3;3;0;3;0;0;1;0;1;0;0;0;801422,308;5836110,66;13,45071;52,59126\
198572;11;7;7030303;Grazer Platz;2019;8;14;3;3;0;5;0;1;1;0;0;0;0;0;795037,3795;5821615,549;13,34387;52,46482\
198573;11;7;7040405;Rathaus Tempelhof;2019;8;14;3;3;5;3;0;0;1;0;0;0;1;0;798890,1398;5820866,074;13,39974;52,45601\
198574;11;1;1011104;K\'f6rnerstra\'dfe;2019;8;14;3;3;5;2;0;1;1;0;0;0;0;0;796269,6227;5825956,003;13,36581;52,50307\
198575;11;8;8041038;Wa\'dfmannsdorfer Chaussee;2019;8;14;3;3;6;4;0;0;1;1;0;0;0;0;805722,8496;5816779,874;13,49625;52,41561\
198576;11;10;10020517;Adele-Sandrock-Stra\'dfe;2019;8;13;3;3;5;2;0;1;1;0;0;0;0;0;813368,613;5830132,338;13,62085;52,53094\
198577;11;1;1011301;Charit\'e9viertel;2019;8;12;3;3;5;3;0;0;1;0;1;0;0;0;797034,898;5829317,032;13,38005;52,53278\
198578;11;4;4010102;Pl\'f6tzensee;2019;8;12;3;3;2;6;0;0;1;0;0;0;0;0;793261,2306;5830061,76;13,32524;52,5415\
198579;11;3;3050919;Gustav-Adolf-Stra\'dfe;2019;8;12;3;3;2;6;0;0;1;0;0;0;0;0;800954,2663;5832147,621;13,44022;52,556\
198580;11;1;1044203;Leopoldplatz;2019;8;5;3;3;5;3;1;1;1;0;0;0;0;0;795878,6741;5831927,792;13,36538;52,55681\
198581;11;7;7020204;Sch\'f6neberger Insel;2019;8;11;3;3;3;6;0;1;0;0;0;0;1;0;796284,1819;5823196,035;13,36357;52,47832\
198582;11;4;4020311;Reichsstra\'dfe;2019;8;11;3;3;5;3;0;0;1;0;0;0;0;0;789992,273;5826317,665;13,2739;52,50968\
198583;11;6;6020411;Sch\'fctte-Lanz-Stra\'dfe;2019;8;10;3;3;5;3;0;1;1;0;0;0;0;0;794846,4269;5815349,536;13,33554;52,40876\
198584;11;7;7030301;Friedenau;2019;8;10;3;3;4;6;0;1;0;0;0;0;0;0;793883,0154;5821558,935;13,32687;52,46494\
198585;11;9;9030901;Dorf Altglienicke;2019;8;9;3;3;5;3;0;0;1;0;0;1;0;0;807573,534;5815427,807;13,52213;52,40246\
198586;11;6;6030607;Goerzwerke;2019;8;9;3;3;6;4;0;1;0;1;0;0;0;0;792991,2081;5817715,348;13,31041;52,43096\
198587;11;3;3040513;Sch\'f6nholz;2019;8;8;3;3;5;2;0;0;1;0;1;0;0;0;798049,9717;5833597,711;13,39881;52,57059\
198588;11;1;1022104;Emdener Stra\'dfe;2019;8;8;3;3;5;7;0;0;1;0;1;0;0;0;793607,2912;5829133,36;13,3295;52,53299\
198589;11;7;7030303;Grazer Platz;2019;8;7;3;3;6;4;0;1;0;1;0;0;0;0;795890,0336;5820828,643;13,35568;52,45731\
198590;11;4;4030726;Droysenstra\'dfe;2019;8;8;3;3;3;6;0;1;0;0;0;0;1;0;792135,541;5825303,805;13,30451;52,49945\
198591;11;8;8041037;Alt-Rudow;2019;8;7;3;3;5;2;0;1;0;0;0;0;1;0;805395,3381;5817297,758;13,49192;52,42044\
198592;11;3;3030406;Alt-Karow;2019;8;7;3;3;5;2;0;1;0;0;0;0;0;0;803626,0358;5838990,042;13,48578;52,61584\
198593;11;1;1011306;Heine-Viertel Ost;2019;8;7;3;3;5;5;0;1;1;0;0;0;0;0;799862,7028;5826725,432;13,41928;52,508\
198594;11;1;3071537;Kollwitzplatz;2019;8;6;3;3;3;6;0;0;1;0;1;0;0;0;799500,6008;5828868,913;13,41589;52,52741\
198595;11;11;11030721;R\'fcdigerstra\'dfe;2019;8;16;3;2;0;3;0;1;0;0;0;0;0;0;804769,7815;5827953,595;13,49248;52,51629\
198596;11;10;10010102;Havemannstra\'dfe;2019;8;6;3;3;5;2;1;1;0;0;0;0;1;0;809357,6489;5834278,683;13,56577;52,57039\
198597;11;12;12304313;Borsigwalde;2019;8;13;3;2;8;6;0;0;1;0;0;0;0;0;791404,6232;5834248,616;13,30161;52,58003\
198598;11;9;9010401;Johannisthal West;2019;8;9;3;2;1;5;0;1;0;0;0;0;1;0;805750,4818;5821343,165;13,50083;52,45649\
198599;11;2;2030301;Oranienplatz;2019;8;9;3;3;1;5;0;1;1;0;0;0;1;0;800078,7317;5825915,568;13,42172;52,50062\
198600;11;7;7030303;Grazer Platz;2019;8;10;3;3;2;6;0;0;1;0;0;0;0;0;794605,1715;5821838,041;13,33772;52,46705\
198601;11;12;12103117;Letteplatz;2019;8;15;2;3;6;4;0;0;0;1;1;0;0;0;795902,0471;5832722,152;13,36643;52,56392\
198602;11;6;6040804;Krumme Lanke;2019;8;18;2;3;6;7;0;1;0;1;0;0;0;0;787950,9967;5818881,167;13,23749;52,44409\
198603;11;6;6030504;Teltower Damm;2019;8;18;2;3;2;6;0;1;1;0;0;0;0;0;789778,9538;5815904,519;13,26173;52,41644\
198604;11;12;12103219;Sch\'e4fersee;2019;8;17;2;3;5;2;0;1;0;0;0;0;1;0;795649,9105;5833011,387;13,36298;52,56665\
198605;11;2;2030301;Oranienplatz;2019;8;17;2;3;5;3;0;1;1;0;0;0;0;0;800066,633;5825920,046;13,42155;52,50067\
198606;11;3;3061441;Eldenaer Stra\'dfe;2019;8;17;2;3;2;7;0;0;1;0;0;0;0;0;802330,5613;5828713,97;13,45734;52,52446\
198607;11;6;6030504;Teltower Damm;2019;8;16;2;3;2;6;0;1;1;0;0;0;0;0;788970,5622;5816397,228;13,2503;52,42128\
198608;11;7;7030301;Friedenau;2019;8;16;2;3;0;7;0;1;0;0;0;0;0;0;793916,2284;5822504,204;13,32819;52,4734\
198609;11;1;1022102;Beusselkiez;2019;8;16;2;3;5;3;0;1;0;0;0;0;0;0;793300,5265;5828392,318;13,32434;52,52651\
198610;11;4;4041136;Hagenplatz;2019;8;16;2;3;1;5;0;0;1;0;0;0;0;0;790673,2405;5822906,085;13,28093;52,47873\
198611;11;11;11041128;Sewanstra\'dfe;2019;8;10;2;3;0;7;0;1;0;0;0;0;0;0;805549,0526;5825408,884;13,5016;52,49305\
198612;11;1;1044201;Reinickendorfer Stra\'dfe;2019;9;12;2;3;0;4;0;0;0;1;0;0;1;0;796436,7502;5831957,511;13,37361;52,55677\
198613;11;1;1033102;Gesundbrunnen;2019;8;20;2;3;5;3;2;1;1;0;0;0;0;0;797140,9446;5831804,109;13,38383;52,55501\
198614;11;9;9010402;Johannisthal Ost;2019;9;15;2;3;5;3;0;1;1;0;0;0;0;0;807012,5646;5820000,545;13,51811;52,44375\
198615;11;11;11030721;R\'fcdigerstra\'dfe;2019;9;7;2;3;3;2;0;1;1;0;0;0;0;0;804303,0644;5828174,553;13,48583;52,51853\
198616;11;11;11010310;M\'fchlengrund;2019;8;16;2;3;2;6;0;0;1;0;0;0;1;0;805511,2631;5833361,652;13,50835;52,56434\
198617;11;2;2050801;Traveplatz;2019;8;15;2;3;5;2;0;1;0;0;1;0;0;0;803466,787;5827006,257;13,47248;52,50852\
198618;11;4;4051445;Eisenzahnstra\'dfe;2019;9;11;2;3;2;2;0;0;1;0;0;1;0;0;792490,9426;5824356,459;13,30889;52,49077\
198619;11;6;6040808;H\'fcttenweg;2019;9;11;2;3;2;6;0;0;1;0;1;0;0;0;790054,6454;5819391,936;13,2688;52,44756\
198620;11;10;10020517;Adele-Sandrock-Stra\'dfe;2019;8;15;2;3;2;6;0;0;1;0;0;0;0;0;813230,6983;5830142,03;13,61883;52,53111\
198621;11;6;6020301;Alt-Lankwitz;2019;9;10;2;2;2;6;0;0;1;0;0;0;0;0;796742,4901;5818424,507;13,36606;52,4353\
198622;11;9;9020802;K\'f6llnische Vorstadt;2019;8;15;2;3;0;3;0;1;1;0;0;0;0;0;810488,3211;5820100,09;13,56918;52,44268\
198623;11;1;1033202;Humboldthain S\'fcd;2019;9;11;2;3;2;2;0;0;1;0;0;0;0;0;797772,4613;5829743,966;13,39127;52,5362\
198624;11;1;1033102;Gesundbrunnen;2019;8;15;2;3;2;6;0;0;1;0;0;0;1;0;797165,0892;5831383,595;13,38381;52,55123\
198625;11;8;8041036;Zittauer Stra\'dfe;2019;9;11;2;3;5;3;0;0;1;0;0;0;0;0;805268,6566;5817249,913;13,49002;52,42008\
198626;11;5;5010101;Hakenfelde Nord;2019;8;15;2;3;5;3;0;1;1;0;0;0;0;0;785421,3354;5833134,883;13,21259;52,57321\
198627;11;12;12214424;Scharnweberstra\'dfe;2019;9;11;2;3;3;6;0;0;1;0;0;0;0;0;793403,2709;5832502,841;13,32948;52,5633\
198628;11;7;7010104;Dennewitzplatz;2019;9;7;2;3;2;7;0;0;0;0;1;0;1;0;796407,4256;5824314,507;13,36637;52,48828\
198629;11;6;6030608;Schweizer Viertel;2019;8;14;2;3;0;1;0;1;0;0;0;0;0;0;791400,7932;5817792,549;13,28715;52,4325\
198630;11;4;4030621;Spreestadt;2019;8;12;2;3;5;3;0;1;1;0;0;0;0;0;793598,7198;5827934,896;13,32832;52,52225\
198631;11;9;9051901;Dammvorstadt;2019;9;10;2;3;0;1;0;1;0;0;0;0;0;0;810822,0614;5820754,912;13,57468;52,44836\
198632;11;1;1011203;Unter den Linden S\'fcd;2019;8;11;2;3;2;6;0;1;1;0;0;0;0;0;797818,9095;5827085,093;13,38958;52,51234\
198633;11;1;1011203;Unter den Linden S\'fcd;2019;9;7;2;3;1;5;0;1;1;0;0;0;0;0;797614,4145;5827324,514;13,38679;52,5146\
198634;11;2;2050602;Samariterviertel;2019;8;13;2;3;5;3;0;1;1;0;0;0;0;0;802416,3728;5828159,991;13,45809;52,51945\
198635;11;9;9010401;Johannisthal West;2019;9;14;2;3;5;3;0;1;1;0;0;0;0;0;806231,885;5820330,035;13,50696;52,44714\
198636;11;6;6040807;Zehlendorf Eiche;2019;8;11;2;2;5;2;0;1;1;0;0;0;0;0;790266,0254;5818425,522;13,27106;52,43878\
198637;11;1;1011401;Invalidenstra\'dfe;2019;9;10;2;3;0;1;0;1;1;0;0;0;0;0;797923,3745;5829296,063;13,39309;52,53211\
198638;11;11;11030619;Fennpfuhl Ost;2019;8;10;2;3;0;6;0;0;1;0;1;0;0;0;803642,637;5829518,394;13,47735;52,53094\
198639;11;10;10040933;Mahlsdorf S\'fcd;2019;9;10;2;3;2;6;0;0;0;0;1;1;0;0;812374,4361;5824004,558;13,60049;52,4766\
198640;11;1;1011102;Gro\'dfer Tiergarten;2019;9;14;2;3;5;3;0;0;1;0;1;0;0;0;795049,7504;5827190,349;13,34898;52,51479\
198641;11;2;2050801;Traveplatz;2019;8;10;2;3;5;5;0;1;0;0;0;0;1;0;803578,7314;5827251,324;13,47434;52,51066\
198642;11;2;2010104;Wassertorplatz;2019;9;10;2;3;5;3;0;0;1;0;0;0;1;0;799332,8143;5825643,201;13,41052;52,49859\
198643;11;8;8041035;Blumenviertel;2019;8;9;2;3;5;3;0;0;1;0;0;0;0;0;804756,5053;5818460,742;13,48361;52,43121\
198644;11;10;10030727;Biesdorf S\'fcd;2019;9;9;2;3;2;6;0;1;1;0;0;0;0;0;809581,4019;5824963,399;13,56039;52,48678\
198645;11;1;1022204;Thomasiusstra\'dfe;2019;9;9;2;2;5;2;0;0;1;0;1;0;0;0;795118,309;5828260,673;13,35094;52,52435\
198646;11;4;4030623;Ernst-Reuter-Platz;2019;8;9;2;3;0;1;0;1;0;0;0;0;0;0;793790,1327;5826938,358;13,33025;52,51321\
198647;11;4;4020311;Reichsstra\'dfe;2019;9;9;2;2;6;7;0;0;0;1;0;0;1;0;789630,8045;5826519,391;13,26877;52,51168\
198648;11;12;12214422;Klixstra\'dfe;2019;8;8;2;3;1;1;0;0;1;0;0;0;0;0;792267,4101;5833460,096;13,31362;52,5725\
198649;11;4;4051653;Prager Platz;2019;9;8;2;3;2;6;0;0;1;0;1;0;0;0;793993,3384;5824432,048;13,33102;52,49064\
198650;11;2;2010104;Wassertorplatz;2019;8;8;2;3;2;6;0;0;1;0;0;0;0;0;799111,5059;5825616,935;13,40725;52,49848\
198651;11;9;9041501;Altstadt Kietz;2019;9;8;2;2;2;6;0;0;1;0;0;0;0;0;811044,5871;5820290,889;13,57751;52,44408\
198652;11;4;4051446;Preu\'dfenpark;2019;8;7;2;3;5;2;0;1;1;0;0;0;0;0;792924,6834;5824369,308;13,31528;52,49065\
198653;11;4;4030417;Schlo\'dfstra\'dfe;2019;9;8;2;3;5;2;0;1;1;0;0;0;0;0;790879,5383;5826740,671;13,28731;52,513\
198654;11;7;7030303;Grazer Platz;2019;9;10;2;2;9;7;0;0;1;0;0;0;0;0;795814,9036;5820978,976;13,35471;52,4587\
198655;11;6;6020410;Oberhofer Platz;2019;8;7;2;3;5;2;0;1;1;0;0;0;0;0;794097,1478;5817420,813;13,32637;52,42773\
198656;11;2;2040701;Andreasviertel;2019;8;5;2;3;5;2;1;0;1;0;1;0;0;0;800631,4386;5827304,017;13,43109;52,51276\
198657;11;2;2020204;Urbanstra\'dfe;2019;9;13;1;3;6;7;0;0;0;1;0;0;1;0;798919,3445;5825281,61;13,40412;52,49558\
198658;11;2;2050802;Boxhagener Platz;2019;8;0;2;3;0;1;2;0;0;0;1;0;0;0;802369,5116;5827303,205;13,45663;52,5118\
198659;11;3;3071537;Kollwitzplatz;2019;9;0;1;3;5;3;2;0;1;0;0;0;1;0;799320,8484;5829403,95;13,41373;52,53231\
198660;11;3;3040614;Pankow Zentrum;2019;8;23;2;3;0;1;2;1;0;0;0;0;0;1;799601,3908;5834026,02;13,42202;52,57358\
198661;11;6;6030607;Goerzwerke;2019;9;17;1;2;6;4;0;0;1;1;0;0;0;0;792302,1299;5816419,824;13,29917;52,41972\
198662;11;1;1044203;Leopoldplatz;2019;8;21;2;3;5;3;2;1;1;0;0;0;0;1;795897,2719;5831931,011;13,36566;52,55683\
198663;11;1;1044202;Sparrplatz;2019;9;20;1;3;6;4;2;1;0;1;0;0;0;0;795353,9902;5830247,489;13,35617;52,54203\
198664;11;4;4020313;K\'f6nigin-Elisabeth-Stra\'dfe;2019;9;18;1;3;5;2;0;1;1;0;0;0;0;0;790741,6248;5826718,392;13,28526;52,51287\
198665;11;11;11041023;Gensinger Stra\'dfe;2019;8;20;2;3;0;7;1;1;1;0;0;0;0;1;806756,234;5827745,499;13,52147;52,51331\
198666;11;8;8010303;Donaustra\'dfe;2019;9;18;1;3;0;6;0;0;1;0;0;0;1;0;801432,4054;5823871,04;13,43975;52,48155\
198667;11;6;6010205;S\'fcdende;2019;8;19;2;3;1;5;2;1;0;0;0;0;1;1;794836,8638;5820045,157;13,33954;52,45085\
198668;11;10;10010102;Havemannstra\'dfe;2019;9;17;1;3;5;2;0;0;1;0;0;0;0;0;809347,3839;5834283,582;13,56562;52,57044\
198669;11;5;5030730;Zitadellenweg;2019;8;18;2;3;3;2;0;0;1;0;0;1;0;0;786537,8568;5831590,981;13,22769;52,55879\
198670;11;10;10010311;Landsberger Tor;2019;9;16;1;3;6;6;0;1;0;1;0;0;0;0;810268,173;5830966,691;13,57607;52,54019\
198671;11;12;12103116;Hausotterplatz;2019;8;22;2;2;5;3;2;0;1;0;0;0;1;1;796289,479;5833226,757;13,37258;52,56823\
198672;11;11;11041128;Sewanstra\'dfe;2019;9;11;1;3;5;3;0;1;1;0;0;0;0;0;806999,5058;5825987,426;13,52343;52,49742\
198673;11;2;2010102;Mehringplatz;2019;9;11;1;3;5;3;0;1;1;0;0;0;0;0;798186,1162;5826507,477;13,39445;52,50697\
198674;11;2;2050801;Traveplatz;2019;8;20;2;2;1;1;2;0;1;0;1;0;0;1;802462,8263;5827457,06;13,45814;52,51312\
198675;11;5;5030730;Zitadellenweg;2019;9;10;1;3;5;2;0;1;1;0;0;0;0;0;785783,7471;5829261,769;13,21459;52,5383\
198676;11;5;5010313;Ackerstra\'dfe;2019;8;20;2;2;5;2;1;0;1;0;1;0;0;1;784665,788;5829707,58;13,19854;52,54288\
198677;11;1;1011301;Charit\'e9viertel;2019;9;10;1;3;1;5;0;1;1;0;0;0;0;0;796934,838;5829453,263;13,3787;52,53405\
198678;11;10;10020414;Helle Mitte;2019;8;17;2;3;3;6;0;0;1;0;1;0;0;0;812210,9938;5830805,319;13,60447;52,53763\
198679;11;9;9010301;Baumschulenstra\'dfe;2019;9;8;1;3;2;6;0;0;1;0;0;0;0;0;805487,8485;5821532,889;13,49715;52,45834\
198680;11;3;3020307;Buchholz;2019;8;14;2;2;3;6;0;1;0;0;0;0;1;0;800047,5297;5837374,637;13,43162;52,60335\
198681;11;2;2050801;Traveplatz;2019;8;22;7;3;2;6;2;0;1;0;1;0;0;0;803653,608;5827412,105;13,47559;52,51206\
198682;11;1;1011302;Oranienburger Stra\'dfe;2019;8;21;7;2;5;3;2;1;0;0;0;0;1;0;798875,3797;5828559,678;13,40642;52,52498\
198683;11;8;8010212;Rollberg;2019;8;13;2;2;2;6;0;1;1;0;0;0;0;0;801318,2228;5823538,293;13,43778;52,47863\
198684;11;4;4030620;Alt-Lietzow;2019;8;8;2;2;3;6;0;1;1;0;0;0;0;0;792625,7815;5827383,713;13,31353;52,51783\
198685;11;2;2050801;Traveplatz;2019;8;21;7;3;0;1;2;0;0;0;1;0;0;0;803312,4479;5826753,065;13,46998;52,50634\
198686;11;3;3040512;Wilhelmsruh;2019;8;20;7;3;1;5;1;0;1;0;0;0;0;0;796312,8228;5835124,278;13,37462;52,58523\
198687;11;7;7070702;Alt-Lichtenrade/T\'f6pchiner Weg;2019;8;5;2;3;0;3;1;0;1;0;1;0;0;0;799987,4129;5814600,758;13,41022;52,39925\
198688;11;11;11010205;Falkenberg West;2019;8;19;7;2;0;7;1;0;0;1;0;0;1;0;806570,592;5833534,735;13,52409;52,5653\
198689;11;1;1011201;Wilhelmstra\'dfe;2019;8;7;2;3;6;2;0;1;0;1;0;0;0;0;796956,8289;5826851,485;13,3767;52,51072\
198690;11;4;4041238;Kissinger Stra\'dfe;2019;8;18;7;3;5;3;0;0;1;0;0;0;0;0;791676,2314;5823237,923;13,29595;52,48117\
198691;11;8;8020620;Tempelhofer Weg;2019;8;18;7;2;5;3;0;1;0;0;0;0;1;0;801401,9158;5820270,165;13,43605;52,44929\
198692;11;8;8010118;Silbersteinstra\'dfe;2019;8;13;1;3;2;6;0;0;1;0;1;0;0;0;800973,2873;5822233,642;13,43154;52,46713\
198693;11;8;8010214;Glasower Stra\'dfe;2019;8;17;7;3;1;5;0;1;0;0;0;0;1;0;801898,5758;5822395,418;13,44526;52,46807\
198694;11;10;10040830;Kaulsdorf S\'fcd;2019;8;17;7;3;5;2;0;1;1;0;0;0;0;0;810692,6617;5826244,576;13,57789;52,49763\
198695;11;6;6040810;Dahlem;2019;8;8;1;3;5;2;0;1;1;0;0;0;0;0;790147,0368;5819783,758;13,27049;52,45102\
198696;11;4;4030931;Breitscheidplatz;2019;8;17;7;3;2;6;0;1;1;0;0;0;0;0;793767,0114;5825839,66;13,32894;52,50338\
198697;11;4;4030931;Breitscheidplatz;2019;8;23;1;3;2;6;2;0;1;0;0;0;0;0;794108,7672;5825981,751;13,33409;52,50447\
198698;11;11;11010204;Falkenberg Ost;2019;8;16;7;2;5;3;0;0;1;0;1;0;0;0;806921,285;5834063,537;13,52973;52,56984\
198699;11;1;1044103;Westliche M\'fcllerstra\'dfe;2019;8;15;7;3;5;3;0;1;0;0;1;0;0;0;794514,5567;5830657,14;13,34419;52,54616\
198700;11;1;1022106;Elberfelder Stra\'dfe;2019;8;22;1;3;5;3;2;1;0;0;1;0;0;0;794025,258;5828224,264;13,33484;52,52461\
198701;11;1;1011306;Heine-Viertel Ost;2019;8;14;7;3;0;1;0;0;0;0;1;0;0;0;799909,8289;5826747,849;13,41999;52,50818\
198702;11;6;6010209;Feuerbachstra\'dfe;2019;8;19;1;3;0;2;0;1;1;0;0;0;0;0;794456,5522;5821342,746;13,3351;52,46269\
198703;11;1;1033102;Gesundbrunnen;2019;8;13;7;3;5;3;0;1;1;0;0;0;0;0;797692,2343;5831313,486;13,3915;52,55031\
198704;11;1;1011101;St\'fclerstra\'dfe;2019;8;18;1;3;1;5;0;1;1;0;0;0;0;0;794669,8338;5826061,607;13,3424;52,50488\
198705;11;8;8020727;Buckow Mitte;2019;8;13;7;3;6;4;0;1;0;1;0;0;0;0;800987,1573;5817046,688;13,42707;52,42063\
198706;11;4;4051446;Preu\'dfenpark;2019;8;13;7;3;2;6;0;0;1;0;0;0;0;0;792913,3764;5824383,51;13,31512;52,49078\
198707;11;5;5010206;G\'fctersloher Weg;2019;8;17;1;3;5;2;0;0;1;0;1;0;0;0;781546,8186;5830699,459;13,15351;52,5534\
198708;11;12;12301204;Wittenau Nord;2019;8;17;1;3;0;1;0;0;0;0;1;0;0;0;792372,4542;5835867,448;13,31728;52,59402\
198709;11;2;2010102;Mehringplatz;2019;8;13;7;3;1;5;0;1;1;0;0;0;0;0;798362,9236;5826308,9;13,39687;52,50509\
198710;11;8;8020620;Tempelhofer Weg;2019;8;13;7;3;2;6;0;0;1;0;0;0;0;0;801325,8677;5820387,484;13,43505;52,45039\
198711;11;6;6030504;Teltower Damm;2019;8;17;1;3;2;6;0;0;1;0;1;0;0;0;790208,7111;5815125,845;13,26735;52,40923\
198712;11;1;1044201;Reinickendorfer Stra\'dfe;2019;8;13;7;3;1;6;0;0;1;0;0;0;0;0;797000,7183;5831896,644;13,38185;52,55592\
198713;11;6;6010103;Markelstra\'dfe;2019;8;15;1;3;5;3;0;0;1;0;1;0;0;0;793289,8789;5821667,262;13,31826;52,46623\
198714;11;1;1033102;Gesundbrunnen;2019;8;12;7;3;2;6;0;0;1;0;0;0;0;0;797162,9664;5831385,467;13,38378;52,55125\
198715;11;2;2030302;Lausitzer Platz;2019;8;12;7;3;2;6;0;0;1;0;0;0;0;0;800823,1754;5826476,89;13,43316;52,50524\
198716;11;9;9020502;Obersch\'f6neweide Ost;2019;8;14;1;3;1;6;0;0;1;0;1;0;0;0;808445,1406;5821716,893;13,5407;52,45833\
198717;11;8;8010301;Reuterkiez;2019;8;11;7;3;3;6;0;1;1;0;0;0;0;0;801023,293;5824207,355;13,43405;52,48479\
198718;11;12;12302107;Schorfheidestra\'dfe;2019;8;10;7;3;2;2;0;0;1;0;1;0;0;0;794355,9625;5836310,109;13,34688;52,59692\
198719;11;4;4020311;Reichsstra\'dfe;2019;8;14;1;3;3;6;0;0;1;0;1;0;0;0;789177,2518;5826906,958;13,26244;52,5154\
198720;11;2;3061441;Eldenaer Stra\'dfe;2019;8;9;7;3;1;6;0;1;1;0;0;0;0;0;803182,4517;5828348,274;13,46952;52,52071\
198721;11;1;1011201;Wilhelmstra\'dfe;2019;8;14;1;3;6;2;0;1;0;1;0;0;0;0;797465,9045;5826811,952;13,38415;52,51009\
198722;11;3;3040818;Pankow S\'fcd;2019;8;8;7;3;1;5;0;1;1;0;0;0;0;0;799157,5687;5833207,4;13,41476;52,56649\
198723;11;9;9010301;Baumschulenstra\'dfe;2019;8;7;7;2;5;2;0;0;1;0;0;0;0;0;805016,3562;5822703,075;13,4913;52,46909\