OBJECTID;LAND;BEZ;LOR;STRASSE;UJAHR;UMONAT;USTUNDE;UWOCHENTAG;UKATEGORIE;UART;UTYP1;ULICHTVERH;IstRad;IstPKW;IstFuss;IstKrad;IstGkfz;IstSonstige;USTRZUSTAND;LINREFX;LINREFY;XGCSWGS84;YGCSWGS84\
198724;11;10;10010205;Marzahn Ost;2019;8;21;1;2;0;1;2;1;0;0;0;0;0;0;810197,5367;5832282,385;13,57626;52,55202\
198725;11;1;1011304;Karl-Marx-Allee;2019;8;11;1;3;5;7;0;0;1;0;0;0;1;0;800038,123;5828499,656;13,42346;52,52381\
198726;11;1;1011102;Gro\'dfer Tiergarten;2019;8;4;7;3;8;1;2;0;1;0;0;0;0;0;796476,0174;5827485,428;13,3702;52,51666\
198727;11;7;7060601;Marienfelder Allee Nordwest;2019;8;12;7;3;6;7;0;0;1;1;0;0;0;0;795658,368;5816089,258;13,34809;52,41495\
198728;11;2;2040502;Friedenstra\'dfe;2019;8;10;1;3;5;2;0;0;1;0;0;0;0;0;801248,6824;5827825,545;13,44063;52,5171\
198729;11;2;2030301;Oranienplatz;2019;8;0;7;2;6;4;2;1;0;1;0;0;0;0;800222,3812;5826026,455;13,42393;52,50154\
198730;11;12;12214527;Alt-Tegel;2019;8;3;1;3;0;1;2;1;0;0;0;0;0;0;789882,2786;5834745,573;13,27964;52,5853\
198731;11;5;5010314;Carl-Schurz-Stra\'dfe;2019;8;0;1;3;5;3;2;1;1;0;0;0;0;0;784803,6785;5828786,024;13,19977;52,53455\
198732;11;4;4030725;Amtsgerichtsplatz;2019;8;13;7;3;5;2;0;1;1;0;0;0;0;0;791929,0205;5826115,362;13,30218;52,50683\
198733;11;7;7040405;Rathaus Tempelhof;2019;8;18;6;3;5;3;0;1;0;0;0;0;0;0;799664,8023;5821836,306;13,41198;52,46429\
198734;11;11;11030721;R\'fcdigerstra\'dfe;2019;8;22;7;2;0;1;2;1;0;0;0;0;0;0;805054,5976;5827733,751;13,49647;52,51416\
198735;11;4;4030931;Breitscheidplatz;2019;8;23;6;3;6;7;2;0;1;1;0;0;0;0;793820,9052;5825862,558;13,32975;52,50355\
198736;11;2;2020206;Graefekiez;2019;8;22;7;3;2;7;2;1;1;0;0;0;0;0;800292,8219;5824782,825;13,42385;52,49035\
198737;11;8;8010212;Rollberg;2019;8;21;6;2;5;3;2;1;1;0;0;0;0;0;800972,6522;5823485,442;13,43266;52,47835\
198738;11;11;11051229;Rummelsburg;2019;8;10;7;3;0;7;0;1;0;0;0;0;0;0;804074,3881;5826008,691;13,48049;52,49925\
198739;11;3;3061429;Greifswalder Stra\'dfe;2019;8;19;6;3;5;3;0;1;1;0;0;0;0;0;801940,6689;5830654,805;13,45337;52,54207\
198740;11;7;7010104;Dennewitzplatz;2019;8;18;7;3;5;3;0;0;1;0;0;0;0;0;796173,0249;5825310,067;13,36382;52,49733\
198741;11;4;4020312;Branitzer Platz;2019;8;19;6;3;5;3;0;1;1;0;0;0;0;0;789949,2996;5826866,278;13,27375;52,51462\
198742;11;12;12214424;Scharnweberstra\'dfe;2019;8;18;7;3;2;6;0;0;1;0;0;0;0;0;793179,3439;5832282,316;13,32599;52,56145\
198743;11;6;6020411;Sch\'fctte-Lanz-Stra\'dfe;2019;8;18;6;3;5;3;0;1;1;0;0;0;0;0;794122,0144;5815880,6;13,32538;52,41391\
198744;11;1;1011201;Wilhelmstra\'dfe;2019;8;17;7;3;5;2;0;1;1;0;0;0;0;0;797398,2276;5826955,915;13,38328;52,51142\
198745;11;3;3061228;Erich-Weinert-Stra\'dfe;2019;8;17;6;3;5;5;0;0;1;0;1;0;0;0;800912,0326;5830852,383;13,43843;52,54441\
198746;11;2;2030301;Oranienplatz;2019;8;23;7;3;1;5;2;1;1;0;0;0;0;0;799891,7869;5825930,281;13,41899;52,50086\
198747;11;4;4030725;Amtsgerichtsplatz;2019;8;17;6;2;5;3;0;1;1;0;0;0;0;0;791981,3128;5825970,016;13,30282;52,5055\
198748;11;4;4030827;Karl-August-Platz;2019;8;17;6;2;0;7;0;1;0;0;0;0;0;0;792050,122;5825983,705;13,30385;52,50559\
198749;11;5;5030730;Zitadellenweg;2019;8;18;7;3;0;6;0;0;1;0;1;0;0;0;785676,2047;5829288,478;13,21303;52,53859\
198750;11;7;7010102;Nollendorfplatz;2019;8;16;6;3;5;2;0;0;1;0;1;0;0;0;794948,7605;5825408,176;13,34592;52,49887\
198751;11;7;7040402;Lindenhofsiedlung;2019;8;17;7;3;5;3;0;1;1;0;0;0;0;0;796672,1463;5820706,888;13,36705;52,45579\
198752;11;3;3010102;Buch;2019;8;13;6;3;4;6;0;0;1;0;0;0;0;0;805042,6701;5840284,203;13,50783;52,62665\
198753;11;1;1011303;Alexanderplatzviertel;2019;8;9;6;3;3;6;0;0;1;0;0;0;1;0;798905,7015;5827778,839;13,40617;52,51797\
198754;11;10;10030727;Biesdorf S\'fcd;2019;8;15;7;3;0;7;0;1;0;0;0;0;0;0;809882,9832;5825695,901;13,5655;52,49317\
198755;11;1;1044202;Sparrplatz;2019;8;15;6;3;0;7;0;0;0;0;1;0;0;0;795705,1749;5830573,939;13,36162;52,54477\
198756;11;5;5010311;Eiswerder;2019;8;23;7;3;2;6;2;0;1;0;0;0;0;0;785232,1257;5830967,673;13,20795;52,55388\
198757;11;4;4030725;Amtsgerichtsplatz;2019;8;15;6;3;1;5;0;1;1;0;0;0;0;0;791593,2727;5826097,554;13,29723;52,50685\
198758;11;8;8010118;Silbersteinstra\'dfe;2019;8;21;7;3;3;6;2;0;1;0;1;0;0;0;800915,9446;5822366,509;13,43082;52,46835\
198759;11;12;12301203;Wittenau S\'fcd;2019;8;15;6;3;2;6;0;0;1;0;1;0;0;0;792396,2923;5834131,693;13,3161;52,57845\
198760;11;5;5010312;Kurstra\'dfe;2019;8;19;7;3;6;4;1;0;1;1;0;0;0;0;785191,0062;5829494,14;13,20608;52,54069\
198761;11;12;12103220;Humboldtstra\'dfe;2019;8;14;6;3;5;2;0;1;0;0;0;0;1;0;794442,2324;5833814,742;13,34593;52,5745\
198762;11;1;1011102;Gro\'dfer Tiergarten;2019;8;13;6;3;5;3;0;1;1;0;0;0;0;0;795269,8836;5827320,609;13,35233;52,51584\
198763;11;5;5020627;Tiefwerder;2019;8;15;7;3;2;2;0;0;1;0;0;0;0;0;785935,8454;5827990,488;13,21573;52,52682\
198764;11;1;1033202;Humboldthain S\'fcd;2019;8;19;7;2;0;7;0;1;0;0;0;0;0;0;797371,3017;5829619,253;13,38527;52,5353\
198765;11;7;7040403;Manteuffelstra\'dfe;2019;8;13;6;3;5;7;0;0;1;0;0;0;0;0;797115,7197;5822169,482;13,37486;52,46866\
198766;11;9;9020702;Adlershof Ost;2019;8;14;7;3;5;3;0;1;1;0;0;0;0;0;809185,9864;5819527,385;13,54955;52,43829\
198767;11;8;8020622;Parchimer Allee;2019;8;13;6;3;5;2;0;1;1;0;0;0;0;0;801303,0762;5819923,381;13,43429;52,44624\
198768;11;3;3040818;Pankow S\'fcd;2019;8;14;7;3;2;3;0;0;1;0;0;0;0;0;799381,5511;5833496,931;13,41831;52,56896\
198769;11;4;4030827;Karl-August-Platz;2019;8;13;6;3;2;6;0;0;1;0;0;0;0;0;792448,9879;5826117,907;13,30982;52,50658\
198770;11;4;4030519;Kaiserin-Augusta-Allee;2019;8;12;6;3;5;2;0;1;1;0;0;0;0;0;792107,4487;5827719,235;13,30621;52,52112\
198771;11;9;9041501;Altstadt Kietz;2019;8;13;7;3;2;6;0;0;1;0;0;0;0;0;811045,5384;5820290,706;13,57753;52,44408\
198772;11;8;8030831;Gropiusstadt Ost;2019;8;13;7;3;5;2;0;0;1;0;0;0;0;0;803350,9864;5817402,487;13,46205;52,42251\
198773;11;9;9010302;Sp\'e4thsfelde;2019;8;12;6;3;5;3;0;1;0;0;0;0;1;0;805226,4819;5820576,102;13,49244;52,44991\
198774;11;3;3040614;Pankow Zentrum;2019;8;11;6;3;0;3;0;1;0;0;0;0;1;0;799385,1194;5833902,198;13,41873;52,57259\
198775;11;9;9051901;Dammvorstadt;2019;8;12;7;3;5;3;0;1;0;0;0;0;0;0;810640,2615;5821014,471;13,57225;52,45079\
198776;11;5;5020417;Staakener Stra\'dfe;2019;8;11;6;3;0;3;0;0;1;0;1;0;0;0;783412,2115;5828627,715;13,17918;52,53385\
198777;11;7;7030303;Grazer Platz;2019;8;11;7;3;5;2;0;1;1;0;0;0;0;0;794663,7199;5821801,518;13,33855;52,46669\
198778;11;7;7050501;Rathausstra\'dfe;2019;8;9;6;3;1;5;0;1;1;0;0;0;0;0;797542,4664;5819885,597;13,37909;52,44796\
198779;11;1;1011204;Leipziger Stra\'dfe;2019;8;9;6;3;5;3;0;1;1;0;0;0;0;0;798573,097;5826806,593;13,40041;52,50943\
198780;11;9;9041601;M\'fcggelheim;2019;8;11;7;2;8;1;0;0;0;0;1;0;0;0;817660,2736;5817833,291;13,67219;52,41825\
198781;11;8;8010404;Rixdorf;2019;8;9;6;3;2;6;0;0;1;0;0;0;0;0;801473,8951;5823243,846;13,4398;52,47591\
198782;11;4;4030931;Breitscheidplatz;2019;8;6;7;2;8;7;0;0;1;0;0;0;0;1;794061,3912;5826259,611;13,33364;52,50698\
198783;11;12;12224229;Konradsh\'f6he/Tegelort;2019;8;8;6;3;5;2;0;1;1;0;0;0;0;0;786327,0895;5834462,963;13,22707;52,58465\
198784;11;2;2030401;Reichenberger Stra\'dfe;2019;8;12;7;3;5;3;0;0;1;0;0;0;0;0;800515,1044;5825456,432;13,42772;52,49627\
198785;11;8;8020727;Buckow Mitte;2019;8;8;6;3;6;4;0;0;1;1;0;0;0;0;801189,3637;5817153,938;13,43013;52,42148\
198786;11;8;8010213;K\'f6rnerpark;2019;8;16;7;3;5;3;0;1;1;0;0;0;0;0;801143,2076;5822844,615;13,43458;52,47251\
198787;11;1;1033101;Soldiner Stra\'dfe;2019;8;8;6;3;5;2;0;1;1;0;0;0;0;0;797567,7044;5832754,761;13,39096;52,5633\
198788;11;7;7070701;Kettinger Stra\'dfe/Schillerstra\'dfe;2019;8;7;6;3;1;5;0;0;1;0;0;1;0;0;799413,5123;5814247,53;13,40149;52,3964\
198789;11;3;3061434;Anton-Saefkow-Park;2019;8;3;6;3;6;4;2;0;1;1;0;0;0;0;800812,11;5830226,204;13,43639;52,53886\
198790;11;7;7020201;Bayerischer Platz;2019;8;15;6;3;5;3;0;0;1;0;0;0;0;0;794955,8231;5824307,565;13,34505;52,489\
198791;11;2;2040701;Andreasviertel;2019;8;7;6;3;5;2;0;1;1;0;0;0;0;0;800143,1108;5827348,243;13,42396;52,51343\
198792;11;7;7040405;Rathaus Tempelhof;2019;8;9;6;3;6;4;0;0;1;1;0;0;0;0;798538,8999;5821892,512;13,3955;52,46541\
198793;11;6;6010207;Mittelstra\'dfe;2019;8;19;6;3;5;3;0;0;1;0;1;0;0;0;794043,7699;5820378,322;13,32819;52,45427\
198794;11;9;9051702;B\'f6lschestra\'dfe;2019;8;16;6;2;5;7;0;0;1;0;1;0;0;0;814193,138;5820923,791;13,62428;52,44795\
198795;11;2;2030302;Lausitzer Platz;2019;8;13;6;3;0;2;0;1;0;0;0;0;1;0;801183,4424;5825936,078;13,43797;52,5002\
198796;11;1;1011305;Heine-Viertel West;2019;8;16;6;2;1;5;0;0;1;0;0;0;1;0;799421,8984;5827296,344;13,41332;52,51336\
198797;11;1;1011302;Oranienburger Stra\'dfe;2019;8;1;6;3;0;1;2;0;0;0;0;0;1;0;798986,61;5829022,086;13,40847;52,52907\
198798;11;1;1033101;Soldiner Stra\'dfe;2019;8;13;6;2;5;2;0;0;1;0;0;0;0;0;796160,3988;5832270,675;13,36983;52,55973\
198799;11;9;9051901;Dammvorstadt;2019;8;20;6;3;0;6;1;1;0;0;0;0;1;0;810640,4998;5820337,241;13,57163;52,44472\
198800;11;3;3071638;Winsstra\'dfe;2019;8;8;6;3;0;6;0;0;0;0;1;0;0;0;800282,2281;5829601,003;13,42804;52,53354\
198801;11;3;3040818;Pankow S\'fcd;2019;8;20;6;3;5;2;1;1;1;0;0;0;0;0;798933,6625;5832600,919;13,41092;52,56118\
198802;11;1;1022204;Thomasiusstra\'dfe;2019;8;8;6;2;5;3;0;1;0;0;0;0;0;0;794971,61;5827990,34;13,34854;52,52201\
198803;11;9;9020701;Adlershof West;2019;8;17;6;3;5;2;0;1;1;0;0;0;0;0;809054,3932;5818764,115;13,54691;52,43152\
198804;11;11;11051229;Rummelsburg;2019;8;11;6;3;0;6;0;0;1;0;0;0;0;0;804092,2495;5826002,545;13,48075;52,49918\
198805;11;6;6030608;Schweizer Viertel;2019;8;9;6;2;1;5;0;1;1;0;0;0;0;0;791144,3833;5816642,349;13,28239;52,42233\
198806;11;8;8020625;Handwerker-Siedlung;2019;8;19;6;2;0;2;0;0;1;0;0;0;1;0;801385,2344;5819267,137;13,43491;52,44031\
198807;11;4;4030417;Schlo\'dfstra\'dfe;2019;8;4;6;3;1;5;2;1;1;0;0;0;0;0;791461,0206;5827151,8;13,29621;52,51638\
198808;11;6;6010102;Schlo\'dfstra\'dfe;2019;8;19;6;2;6;4;0;1;0;1;0;0;0;0;793322,5098;5821172,766;13,31831;52,46178\
198809;11;1;1011401;Invalidenstra\'dfe;2019;8;9;5;3;5;2;0;1;1;0;0;0;0;0;797379,5354;5829301,541;13,3851;52,53245\
198810;11;8;8010303;Donaustra\'dfe;2019;8;18;6;3;2;6;0;1;1;0;0;0;0;0;801370,9623;5823851,961;13,43884;52,48141\
198811;11;1;1044201;Reinickendorfer Stra\'dfe;2019;8;21;5;3;1;5;2;1;1;0;0;0;0;0;795792,7045;5831041,738;13,36333;52,54891\
198812;11;12;12103116;Hausotterplatz;2019;8;18;6;3;1;5;0;1;1;0;0;0;0;0;796017,4944;5833250,458;13,3686;52,56859\
198813;11;12;12231102;Frohnau;2019;8;19;5;3;3;6;1;1;1;0;0;0;0;0;789468,4412;5840379,386;13,27848;52,63602\
198814;11;11;11030619;Fennpfuhl Ost;2019;8;18;5;3;5;3;0;1;0;0;0;0;0;0;803759,1871;5829235,688;13,47881;52,52834\
198815;11;2;2020206;Graefekiez;2019;8;18;6;3;6;4;0;1;0;1;0;0;0;0;799736,7661;5824839,719;13,41573;52,49117\
198816;11;1;1011305;Heine-Viertel West;2019;8;17;6;3;1;5;0;1;0;0;0;0;1;0;799379,2786;5826369,292;13,41186;52,50507\
198817;11;7;7040405;Rathaus Tempelhof;2019;8;18;5;3;5;2;0;1;1;0;0;0;0;0;799000,5262;5821696,474;13,4021;52,4634\
198818;11;1;1011105;N\'f6rdlicher Landwehrkanal;2019;8;18;5;3;2;6;0;0;1;0;0;0;0;0;796610,3175;5826883,108;13,37164;52,51119\
198819;11;7;7030301;Friedenau;2019;8;16;6;2;5;2;0;1;1;0;0;0;0;0;794403,4776;5822298,878;13,33516;52,47129\
198820;11;1;1011201;Wilhelmstra\'dfe;2019;8;17;5;3;5;3;0;1;0;0;0;0;1;0;797261,9793;5827013,792;13,38133;52,51201\
198821;11;4;4051655;Babelsberger Stra\'dfe;2019;8;16;6;3;5;2;0;1;0;0;0;0;1;0;793992,228;5824051,211;13,33067;52,48722\
198822;11;9;9030901;Dorf Altglienicke;2019;8;19;5;3;5;3;0;0;1;0;1;0;0;0;808492,5222;5816654,885;13,53673;52,41294\
198823;11;1;1022106;Elberfelder Stra\'dfe;2019;8;17;5;3;6;4;0;0;1;1;0;0;0;0;794462,6131;5828354,588;13,34139;52,52555\
198824;11;1;1011105;N\'f6rdlicher Landwehrkanal;2019;8;22;6;3;2;2;2;1;1;0;0;0;0;0;796635,7318;5826669,56;13,37182;52,50926\
198825;11;4;4051654;Wilhelmsaue;2019;8;15;5;3;0;7;0;1;0;0;0;0;0;0;793444,9141;5823947,016;13,32254;52,48658\
198826;11;1;1011204;Leipziger Stra\'dfe;2019;8;15;5;3;5;3;0;1;1;0;0;0;0;0;797990,1984;5826785,715;13,39182;52,50957\
198827;11;9;9031001;Bohnsdorf;2019;8;16;6;2;5;2;0;1;1;0;0;0;0;0;809094,9643;5815181,863;13,5442;52,3994\
198828;11;3;3040614;Pankow Zentrum;2019;8;15;5;3;5;3;0;1;0;0;0;0;0;0;799256,026;5833675,786;13,41663;52,57063\
198829;11;6;6020303;Lankwitz Kirche;2019;8;14;5;3;3;2;0;0;1;0;1;0;0;0;795910,2272;5818720,486;13,35411;52,4384\
198830;11;5;5030731;Gartenfelder Stra\'dfe;2019;8;22;6;3;5;2;2;1;1;0;0;0;0;0;787944,5893;5830040,922;13,24704;52,54415\
198831;11;7;7010102;Nollendorfplatz;2019;8;14;5;3;3;5;0;1;1;0;0;0;0;0;794969,0567;5825163,879;13,346;52,49667\
198832;11;4;4041241;Breite Stra\'dfe;2019;8;22;6;2;5;2;2;1;1;0;0;0;0;0;791911,7383;5822279,941;13,29857;52,47246\
198833;11;3;3040614;Pankow Zentrum;2019;8;14;5;3;5;2;0;1;1;0;0;0;0;0;798733,2711;5833689,212;13,40895;52,57104\
198834;11;4;4030930;George-Grosz-Platz;2019;8;21;6;3;5;2;1;1;1;0;0;0;0;0;792949,8467;5825355,458;13,31651;52,49947\
198835;11;2;2030302;Lausitzer Platz;2019;8;14;5;3;4;7;0;1;0;0;0;0;0;0;800901,9287;5825850,269;13,43375;52,49958\
198836;11;11;11030721;R\'fcdigerstra\'dfe;2019;8;20;6;3;0;2;1;1;1;0;0;0;0;0;804296,7051;5828423,967;13,48596;52,52077\
198837;11;5;5030832;Rohrdamm;2019;8;14;5;3;5;3;0;1;1;0;0;0;0;0;789482,5517;5829420,639;13,26912;52,53777\
198838;11;5;5040936;J\'e4gerallee;2019;8;14;5;3;5;2;0;1;1;0;0;0;0;0;780793,2334;5820422,124;13,13375;52,46163\
198839;11;8;8010117;Schillerpromenade;2019;8;16;6;2;3;6;0;0;1;0;1;0;0;0;800684,3536;5822956,681;13,42795;52,47377\
198840;11;1;1011204;Leipziger Stra\'dfe;2019;8;16;6;3;5;3;0;0;1;0;0;0;1;0;797892,5412;5826671,185;13,39029;52,50859\
198841;11;4;4030620;Alt-Lietzow;2019;8;13;5;3;0;2;0;0;1;0;0;0;1;0;792761,6933;5827053,349;13,31524;52,5148\
198842;11;8;8040933;Vogelviertel S\'fcd;2019;8;14;5;2;2;6;0;0;1;0;0;0;0;0;803284,8973;5818518,329;13,46209;52,43255\
198843;11;12;12304314;Ziekowstra\'dfe/Freie Scholle;2019;8;15;6;3;5;2;0;0;1;0;1;0;0;0;790620,4154;5835983,302;13,29159;52,596\
198844;11;1;1011204;Leipziger Stra\'dfe;2019;8;12;5;3;5;3;0;1;0;0;0;0;0;0;798530,3508;5827097,396;13,40004;52,51206\
198845;11;1;1044101;Rehberge;2019;8;15;6;3;5;2;0;1;1;0;0;0;0;0;793673,5415;5832254,633;13,33324;52,56093\
198846;11;9;9010402;Johannisthal Ost;2019;8;12;5;3;5;3;0;0;1;0;0;0;0;0;805707,206;5818798,895;13,49786;52,43372\
198847;11;5;5010339;Freiheit;2019;8;12;6;3;2;6;0;0;1;0;0;0;0;0;786814,6828;5828209,465;13,22884;52,52832\
198848;11;12;12214424;Scharnweberstra\'dfe;2019;8;10;5;3;0;6;0;0;1;0;1;0;0;0;793519,6983;5832404,885;13,33111;52,56236\
198849;11;5;5010209;An der Kappe;2019;8;11;6;3;5;3;0;1;1;0;0;0;0;0;782906,9944;5830340,164;13,17321;52,54947\
198850;11;7;7040405;Rathaus Tempelhof;2019;8;10;5;3;0;7;0;0;1;0;0;0;1;0;798499,4783;5820934,458;13,39407;52,45684\
198851;11;1;1033201;Brunnenstra\'dfe;2019;8;11;6;3;2;6;0;0;1;0;0;0;0;0;797691,7347;5830709,85;13,39095;52,5449\
198852;11;3;3040818;Pankow S\'fcd;2019;8;13;1;3;5;3;0;0;1;0;0;0;0;0;799558,6766;5832081,076;13,41964;52,55617\
198853;11;9;9051801;Rahnsdorf/Hessenwinkel;2019;9;8;2;3;5;3;0;0;1;0;0;0;0;1;819383,7257;5819910,702;13,69943;52,43586\
198854;11;12;12304313;Borsigwalde;2019;9;7;2;3;5;3;0;0;1;0;0;0;1;1;791931,8628;5834134,627;13,30927;52,57872\
198855;11;8;8010301;Reuterkiez;2019;9;7;2;3;5;3;0;0;1;0;0;0;0;1;800432,2562;5824906,288;13,426;52,49138\
198856;11;7;7050501;Rathausstra\'dfe;2019;9;6;2;3;2;2;2;0;1;0;0;0;1;1;797602,3884;5819527,446;13,37965;52,44472\
198857;11;8;8030831;Gropiusstadt Ost;2019;9;14;2;3;6;2;0;0;1;1;0;0;0;1;803725,9363;5818021,095;13,4681;52,42785\
198858;11;11;11051229;Rummelsburg;2019;9;6;2;3;5;2;1;1;1;0;0;0;0;1;804095,0153;5825995,295;13,48078;52,49911\
198859;11;4;4010102;Pl\'f6tzensee;2019;9;5;2;3;2;6;0;0;1;0;0;0;0;1;793350,028;5829688,2;13,32621;52,5381\
198860;11;9;9051901;Dammvorstadt;2019;9;18;2;3;5;3;0;1;1;0;0;0;0;1;810821,066;5821366,703;13,57523;52,45385\
198861;11;4;4030415;Schlo\'dfgarten;2019;9;22;1;3;5;3;2;1;1;0;0;0;0;0;791655,4274;5827533,803;13,29941;52,5197\
198862;11;1;1033203;Humboldthain Nordwest;2019;9;3;1;3;1;5;2;0;1;0;0;0;0;0;796689,967;5830787,498;13,37629;52,54615\
198863;11;8;8010212;Rollberg;2019;9;21;1;3;1;5;2;0;1;0;0;0;0;0;801101,8635;5823279,67;13,43437;52,47643\
198864;11;8;8010212;Rollberg;2019;9;21;1;2;6;7;2;1;0;1;0;0;0;0;800868,4076;5823457,341;13,4311;52,47815\
198865;11;7;7060603;Marienfelde Nordost;2019;9;21;1;3;1;5;2;0;1;0;0;0;0;0;798375,8146;5816892,587;13,38864;52,42068\
198866;11;7;7040403;Manteuffelstra\'dfe;2019;9;18;1;3;2;7;0;0;1;0;1;0;0;0;796917,3641;5820709,001;13,37065;52,45568\
198867;11;7;7050505;Hundsteinweg;2019;9;14;1;3;1;5;0;0;1;0;0;0;1;0;799216,7651;5818158,154;13,40211;52,43156\
198868;11;8;8010212;Rollberg;2019;9;2;1;2;0;1;2;1;0;0;0;0;0;0;801109,3563;5823523,596;13,4347;52,47861\
198869;11;2;2050802;Boxhagener Platz;2019;9;1;1;3;0;7;2;0;0;0;0;0;1;0;802390,7309;5826834,694;13,45651;52,50758\
198870;11;12;12231101;Hermsdorf;2019;9;0;1;2;0;1;2;1;0;0;0;0;0;0;791656,1618;5838922,166;13,30943;52,62179\
198871;11;2;2030301;Oranienplatz;2019;9;0;1;3;2;7;2;1;1;0;0;0;0;1;799926,2899;5826024,477;13,41958;52,50168\
198872;11;4;4030620;Alt-Lietzow;2019;9;0;1;3;5;3;2;0;1;0;0;0;0;0;792844,0053;5827219,739;13,3166;52,51624\
198873;11;12;12214125;Waldidyll/Flughafensee;2019;9;13;1;3;2;6;0;0;1;0;0;0;0;0;791092,1623;5831074,349;13,29423;52,55174\
198874;11;1;1011105;N\'f6rdlicher Landwehrkanal;2019;9;13;1;3;0;7;0;0;0;0;0;0;1;0;796068,4135;5826700,602;13,36352;52,50985\
198875;11;8;8010118;Silbersteinstra\'dfe;2019;9;0;1;3;3;6;2;1;1;0;0;0;0;0;801021,5817;5822118,483;13,43214;52,46607\
198876;11;1;1044102;Schillerpark;2019;9;11;1;3;5;2;0;0;1;0;0;0;0;0;794908,2068;5832038,059;13,35121;52,55832\
198877;11;7;7070701;Kettinger Stra\'dfe/Schillerstra\'dfe;2019;9;11;1;3;2;2;0;0;1;0;0;0;0;0;798708,516;5816023,92;13,39275;52,41271\
198878;11;3;3030406;Alt-Karow;2019;9;11;1;3;5;3;0;0;1;0;0;0;0;0;802747,6523;5839052,537;13,4729;52,61689\
198879;11;11;11051330;Karlshorst West;2019;9;10;1;3;0;3;0;1;0;0;0;0;1;0;807201,8172;5825560,026;13,526;52,49347\
198880;11;8;8010213;K\'f6rnerpark;2019;9;21;7;3;5;3;2;1;1;0;0;0;0;0;801244,7925;5822459,703;13,43573;52,469\
198881;11;4;4030620;Alt-Lietzow;2019;9;23;7;2;0;1;2;0;0;0;0;0;1;0;792095,0729;5827629,059;13,30595;52,52032\
198882;11;3;3040818;Pankow S\'fcd;2019;9;23;7;2;5;3;2;0;1;0;0;0;0;0;799708,8119;5832505,677;13,42223;52,5599\
198883;11;6;6040804;Krumme Lanke;2019;9;22;7;3;0;1;2;0;0;0;1;0;0;1;787632,1569;5818122,268;13,23216;52,43745\
198884;11;1;1044103;Westliche M\'fcllerstra\'dfe;2019;9;17;7;3;6;4;0;0;1;1;0;0;0;0;795265,7077;5830733,421;13,3553;52,54644\
198885;11;6;6030502;Zehlendorf S\'fcd;2019;9;14;7;3;5;3;0;0;1;0;1;0;0;0;788989,8525;5816094,207;13,25032;52,41856\
198886;11;9;9051701;Hirschgarten;2019;9;16;7;3;5;3;0;1;1;0;0;0;0;0;812505,9217;5821292,3;13,59988;52,45222\
198887;11;5;5010101;Hakenfelde Nord;2019;9;16;7;2;4;6;0;0;1;0;1;0;0;0;785346,6179;5832551,037;13,21099;52,56802\
198888;11;10;10030727;Biesdorf S\'fcd;2019;9;16;7;3;2;6;0;0;1;0;0;0;0;0;809581,1445;5825572,581;13,56095;52,49224\
198889;11;8;8020625;Handwerker-Siedlung;2019;9;15;7;2;5;2;0;0;1;0;0;0;1;0;801377,565;5819273;13,4348;52,44037\
198890;11;10;10040829;Alt-Kaulsdorf;2019;9;15;7;3;5;2;0;0;1;0;1;0;0;0;811530,1429;5827808,616;13,59165;52,51117\
198891;11;8;8020621;Mohriner Allee Nord;2019;9;14;7;3;5;3;0;0;1;0;0;0;0;0;800094,5961;5819151,057;13,41587;52,43998\
198892;11;4;4030417;Schlo\'dfstra\'dfe;2019;9;14;7;3;0;1;0;0;0;0;1;0;0;0;791551,7077;5826692,897;13,29715;52,51221\
198893;11;3;3071536;Teutoburger Platz;2019;9;14;7;3;6;4;0;1;0;1;0;0;0;0;798933,4401;5829951,442;13,40853;52,53743\
198894;11;3;3050925;Komponistenviertel Wei\'dfensee;2019;9;14;7;3;1;1;0;1;1;0;0;0;0;0;802323,9951;5831316,791;13,45961;52,54779\
198895;11;4;4030726;Droysenstra\'dfe;2019;9;14;7;3;2;6;0;0;1;0;0;0;0;0;792236,113;5825340,99;13,30601;52,49973\
198896;11;9;9020702;Adlershof Ost;2019;9;11;7;3;0;1;0;1;0;0;0;0;0;0;809134,0658;5819509,341;13,54877;52,43816\
198897;11;1;1011401;Invalidenstra\'dfe;2019;9;10;7;3;1;1;0;1;1;0;0;0;0;0;797815,9117;5829270,528;13,39149;52,53193\
198898;11;7;7030301;Friedenau;2019;9;9;7;3;5;3;0;1;1;0;0;0;0;0;793974,1274;5822306,115;13,32887;52,47159\
198899;11;8;8041039;Frauenviertel;2019;9;14;7;3;6;7;0;0;1;1;0;0;0;0;806573,0322;5815723,312;13,50774;52,40567\
198900;11;2;2020203;Viktoriapark;2019;9;1;7;3;1;5;2;1;1;0;0;0;1;0;797690,8606;5824591,385;13,38547;52,49006\
198901;11;2;2020205;Chamissokiez;2019;9;22;6;3;1;1;2;0;1;0;0;0;1;0;798312,5537;5824393,81;13,39442;52,48795\
198902;11;2;2010103;Moritzplatz;2019;9;21;6;3;0;1;2;1;0;0;0;0;0;0;799173,0862;5826260,654;13,40873;52,50421\
198903;11;2;2050803;Stralauer Kiez;2019;9;21;6;3;5;2;2;1;1;0;0;0;0;0;802753,6741;5826107,63;13,46118;52,50087\
198904;11;3;3010101;Bucher Forst;2019;9;20;6;2;5;2;2;0;1;0;1;0;0;0;803848,1382;5841440,476;13,4913;52,63768\
198905;11;3;3061131;Falkplatz;2019;9;11;6;3;5;3;0;1;1;0;0;0;0;0;799177,2716;5830743,543;13,41282;52,54439\