OBJECTID;LAND;BEZ;LOR;STRASSE;UJAHR;UMONAT;USTUNDE;UWOCHENTAG;UKATEGORIE;UART;UTYP1;ULICHTVERH;IstRad;IstPKW;IstFuss;IstKrad;IstGkfz;IstSonstige;USTRZUSTAND;LINREFX;LINREFY;XGCSWGS84;YGCSWGS84\
198906;11;1;1011203;Unter den Linden S\'fcd;2019;9;11;6;2;6;2;0;0;1;1;0;0;0;0;797919,1207;5827278,644;13,39122;52,51402\
198907;11;4;4051655;Babelsberger Stra\'dfe;2019;9;11;6;3;3;6;0;0;1;0;1;0;0;0;793959,9067;5823446,821;13,32966;52,48182\
198908;11;1;1044102;Schillerpark;2019;9;10;6;3;2;6;0;0;1;0;0;0;0;0;794877,4811;5832005,641;13,35072;52,55805\
198909;11;7;7050504;Imbrosweg;2019;9;19;6;3;1;5;2;0;1;0;0;0;1;0;799836,9112;5820459,634;13,41327;52,45185\
198910;11;1;1011201;Wilhelmstra\'dfe;2019;9;15;6;2;0;1;0;0;0;0;0;0;1;0;797024,1038;5826580,961;13,37745;52,50826\
198911;11;1;1011306;Heine-Viertel Ost;2019;9;9;6;3;2;2;0;0;0;0;1;1;0;0;800080,107;5826452,345;13,42223;52,50543\
198912;11;2;2020205;Chamissokiez;2019;9;19;6;3;6;4;1;0;1;1;0;0;0;0;798450,9082;5824555,36;13,39659;52,48932\
198913;11;9;9010402;Johannisthal Ost;2019;9;19;6;3;5;2;1;1;1;0;0;0;0;0;806104,989;5819162,606;13,50403;52,43675\
198914;11;1;1011302;Oranienburger Stra\'dfe;2019;9;8;6;3;2;2;0;1;1;0;0;0;0;0;799091,1194;5828975,067;13,40997;52,52859\
198915;11;1;1022103;Westhafen;2019;9;14;6;3;2;6;0;0;1;0;0;0;0;0;793573,896;5829815,239;13,32961;52,53912\
198916;11;1;1044201;Reinickendorfer Stra\'dfe;2019;9;8;6;3;3;6;0;0;1;0;1;0;0;0;796699,3435;5831951,32;13,37747;52,55657\
198917;11;1;1011306;Heine-Viertel Ost;2019;9;14;6;3;1;7;0;1;1;0;0;0;0;0;800108,9568;5826881,932;13,42304;52,50927\
198918;11;2;2040701;Andreasviertel;2019;9;8;6;3;0;7;0;0;0;0;0;1;0;0;800617,9463;5827208,76;13,43081;52,51192\
198919;11;11;11030720;Herzbergstra\'dfe;2019;9;18;6;2;6;4;0;0;1;1;0;0;0;0;805182,0009;5829607,719;13,50006;52,53088\
198920;11;8;8020727;Buckow Mitte;2019;9;7;6;2;6;4;0;0;1;1;0;0;0;0;800517,1975;5816503,812;13,41969;52,41602\
198921;11;4;4030621;Spreestadt;2019;9;14;6;3;5;3;0;1;1;0;0;0;0;0;793216,8433;5827791,511;13,32258;52,52117\
198922;11;8;8010118;Silbersteinstra\'dfe;2019;9;18;6;3;1;5;0;0;1;0;0;0;0;0;800393,3411;5821713,802;13,42256;52,46279\
198923;11;1;1044203;Leopoldplatz;2019;9;14;6;3;2;6;0;0;1;0;0;0;0;0;796244,3684;5831948,853;13,37078;52,5568\
198924;11;9;9020502;Obersch\'f6neweide Ost;2019;9;6;6;3;5;3;0;0;1;0;0;0;0;0;806937,8849;5822299,19;13,51913;52,4644\
198925;11;7;7010101;Wittenbergplatz/Viktoria-Luise-Platz;2019;9;16;6;3;2;2;0;1;1;0;0;0;0;0;794562,963;5825786,132;13,34059;52,50247\
198926;11;4;4041136;Hagenplatz;2019;9;13;6;3;5;2;0;1;1;0;0;0;0;0;790677,2585;5822691,548;13,2808;52,47681\
198927;11;10;10030727;Biesdorf S\'fcd;2019;9;12;6;3;2;6;0;0;1;0;0;0;0;0;809579,6671;5825096,55;13,56049;52,48798\
198928;11;3;3050920;Wei\'dfer See;2019;9;16;6;3;5;2;0;1;1;0;0;0;0;0;802307,5556;5832626,487;13,46056;52,55954\
198929;11;5;5020627;Tiefwerder;2019;9;12;6;2;5;2;0;0;1;0;0;0;0;0;785637,1357;5828028,701;13,21138;52,52732\
198930;11;1;1033102;Gesundbrunnen;2019;9;16;6;3;9;1;0;0;1;1;0;0;0;0;797157,349;5831905,615;13,38417;52,55591\
198931;11;12;12214422;Klixstra\'dfe;2019;9;12;6;3;2;6;0;0;1;0;0;0;1;0;792067,9287;5832942,158;13,31022;52,56796\
198932;11;1;1044103;Westliche M\'fcllerstra\'dfe;2019;9;16;6;3;5;2;0;1;1;0;0;0;0;0;794509,8518;5830643,201;13,34411;52,54604\
198933;11;10;10020414;Helle Mitte;2019;9;12;6;3;2;2;0;0;1;0;1;0;0;0;812069,9533;5830895,591;13,60248;52,53852\
198934;11;4;4020313;K\'f6nigin-Elisabeth-Stra\'dfe;2019;9;11;6;2;3;6;0;0;1;0;1;0;0;0;790476,7969;5826782,486;13,28143;52,51359\
198935;11;1;1011402;Arkonaplatz;2019;9;15;6;3;0;1;0;1;0;0;0;0;0;0;798718,9779;5829543,158;13,40501;52,53388\
198936;11;4;4030726;Droysenstra\'dfe;2019;9;15;6;2;5;2;0;1;1;0;0;0;0;0;792090,9959;5825291,91;13,30384;52,49937\
198937;11;4;4030623;Ernst-Reuter-Platz;2019;9;12;6;3;5;2;0;1;0;0;0;1;0;0;793674,295;5825995,311;13,32772;52,50482\
198938;11;1;1011401;Invalidenstra\'dfe;2019;9;19;6;1;9;7;1;0;1;1;0;0;1;0;798113,9677;5829348,009;13,39594;52,53247\
198939;11;4;4041343;Binger Stra\'dfe;2019;9;6;5;2;0;7;0;1;1;0;0;0;0;0;792742,6544;5823123,808;13,31151;52,47958\
198940;11;1;1011306;Heine-Viertel Ost;2019;9;4;5;2;6;2;2;0;1;1;0;0;0;1;799662,8836;5827043,626;13,41663;52,51096\
198941;11;7;7040405;Rathaus Tempelhof;2019;9;22;5;3;5;2;2;0;1;0;0;0;0;0;798893,609;5821213,683;13,4001;52,45913\
198942;11;2;2020204;Urbanstra\'dfe;2019;9;20;5;3;2;6;2;0;1;0;0;0;0;0;798296,1892;5825339,96;13,39503;52,49644\
198943;11;6;6040810;Dahlem;2019;9;20;5;3;5;2;2;1;1;0;0;0;0;0;790352,3107;5820678,943;13,27428;52,45894\
198944;11;12;12214125;Waldidyll/Flughafensee;2019;9;18;5;2;0;7;0;1;0;0;0;0;0;0;791061,4568;5833909,291;13,29627;52,57717\
198945;11;10;10030727;Biesdorf S\'fcd;2019;9;18;5;2;5;3;0;0;1;0;0;0;0;0;809838,2586;5825689,294;13,56483;52,49314\
198946;11;3;3071639;B\'f6tzowstra\'dfe;2019;9;21;5;3;5;3;2;1;1;0;0;0;0;0;800962,4858;5829193,916;13,43767;52,52952\
198947;11;6;6020303;Lankwitz Kirche;2019;9;10;5;3;5;2;0;1;1;0;0;0;0;0;795189,6191;5818764,689;13,34358;52,43919\
198948;11;1;1022104;Emdener Stra\'dfe;2019;9;17;5;3;5;3;0;1;0;0;0;0;0;1;794303,1401;5828462,655;13,33914;52,5266\
198949;11;10;10030727;Biesdorf S\'fcd;2019;9;17;5;3;2;6;0;0;1;0;0;0;0;0;809717,4314;5826033,113;13,56338;52,49629\
198950;11;1;1044202;Sparrplatz;2019;9;12;5;3;2;6;0;0;1;0;0;0;0;0;795400,87;5830610,899;13,35718;52,54526\
198951;11;12;12103218;Teichstra\'dfe;2019;9;11;5;3;5;2;0;1;1;0;0;0;0;0;794565,1456;5833792,474;13,34772;52,57424\
198952;11;3;3061131;Falkplatz;2019;9;11;5;3;5;2;0;1;1;0;0;0;0;0;799135,5132;5830601,35;13,41208;52,54314\
198953;11;3;3020209;Niedersch\'f6nhausen;2019;9;9;5;3;5;3;0;1;1;0;0;0;0;0;797885,1622;5834642,227;13,39733;52,58005\
198954;11;10;10010310;Alt-Marzahn;2019;9;9;5;3;2;6;0;0;1;0;0;1;0;0;808094,6883;5830922,342;13,54408;52,54103\
198955;11;4;4020313;K\'f6nigin-Elisabeth-Stra\'dfe;2019;9;8;5;3;3;6;0;0;1;0;0;0;0;0;790151,2832;5826070,444;13,27602;52,50738\
198956;11;6;6030607;Goerzwerke;2019;9;8;5;3;2;6;0;0;1;0;0;1;0;0;792224,3246;5816651,021;13,29823;52,42183\
198957;11;7;7040406;Germaniagarten;2019;9;8;5;3;5;2;0;1;1;0;0;0;0;0;800253,7607;5821586,116;13,42039;52,46172\
198958;11;3;3040512;Wilhelmsruh;2019;9;8;5;3;0;2;0;1;1;0;0;0;0;0;796916,2901;5835822,402;13,38413;52,59116\
198959;11;9;9010402;Johannisthal Ost;2019;9;8;5;3;0;2;0;0;1;0;1;0;0;1;806491,1354;5820058,823;13,51051;52,44457\
198960;11;5;5030731;Gartenfelder Stra\'dfe;2019;9;8;5;2;5;3;0;1;0;0;0;0;1;0;788001,8548;5830207,936;13,24803;52,54561\
198961;11;4;4020209;Eichkamp;2019;9;17;5;3;0;5;0;0;0;0;1;0;1;0;789816,8155;5824903,04;13,27009;52,49709\
198962;11;8;8020726;Buckow West;2019;9;17;5;3;5;3;0;0;1;0;0;0;0;0;799906,6176;5816245,14;13,41051;52,41404\
198963;11;12;12224230;Heiligensee;2019;9;17;5;3;5;2;0;1;1;0;0;0;0;0;787290,0051;5837899,624;13,24423;52,61495\
198964;11;4;4051654;Wilhelmsaue;2019;9;17;5;2;6;7;0;0;1;1;0;0;0;0;793599,8418;5823944,754;13,32482;52,48648\
198965;11;4;4030726;Droysenstra\'dfe;2019;9;17;5;3;5;3;0;0;1;0;0;0;0;0;792090,8326;5825281,779;13,30383;52,49927\
198966;11;5;5040934;Alt-Gatow;2019;9;16;5;2;0;1;0;1;0;0;0;0;0;0;783826,613;5823585,922;13,18097;52,48843\
198967;11;5;5040936;J\'e4gerallee;2019;9;7;5;3;5;3;0;1;1;0;0;0;0;0;780779,1452;5820414,777;13,13354;52,46157\
198968;11;4;4030931;Breitscheidplatz;2019;9;15;5;3;6;4;0;0;1;1;0;0;0;0;794436,5297;5825886,939;13,33882;52,50344\
198969;11;9;9041401;Allende I;2019;9;7;5;2;6;4;0;0;1;1;0;0;0;0;811649,5107;5820424,135;13,58651;52,44493\
198970;11;5;5010312;Kurstra\'dfe;2019;9;15;6;2;5;3;0;0;1;0;1;0;0;0;785088,2385;5829871,69;13,20489;52,54413\
198971;11;10;10020414;Helle Mitte;2019;9;15;5;3;6;2;0;0;1;1;0;0;0;0;812237,7694;5830686,179;13,60475;52,53655\
198972;11;1;1022104;Emdener Stra\'dfe;2019;9;15;6;3;1;5;0;1;1;0;0;0;0;0;794363,2458;5828435,887;13,34;52,52633\
198973;11;6;6040701;Wannsee;2019;9;15;6;3;5;3;0;1;1;0;0;0;0;0;782334,5566;5815313,249;13,15206;52,41503\
198974;11;9;9020502;Obersch\'f6neweide Ost;2019;9;7;5;3;0;1;0;0;0;0;1;0;0;1;809101,9055;5821545,987;13,55018;52,45643\
198975;11;1;1033102;Gesundbrunnen;2019;9;15;5;3;5;2;0;1;1;0;0;0;0;0;797317,6553;5831634,203;13,38628;52,55339\
198976;11;1;1011304;Karl-Marx-Allee;2019;9;21;6;3;2;6;2;0;1;0;0;0;0;0;799773,0299;5827532,78;13,41869;52,51529\
198977;11;4;4030518;Tegeler Weg;2019;9;15;5;3;5;3;0;0;1;0;0;0;0;0;791699,3505;5828394,776;13,30081;52,52739\
198978;11;10;10020518;Schleipfuhl;2019;9;6;5;3;5;3;1;0;1;0;0;0;0;1;812935,6646;5830025,092;13,61438;52,53023\
198979;11;4;4051549;Rathaus Wilmersdorf;2019;9;7;5;3;5;2;0;1;1;0;0;0;0;1;793312,8333;5823634,548;13,32033;52,48385\
198980;11;6;6010102;Schlo\'dfstra\'dfe;2019;9;11;5;3;0;1;0;1;0;0;0;0;0;0;793733,9796;5821072,301;13,32426;52,46066\
198981;11;2;2020205;Chamissokiez;2019;9;14;5;3;5;5;0;1;1;0;0;0;0;0;798318,1772;5824281,804;13,3944;52,48694\
198982;11;6;6040810;Dahlem;2019;9;16;5;3;5;2;0;1;1;0;0;0;0;0;790387,9079;5820839,826;13,27494;52,46036\
198983;11;6;6040804;Krumme Lanke;2019;9;15;5;3;6;4;0;1;0;1;0;0;0;0;787606,683;5818080,596;13,23175;52,43709\
198984;11;6;6030504;Teltower Damm;2019;9;6;5;2;2;7;0;0;1;0;0;0;1;1;789969,7896;5816232,012;13,26481;52,41927\
198985;11;7;7020201;Bayerischer Platz;2019;9;16;5;3;2;2;0;1;1;0;0;0;0;0;794860,4586;5824286,138;13,34363;52,48886\
198986;11;7;7020203;Kaiser-Wilhelm-Platz;2019;9;14;5;3;5;7;0;0;0;0;1;0;1;0;795520,026;5824366,932;13,35339;52,48923\
198987;11;1;1011304;Karl-Marx-Allee;2019;9;16;5;3;0;5;0;0;1;0;1;0;0;0;799525,1455;5827882,935;13,41536;52,51856\
198988;11;7;7010104;Dennewitzplatz;2019;9;14;5;3;5;3;0;1;1;0;0;0;0;0;796317,4343;5824924,649;13,36559;52,49379\
198989;11;4;4030620;Alt-Lietzow;2019;9;16;5;2;5;2;0;0;1;0;0;0;1;0;791860,0091;5827450,856;13,30234;52,51884\
198990;11;9;9010401;Johannisthal West;2019;9;14;5;3;0;2;0;0;1;0;1;0;0;0;806318,2569;5820929,401;13,50878;52,45247\
198991;11;7;7040402;Lindenhofsiedlung;2019;9;15;5;3;0;6;0;0;1;0;0;0;1;0;796815,0176;5822356,345;13,37061;52,4705\
198992;11;12;12214125;Waldidyll/Flughafensee;2019;9;15;5;3;2;2;0;0;1;0;1;0;0;0;790950,624;5833803,845;13,29454;52,57628\
198993;11;4;4020310;Park Ruhwald;2019;9;6;5;3;0;1;0;0;0;0;1;0;0;1;790238,6465;5828094,398;13,27907;52,52548\
198994;11;12;12301204;Wittenau Nord;2019;9;6;5;3;5;3;0;0;1;0;1;0;0;1;792459,9968;5835351,616;13,31812;52,58935\
198995;11;5;5010312;Kurstra\'dfe;2019;9;15;5;3;1;5;0;1;1;0;0;0;0;0;784779,2556;5830471,799;13,20086;52,54967\
198996;11;11;11030618;Fennpfuhl West;2019;9;15;5;3;1;5;0;0;1;0;0;0;0;0;802870,8929;5828733,706;13,4653;52,52434\
198997;11;12;12103117;Letteplatz;2019;9;6;5;2;0;3;1;0;1;0;1;0;0;1;796397,3394;5832691,147;13,37369;52,56337\
198998;11;3;3010102;Buch;2019;9;14;5;3;5;3;0;0;1;0;0;0;0;0;804371,698;5840424,6;13,49808;52,62828\
198999;11;8;8020622;Parchimer Allee;2019;9;18;5;2;0;7;1;0;0;0;1;0;0;1;801261,5273;5819679,711;13,43346;52,44408\
199000;11;11;11040926;Weitlingstra\'dfe;2019;9;14;5;2;6;4;0;1;0;1;0;0;0;0;805049,0543;5826744,562;13,49548;52,5053\
199001;11;2;2040703;Wriezener Bahnhof/Entwicklungsgebiet;2019;9;13;5;3;5;3;0;1;0;0;0;0;1;0;801767,78;5826253,667;13,44684;52,50272\
199002;11;11;11030720;Herzbergstra\'dfe;2019;9;13;5;2;5;3;0;1;1;0;0;0;0;0;805186,448;5829419,154;13,49995;52,52919\
199003;11;12;12231101;Hermsdorf;2019;9;14;5;3;5;3;0;1;1;0;0;0;0;0;792104,8276;5837987,676;13,31522;52,61317\
199004;11;1;1044203;Leopoldplatz;2019;9;13;5;3;2;6;0;0;1;0;0;0;0;0;795425,0095;5831585,772;13,3584;52,55399\
199005;11;12;12214424;Scharnweberstra\'dfe;2019;9;11;5;3;3;6;0;0;1;0;0;1;0;0;793380,707;5832503,054;13,32915;52,56332\
199006;11;2;2040701;Andreasviertel;2019;9;11;5;3;2;6;0;1;0;0;0;0;0;0;800602,469;5827039,541;13,43043;52,51041\
199007;11;4;4031032;Halensee;2019;9;23;5;2;5;7;2;0;1;0;0;0;0;0;791018,7496;5824869,104;13,28772;52,49615\
199008;11;1;1022106;Elberfelder Stra\'dfe;2019;9;14;5;3;6;4;0;0;0;1;0;0;1;0;794441,445;5828357,572;13,34108;52,52558\
199009;11;10;10020414;Helle Mitte;2019;9;15;5;3;5;3;0;1;1;0;0;0;0;0;812014,3105;5830885,123;13,60165;52,53846\
199010;11;2;2040502;Friedenstra\'dfe;2019;9;12;4;3;2;6;0;1;1;0;0;0;0;0;800761,124;5828450,768;13,43404;52,52297\
199011;11;2;2010102;Mehringplatz;2019;9;20;5;3;5;3;2;0;1;0;0;0;0;0;798181,2702;5826512,423;13,39439;52,50701\
199012;11;1;3071536;Teutoburger Platz;2019;9;14;4;3;3;3;0;1;1;0;0;0;0;0;799083,2619;5829018,168;13,40989;52,52898\
199013;11;3;3040818;Pankow S\'fcd;2019;9;19;5;3;0;4;2;0;0;1;1;0;0;0;799472,9368;5831859,933;13,41818;52,55424\
199014;11;7;7020201;Bayerischer Platz;2019;9;18;5;2;3;6;0;0;1;0;0;0;0;0;794959,9965;5824119,398;13,34494;52,48731\
199015;11;1;1011302;Oranienburger Stra\'dfe;2019;9;20;4;3;3;6;2;0;1;0;0;0;0;0;798440,8004;5829047,187;13,40047;52,52959\
199016;11;1;1044202;Sparrplatz;2019;9;19;4;3;5;2;0;1;1;0;0;0;0;0;794610,7721;5829870,924;13,34491;52,53906\
199017;11;4;4031032;Halensee;2019;9;18;5;3;5;3;0;0;1;0;0;0;0;0;790953,3799;5824833,665;13,28673;52,49587\
199018;11;5;5020523;Maulbeerallee;2019;9;18;5;2;5;3;0;1;1;0;0;0;0;0;783047,9776;5827281,903;13,17268;52,52197\
199019;11;7;7050504;Imbrosweg;2019;9;19;4;2;1;5;0;0;1;0;0;0;0;0;799799,871;5820465,21;13,41273;52,45192\
199020;11;6;6030504;Teltower Damm;2019;9;17;5;2;5;2;0;0;1;0;1;0;0;0;790159,6668;5815444,938;13,26691;52,41212\
199021;11;1;1011302;Oranienburger Stra\'dfe;2019;9;18;4;3;1;5;0;1;0;0;0;1;1;0;797978,0969;5828497,12;13,39318;52,52491\
199022;11;12;12103116;Hausotterplatz;2019;9;17;5;2;6;4;0;0;1;1;0;0;0;0;796586,6659;5833580,743;13,37727;52,57124\
199023;11;12;12103117;Letteplatz;2019;9;18;4;3;2;6;0;0;1;0;0;0;0;0;796644,8088;5832450,284;13,37712;52,56108\
199024;11;4;4031032;Halensee;2019;9;10;5;3;1;5;0;1;1;0;0;0;0;0;791536,3916;5825100,987;13,29553;52,49795\
199025;11;4;4030417;Schlo\'dfstra\'dfe;2019;9;18;4;3;1;5;0;0;1;0;0;0;0;0;791813,6828;5826919,663;13,30119;52,51411\
199026;11;4;4051654;Wilhelmsaue;2019;9;10;5;3;5;3;0;0;1;0;1;0;0;0;793439,655;5823835,308;13,32237;52,48558\
199027;11;5;5020417;Staakener Stra\'dfe;2019;9;10;5;3;5;3;0;0;1;0;1;0;0;1;782822,87;5828571,97;13,17047;52,53366\
199028;11;8;8041037;Alt-Rudow;2019;9;18;4;3;5;3;0;0;1;0;1;0;0;0;805698,2509;5816979,992;13,49607;52,41742\
199029;11;4;4051653;Prager Platz;2019;9;18;4;3;2;6;0;0;1;0;0;0;0;0;793976,8586;5824691,003;13,33101;52,49297\
199030;11;1;1044101;Rehberge;2019;9;9;5;3;3;6;0;0;1;0;0;0;0;0;794526,2502;5831578,961;13,34518;52,55442\
199031;11;5;5010314;Carl-Schurz-Stra\'dfe;2019;9;18;4;3;3;6;0;0;0;0;1;0;1;0;784940,0555;5829395,125;13,2023;52,53994\
199032;11;3;3061429;Greifswalder Stra\'dfe;2019;9;9;5;3;5;3;0;1;1;0;0;0;0;0;801415,3715;5830908,652;13,44588;52,54464\
199033;11;9;9020502;Obersch\'f6neweide Ost;2019;9;17;4;3;5;2;0;0;1;0;1;0;0;0;807079,3213;5822532,697;13,52142;52,46641\
199034;11;4;4020310;Park Ruhwald;2019;9;9;5;3;3;6;0;0;0;0;1;0;1;0;790142,5873;5827332,632;13,277;52,5187\
199035;11;1;1011306;Heine-Viertel Ost;2019;9;17;4;3;5;2;0;1;0;0;1;0;0;0;799774,106;5826561,658;13,41783;52,50658\
199036;11;8;8020622;Parchimer Allee;2019;9;7;5;3;2;7;0;1;1;0;0;0;0;0;802316,0528;5819329,018;13,44861;52,44035\
199037;11;3;3040508;Rosenthal;2019;9;16;4;2;5;3;0;1;1;0;0;0;0;0;795890,3772;5836466,663;13,3696;52,59749\
199038;11;1;1011303;Alexanderplatzviertel;2019;9;8;5;3;5;3;0;1;0;0;1;0;0;1;799350,0423;5828621,446;13,41345;52,52528\
199039;11;2;2020202;Rathaus Yorckstra\'dfe;2019;9;7;5;3;5;2;0;1;1;0;0;0;0;1;797943,0511;5825259,136;13,38977;52,49591\
199040;11;4;4031032;Halensee;2019;9;16;4;3;2;3;0;1;1;0;0;0;0;0;791451,2681;5825070,675;13,29425;52,49772\
199041;11;12;12214424;Scharnweberstra\'dfe;2019;9;5;5;2;0;3;2;1;1;0;0;0;0;1;793471,3267;5832412,124;13,3304;52,56245\
199042;11;2;2010103;Moritzplatz;2019;9;16;4;3;1;5;0;1;1;0;0;0;0;0;799553,659;5826112,818;13,41419;52,50268\
199043;11;1;1022207;Hansaviertel;2019;9;16;5;2;6;4;0;1;0;1;0;0;0;0;794635,4703;5827606,908;13,34326;52,51875\
199044;11;1;1011301;Charit\'e9viertel;2019;9;8;4;3;3;6;0;1;1;0;0;0;0;0;797615,0966;5828331,117;13,3877;52,52362\
199045;11;8;8020621;Mohriner Allee Nord;2019;9;15;4;3;3;6;0;1;0;0;0;0;0;0;800340,0042;5819243,086;13,41955;52,44067\
199046;11;9;9020702;Adlershof Ost;2019;9;15;4;3;0;3;0;1;0;0;0;0;1;0;809317,3531;5819371,469;13,55133;52,43682\
199047;11;6;6010101;Fichtenberg;2019;9;15;4;3;5;3;0;1;1;0;0;0;0;0;793150,8323;5820833,713;13,31549;52,45883\
199048;11;8;8010213;K\'f6rnerpark;2019;9;16;4;3;2;2;0;1;0;0;0;0;1;0;801047,945;5822427,431;13,43281;52,46882\
199049;11;1;1011204;Leipziger Stra\'dfe;2019;9;15;4;3;2;2;0;1;0;0;0;0;1;0;798674,1392;5827587,342;13,40259;52,51638\
199050;11;4;4010102;Pl\'f6tzensee;2019;9;21;4;3;2;6;2;0;1;0;0;0;0;0;792952,391;5830401,108;13,32099;52,54471\
199051;11;9;9051702;B\'f6lschestra\'dfe;2019;9;12;4;3;5;2;0;1;1;0;0;0;0;0;814202,6549;5821326,771;13,6248;52,45155\
199052;11;1;1011204;Leipziger Stra\'dfe;2019;9;21;4;3;5;3;2;0;1;0;0;0;0;0;797990,9746;5826785,847;13,39184;52,50957\
199053;11;5;5020524;Weinmeisterhornweg;2019;9;20;4;3;6;4;2;1;0;1;0;0;0;0;783391,7432;5826748,951;13,17728;52,51702\
199054;11;7;7030301;Friedenau;2019;9;11;4;3;6;2;0;0;1;1;0;0;0;0;794227,6175;5822417,879;13,33269;52,47245\
199055;11;1;1033203;Humboldthain Nordwest;2019;9;11;4;2;2;2;0;0;0;0;1;0;0;0;796492,6671;5830527,07;13,37316;52,54392\
199056;11;11;11030721;R\'fcdigerstra\'dfe;2019;9;20;4;3;5;2;2;0;1;0;1;0;0;0;804272,2537;5827873,91;13,4851;52,51585\
199057;11;1;1044101;Rehberge;2019;9;10;4;3;2;3;0;0;1;0;0;0;1;0;794315,151;5830463,331;13,34109;52,54453\
199058;11;4;4041137;Flinsberger Platz;2019;9;20;4;2;6;4;2;0;1;1;0;0;0;0;790720,9332;5822721,683;13,28147;52,47705\
199059;11;9;9020601;Schnellerstra\'dfe;2019;9;0;4;3;5;3;2;0;1;0;0;0;0;0;805908,598;5821824,27;13,50359;52,46072\
199060;11;1;1033202;Humboldthain S\'fcd;2019;9;19;4;3;1;5;2;0;1;0;0;0;0;0;797740,6014;5830210,532;13,39122;52,5404\
199061;11;9;9041402;Siedlung K\'e4mmereiheide;2019;9;10;4;3;6;4;0;1;0;1;0;0;0;0;812133,011;5820713,967;13,59387;52,44725\
199062;11;3;3030715;Heinersdorf;2019;9;19;4;3;5;2;1;0;1;0;0;0;0;0;800625,7595;5833910,766;13,43699;52,57198\
199063;11;3;3061131;Falkplatz;2019;9;19;4;3;4;6;1;1;0;0;0;0;0;0;798695,0606;5830312,633;13,40535;52,54079\
199064;11;4;4041344;R\'fcdesheimer Platz;2019;9;10;4;3;0;5;0;0;1;0;1;0;0;0;792861,1548;5822921,14;13,31307;52,4777\
199065;11;3;3061131;Falkplatz;2019;9;19;4;3;3;6;0;1;0;0;0;0;0;0;798725,3965;5830324,222;13,4058;52,54088\
199066;11;6;6020304;Kaiser-Wilhelm-Stra\'dfe;2019;9;15;4;3;5;3;0;1;0;0;0;0;1;0;794628,4565;5817924,641;13,33461;52,43196\
199067;11;2;2050802;Boxhagener Platz;2019;9;18;4;3;0;1;0;1;1;0;0;0;0;0;802697,3937;5827237,595;13,46138;52,51103\
199068;11;12;12214125;Waldidyll/Flughafensee;2019;9;10;4;2;5;2;0;0;1;0;0;0;0;0;790969,2616;5833803,375;13,29482;52,57627\
199069;11;5;5030833;Motardstra\'dfe;2019;9;17;4;3;5;3;0;0;1;0;0;0;0;0;788171,866;5829380,851;13,24981;52,53811\
199070;11;5;5030730;Zitadellenweg;2019;9;14;4;3;5;2;0;1;0;0;0;0;1;0;786916,8857;5829320,829;13,2313;52,53823\
199071;11;11;11041022;Rosenfelder Ring;2019;9;17;4;3;2;6;0;0;1;0;0;0;0;0;806576,4555;5827780,152;13,51886;52,51372\
199072;11;9;9051901;Dammvorstadt;2019;9;9;4;3;5;3;0;1;1;0;0;0;0;0;810887,1485;5821450,313;13,57628;52,45456\
199073;11;4;4020313;K\'f6nigin-Elisabeth-Stra\'dfe;2019;9;10;4;3;5;3;0;0;1;0;0;0;0;0;790399,0725;5826230,519;13,2798;52,50868\
199074;11;3;3061430;Volkspark Prenzlauer Berg;2019;9;17;4;3;5;2;0;1;1;0;0;0;0;0;802328,8842;5829223,813;13,45778;52,52903\
199075;11;7;7040403;Manteuffelstra\'dfe;2019;9;14;4;3;5;2;0;1;1;0;0;0;0;0;797329,7373;5822178,812;13,37801;52,46863\
199076;11;7;7040402;Lindenhofsiedlung;2019;9;16;4;3;5;3;0;0;1;0;0;0;1;0;796823,0606;5822178,11;13,37057;52,4689\
199077;11;4;4031032;Halensee;2019;9;14;4;3;5;3;0;0;1;0;1;0;0;0;791837,2607;5824715,41;13,29961;52,49433\
199078;11;11;11020516;Wei\'dfe Taube;2019;9;16;4;3;2;6;0;0;1;0;0;0;0;0;806052,4786;5830622,568;13,51378;52,53949\
199079;11;6;6010101;Fichtenberg;2019;9;14;4;3;5;2;0;1;1;0;0;0;0;0;793194,1765;5820228,557;13,31559;52,45338\
199080;11;1;1011202;Unter den Linden Nord;2019;9;7;4;3;5;2;0;1;0;0;1;0;0;0;798551,3148;5827801,312;13,40098;52,51836\
199081;11;9;9020501;Obersch\'f6neweide West;2019;9;12;4;3;5;3;0;0;0;0;0;0;1;0;806104,1498;5822162,186;13,50677;52,46364\
199082;11;5;5010314;Carl-Schurz-Stra\'dfe;2019;9;9;4;3;0;2;0;0;1;0;0;0;1;0;784836,11;5829150,252;13,20056;52,53779\
199083;11;8;8041035;Blumenviertel;2019;9;14;4;3;5;2;0;0;1;0;1;0;0;0;804040,276;5819198,196;13,47378;52,43822\
199084;11;12;12231102;Frohnau;2019;9;12;4;3;1;5;0;1;1;0;0;0;0;0;790367,8558;5840191,586;13,29157;52,63386\
199085;11;6;6010210;Bismarckstra\'dfe;2019;9;12;4;3;5;3;0;0;1;0;1;0;0;0;794970,6958;5821024,288;13,34236;52,45956\
199086;11;4;4051549;Rathaus Wilmersdorf;2019;9;10;4;2;5;2;0;1;0;0;0;0;1;0;793319,7835;5823612,353;13,32041;52,48365\
199087;11;2;2030401;Reichenberger Stra\'dfe;2019;9;11;4;3;0;7;0;0;1;0;0;0;0;0;800659,0783;5825676,857;13,43003;52,49816\