OBJECTID;LAND;BEZ;LOR;STRASSE;UJAHR;UMONAT;USTUNDE;UWOCHENTAG;UKATEGORIE;UART;UTYP1;ULICHTVERH;IstRad;IstPKW;IstFuss;IstKrad;IstGkfz;IstSonstige;USTRZUSTAND;LINREFX;LINREFY;XGCSWGS84;YGCSWGS84\
199088;11;4;4041137;Flinsberger Platz;2019;9;13;4;2;6;4;0;0;0;1;1;0;0;0;791490,6579;5823561,321;13,29351;52,48417\
199089;11;9;9020501;Obersch\'f6neweide West;2019;9;11;4;3;5;2;0;1;0;0;0;1;0;0;806555,5223;5822315,907;13,51353;52,46476\
199090;11;1;1044203;Leopoldplatz;2019;9;10;4;3;1;5;0;1;1;0;0;0;1;0;795955,4405;5831941,016;13,36652;52,55689\
199091;11;10;10030724;Oberfeldstra\'dfe;2019;9;9;4;3;5;7;0;0;1;0;0;0;0;0;809591,5677;5828542,361;13,56386;52,51885\
199092;11;8;8010301;Reuterkiez;2019;9;10;4;3;5;2;0;1;1;0;0;0;0;0;800564,9943;5825143,543;13,42817;52,49343\
199093;11;4;4030622;Richard-Wagner-Stra\'dfe;2019;9;9;4;3;1;5;0;1;1;0;0;0;0;0;792215,8271;5826927,208;13,30711;52,51396\
199094;11;7;7020201;Bayerischer Platz;2019;9;12;4;3;5;2;0;0;1;0;0;0;0;0;794935,6795;5824669,576;13,34507;52,49226\
199095;11;1;1011102;Gro\'dfer Tiergarten;2019;9;8;4;3;2;2;0;0;1;0;1;0;0;0;795126,1378;5827083,722;13,35001;52,51379\
199096;11;11;11040926;Weitlingstra\'dfe;2019;9;8;4;3;5;2;0;1;1;0;0;0;0;0;806684,3788;5826910,934;13,51965;52,50587\
199097;11;11;11030618;Fennpfuhl West;2019;9;9;4;3;0;6;0;0;1;0;0;1;0;0;802788,3019;5829423,1;13,46471;52,53056\
199098;11;2;2040703;Wriezener Bahnhof/Entwicklungsgebiet;2019;9;8;4;3;5;2;0;1;1;0;0;0;0;0;801754,308;5826263,126;13,44665;52,50281\
199099;11;7;7010102;Nollendorfplatz;2019;9;7;4;3;6;7;0;0;0;0;0;0;1;0;795061,2322;5825003,237;13,34721;52,49518\
199100;11;12;12304314;Ziekowstra\'dfe/Freie Scholle;2019;9;7;4;3;5;2;0;1;1;0;0;0;0;0;790616,8918;5835985,806;13,29154;52,59602\
199101;11;9;9051801;Rahnsdorf/Hessenwinkel;2019;9;12;4;3;5;3;0;1;1;0;0;0;0;0;820724,3371;5819513,518;13,7187;52,43152\
199102;11;2;2010102;Mehringplatz;2019;9;7;4;3;3;6;0;1;1;0;0;0;0;0;798043,7731;5826515,471;13,39237;52,50711\
199103;11;4;4010101;Jungfernheide;2019;9;6;4;2;0;3;0;0;1;0;1;0;0;0;791326,4554;5830671,59;13,29732;52,548\
199104;11;12;12301203;Wittenau S\'fcd;2019;9;5;4;3;0;3;2;1;1;0;0;0;0;0;793276,6137;5835161,461;13,32997;52,58721\
199105;11;5;5010101;Hakenfelde Nord;2019;9;5;4;3;0;7;1;0;0;0;1;0;0;0;785040,1252;5834240,211;13,20793;52,58332\
199106;11;9;9051901;Dammvorstadt;2019;9;6;4;3;5;2;0;1;1;0;0;0;0;0;810259,7449;5821449,385;13,56708;52,45491\
199107;11;9;9041402;Siedlung K\'e4mmereiheide;2019;9;14;4;3;0;2;0;0;1;0;0;0;1;0;812358,0207;5820086,447;13,59658;52,4415\
199108;11;5;5010101;Hakenfelde Nord;2019;9;0;4;3;6;4;2;0;0;1;0;0;1;0;785422,2312;5831689,592;13,21136;52,56026\
199109;11;12;12214527;Alt-Tegel;2019;9;16;4;3;9;1;0;0;1;0;0;0;0;0;790193,9973;5835155,307;13,28459;52,5888\
199110;11;12;12214424;Scharnweberstra\'dfe;2019;9;12;3;3;5;3;0;0;1;0;0;0;0;0;792925,2331;5832701,144;13,32262;52,56534\
199111;11;8;8010117;Schillerpromenade;2019;9;15;4;3;5;2;0;1;1;0;0;0;0;0;800178,9217;5823637,139;13,42114;52,48014\
199112;11;11;11030721;R\'fcdigerstra\'dfe;2019;9;17;3;3;1;5;0;1;1;0;0;0;0;0;805174,3836;5827754,936;13,49824;52,51428\
199113;11;12;12214424;Scharnweberstra\'dfe;2019;9;15;4;3;3;6;0;0;1;0;1;0;0;0;793422,4699;5832399,664;13,32967;52,56237\
199114;11;4;4030415;Schlo\'dfgarten;2019;9;15;4;2;0;7;0;1;1;0;0;0;0;0;791091,7479;5827434,103;13,29104;52,5191\
199115;11;11;11040926;Weitlingstra\'dfe;2019;9;8;3;3;5;3;0;1;0;0;0;0;0;0;806621,4483;5827363,831;13,51914;52,50997\
199116;11;11;11051330;Karlshorst West;2019;9;15;4;3;5;2;0;1;1;0;0;0;0;0;807269,8838;5825414,629;13,52687;52,49213\
199117;11;10;10010310;Alt-Marzahn;2019;9;15;4;3;5;7;0;0;0;0;1;0;1;0;809026,3136;5830230,872;13,55713;52,5343\
199118;11;3;3040614;Pankow Zentrum;2019;9;14;3;3;5;3;0;0;1;0;1;0;0;0;800200,6578;5835970,18;13,4326;52,59068\
199119;11;1;1011202;Unter den Linden Nord;2019;9;11;4;3;0;1;0;1;0;0;0;0;0;0;798150,0458;5828007,793;13,39527;52,52043\
199120;11;2;2030402;Wrangelkiez;2019;9;23;3;3;1;5;2;0;0;0;0;0;1;0;801296,1346;5825740,862;13,43944;52,49839\
199121;11;7;7040405;Rathaus Tempelhof;2019;9;13;4;3;5;3;0;0;1;0;0;0;0;0;798623,3971;5820654,61;13,39564;52,45426\
199122;11;1;1044201;Reinickendorfer Stra\'dfe;2019;9;12;4;3;5;2;0;1;1;0;0;0;0;0;796983,8306;5831935,137;13,38164;52,55627\
199123;11;1;1022202;Heidestra\'dfe;2019;9;15;3;3;5;2;0;1;1;0;0;0;0;0;795668,9129;5829732,336;13,36034;52,53724\
199124;11;5;5010314;Carl-Schurz-Stra\'dfe;2019;9;20;3;2;6;4;1;0;1;1;0;0;0;0;783765,4481;5829117,539;13,18479;52,53806\
199125;11;1;1022202;Heidestra\'dfe;2019;9;8;4;2;0;7;0;0;1;0;0;0;0;0;795669,3721;5829731,688;13,36035;52,53724\
199126;11;5;5020523;Maulbeerallee;2019;9;13;3;3;2;7;0;0;1;0;0;0;0;0;782785,7808;5827465,322;13,16898;52,52376\
199127;11;1;1011201;Wilhelmstra\'dfe;2019;9;20;3;3;2;6;2;1;1;0;0;0;0;0;797481,3231;5826772,855;13,38434;52,50973\
199128;11;1;1033101;Soldiner Stra\'dfe;2019;9;16;3;2;5;3;0;0;1;0;1;0;0;0;796410,2756;5832008,862;13,37327;52,55725\
199129;11;12;12214527;Alt-Tegel;2019;9;15;3;3;5;3;0;1;1;0;0;0;0;0;789877,6087;5835060,533;13,27985;52,58812\
199130;11;8;8020622;Parchimer Allee;2019;9;19;3;3;5;2;1;0;1;0;0;0;0;0;802363,1518;5819912,373;13,44983;52,44555\
199131;11;6;6030606;Hindenburgdamm;2019;9;12;3;3;1;5;0;0;1;0;1;0;0;0;793540,5988;5819465,487;13,32001;52,44636\
199132;11;5;5020625;Borkumer Stra\'dfe;2019;9;16;3;3;5;2;0;0;1;0;0;0;0;0;783757,5195;5828683,632;13,1843;52,53417\
199133;11;1;1011202;Unter den Linden Nord;2019;9;14;3;2;0;1;0;0;0;0;0;0;1;0;798450,7807;5828005,653;13,39969;52,52025\
199134;11;2;2030401;Reichenberger Stra\'dfe;2019;9;16;3;3;3;6;0;0;1;0;1;0;0;0;800834,4682;5825579,742;13,43252;52,4972\
199135;11;9;9020802;K\'f6llnische Vorstadt;2019;9;18;3;3;2;6;0;0;1;0;0;0;0;0;810070,6275;5820414,385;13,56334;52,44574\
199136;11;9;9010301;Baumschulenstra\'dfe;2019;9;16;3;3;5;3;0;0;1;0;0;0;0;0;804628,6442;5821692,197;13,48469;52,46025\
199137;11;2;2040502;Friedenstra\'dfe;2019;9;14;3;3;2;7;0;1;1;0;0;0;0;0;801180,6724;5827977,197;13,43977;52,51849\
199138;11;5;5010311;Eiswerder;2019;9;16;3;3;5;7;0;0;1;0;1;0;0;0;785400,5526;5830329,886;13,20988;52,54808\
199139;11;6;6030607;Goerzwerke;2019;9;13;3;3;5;3;0;0;1;0;0;0;1;0;791486,5556;5816162,882;13,28699;52,41785\
199140;11;4;4051446;Preu\'dfenpark;2019;9;15;3;3;1;5;0;1;1;0;0;0;0;0;793072,9901;5824882,818;13,3179;52,49517\
199141;11;12;12103220;Humboldtstra\'dfe;2019;9;16;3;3;5;3;0;0;1;0;1;0;0;0;793692,8358;5833335,839;13,33448;52,57062\
199142;11;6;6030609;Augustaplatz;2019;9;15;3;3;2;6;0;0;1;0;0;0;1;0;793218,9905;5819605,761;13,31541;52,44779\
199143;11;9;9020701;Adlershof West;2019;9;17;3;3;5;2;0;1;0;0;0;0;1;0;807713,8476;5818106,469;13,52665;52,42638\
199144;11;1;1044102;Schillerpark;2019;9;15;3;3;2;6;0;1;1;0;0;0;0;0;794336,0977;5831769,219;13,34255;52,55622\
199145;11;4;4030725;Amtsgerichtsplatz;2019;9;13;3;3;0;3;0;0;1;0;0;0;1;1;791293,5924;5826056,792;13,2928;52,50665\
199146;11;1;1022102;Beusselkiez;2019;9;15;3;3;0;4;0;0;0;1;0;0;1;0;793567,6878;5828392,281;13,32827;52,52637\
199147;11;2;2030302;Lausitzer Platz;2019;9;15;3;3;2;7;0;1;1;0;0;0;0;0;801267,3758;5826185,358;13,43942;52,50239\
199148;11;10;10020415;Hellersdorfer Promenade;2019;9;13;3;2;1;5;0;0;1;0;0;0;1;1;812110,9654;5831312,797;13,60347;52,54224\
199149;11;12;12301205;Waidmannslust;2019;9;14;3;3;2;6;0;0;1;0;0;0;0;0;792463,9496;5837305,959;13,3199;52,60687\
199150;11;6;6030501;Berlepschstra\'dfe;2019;9;16;3;2;5;3;0;1;1;0;0;0;0;0;788735,0235;5816316,94;13,24678;52,42069\
199151;11;10;10040933;Mahlsdorf S\'fcd;2019;9;14;3;3;3;6;0;1;1;0;0;0;0;0;812374,2619;5824001,542;13,60048;52,47657\
199152;11;11;11040925;Victoriastadt;2019;9;14;3;3;5;3;0;1;1;0;0;0;0;0;803626,1416;5826566,052;13,47442;52,50449\
199153;11;3;3040614;Pankow Zentrum;2019;9;12;3;3;5;2;0;1;1;0;0;0;0;0;797852,8641;5833037,83;13,39541;52,56568\
199154;11;10;10010310;Alt-Marzahn;2019;9;14;3;3;5;2;0;1;1;0;0;0;0;0;809419,4542;5831091,694;13,56371;52,54179\
199155;11;8;8010211;Flughafenstra\'dfe;2019;9;11;3;3;5;7;0;0;1;0;0;0;0;0;800413,5958;5823917,009;13,42484;52,48252\
199156;11;4;4041342;Schlangenbader Stra\'dfe;2019;9;13;3;3;0;5;0;0;1;0;1;0;0;0;792421,5887;5822823,074;13,30653;52,47706\
199157;11;8;8020622;Parchimer Allee;2019;9;11;3;3;5;2;0;0;1;0;0;0;1;0;801315,423;5819540,193;13,43413;52,4428\
199158;11;4;4030931;Breitscheidplatz;2019;9;12;3;3;6;7;0;0;1;1;0;0;0;0;794406,6246;5825879,462;13,33837;52,50339\
199159;11;2;2020202;Rathaus Yorckstra\'dfe;2019;9;10;3;3;5;2;0;1;1;0;0;0;0;0;797941,3924;5825259,319;13,38974;52,49591\
199160;11;3;3051017;Rennbahnstra\'dfe;2019;9;10;3;3;0;2;0;0;0;0;1;1;0;0;802899,1251;5833160,605;13,46975;52,564\
199161;11;8;8041036;Zittauer Stra\'dfe;2019;9;10;3;2;5;7;0;0;1;0;1;0;0;0;804337,0373;5817011,978;13,47615;52,41846\
199162;11;1;1011303;Alexanderplatzviertel;2019;9;10;3;3;5;2;0;0;1;0;0;0;1;0;799244,0435;5828468,698;13,41176;52,52397\
199163;11;3;3040818;Pankow S\'fcd;2019;9;10;3;3;6;2;0;0;1;1;0;0;0;1;799830,8493;5831972,087;13,42354;52,55505\
199164;11;1;1044202;Sparrplatz;2019;9;10;3;3;5;2;0;1;1;0;0;0;0;0;794896,8303;5830251,901;13,34945;52,54232\
199165;11;4;4030725;Amtsgerichtsplatz;2019;9;10;3;2;5;2;0;0;1;0;1;0;0;1;791994,4482;5825975,239;13,30302;52,50554\
199166;11;9;9020701;Adlershof West;2019;9;9;3;3;6;2;0;0;1;1;0;0;0;0;808490,6184;5819052,531;13,53891;52,43443\
199167;11;4;4030417;Schlo\'dfstra\'dfe;2019;9;10;3;3;0;1;0;1;0;0;0;0;0;1;791485,6755;5827200,012;13,29662;52,5168\
199168;11;3;3061126;Arnimplatz;2019;9;22;3;3;0;1;2;1;0;0;0;0;0;0;798789,0635;5831459,103;13,40776;52,55102\
199169;11;11;11051229;Rummelsburg;2019;9;9;3;3;1;5;0;1;0;0;0;1;0;0;803811,9533;5826162,059;13,47678;52,50077\
199170;11;1;1044103;Westliche M\'fcllerstra\'dfe;2019;9;10;3;3;0;7;0;1;0;0;0;0;0;1;794681,9076;5830867,32;13,34684;52,54795\
199171;11;11;11030721;R\'fcdigerstra\'dfe;2019;9;8;3;3;0;6;0;1;1;0;0;0;0;0;804467,7607;5828170,809;13,48824;52,5184\
199172;11;7;7040401;Neu-Tempelhof;2019;9;8;3;3;5;2;0;1;1;0;0;0;0;0;798740,9929;5823947,057;13,40031;52,48371\
199173;11;5;5010101;Hakenfelde Nord;2019;9;8;3;3;2;6;0;0;1;0;0;0;1;0;785909,409;5831720,262;13,21856;52,56027\
199174;11;8;8020727;Buckow Mitte;2019;9;9;3;3;6;7;0;0;1;1;0;0;0;0;801558,392;5817398,114;13,43576;52,42346\
199175;11;4;4051448;Schaperstra\'dfe;2019;9;8;3;3;5;3;0;0;1;0;0;0;0;0;794238,835;5825413,649;13,3355;52,4993\
199176;11;2;2020203;Viktoriapark;2019;9;9;3;3;5;2;0;1;0;0;0;0;1;1;797482,6737;5824555,387;13,38238;52,48985\
199177;11;11;11030618;Fennpfuhl West;2019;9;7;3;3;6;4;0;0;0;1;1;0;0;0;803831,1037;5828730,982;13,4794;52,52378\
199178;11;2;2020205;Chamissokiez;2019;9;21;3;2;3;7;2;1;1;0;0;0;0;0;797953,3456;5824572,73;13,3893;52,48975\
199179;11;3;3051017;Rennbahnstra\'dfe;2019;9;7;3;3;5;2;0;1;1;0;0;0;0;0;803870,1244;5832202,451;13,48315;52,55487\
199180;11;1;1011103;L\'fctzowstra\'dfe;2019;9;7;3;3;2;6;0;0;1;0;0;0;0;1;795197,5509;5825926,792;13,35003;52,50339\
199181;11;6;6010205;S\'fcdende;2019;9;7;3;2;6;4;0;0;1;1;0;0;0;0;796289,8577;5819660,137;13,36051;52,44662\
199182;11;2;2050803;Stralauer Kiez;2019;9;7;3;3;5;2;0;1;1;0;0;0;0;1;803103,3215;5826087,077;13,4663;52,50049\
199183;11;1;1011202;Unter den Linden Nord;2019;9;6;3;3;5;3;0;1;1;0;0;0;0;0;797498,6972;5827762,657;13,38548;52,51859\
199184;11;1;1011302;Oranienburger Stra\'dfe;2019;9;23;3;3;5;3;2;1;0;0;1;0;0;0;798766,1177;5828963,647;13,40518;52,52866\
199185;11;8;8041036;Zittauer Stra\'dfe;2019;9;16;3;3;5;3;0;1;1;0;0;0;0;0;804552,0816;5816532,477;13,47886;52,41405\
199186;11;10;10010205;Marzahn Ost;2019;9;18;3;3;5;3;0;1;1;0;0;0;0;0;810404,7078;5832151,285;13,57918;52,55073\
199187;11;4;4030620;Alt-Lietzow;2019;9;17;3;3;0;4;0;1;0;1;0;0;0;0;791834,156;5827445,07;13,30196;52,51881\
199188;11;10;10030724;Oberfeldstra\'dfe;2019;9;8;3;3;0;3;0;0;1;0;0;0;1;0;809569,1481;5828034,71;13,56306;52,51431\
199189;11;8;8010117;Schillerpromenade;2019;9;14;3;3;2;6;0;0;1;0;0;0;1;0;800637,1323;5823074,979;13,42736;52,47485\
199190;11;4;4051652;Nikolsburger Platz;2019;9;17;3;2;5;2;0;0;1;0;1;0;0;0;793449,2175;5824326,268;13,32294;52,48998\
199191;11;6;6020409;K\'f6nigsberger Stra\'dfe;2019;9;16;3;3;5;3;0;0;1;0;0;0;1;0;793733,1144;5817611,638;13,3212;52,42963\
199192;11;12;12301203;Wittenau S\'fcd;2019;9;19;3;1;5;3;2;0;1;0;1;0;0;0;793553,0376;5834245,492;13,33323;52,57885\
199193;11;5;5010207;Darbystra\'dfe;2019;9;11;3;3;2;6;0;0;1;0;0;0;1;0;783690,7033;5830007,714;13,18445;52,54608\
199194;11;2;2030402;Wrangelkiez;2019;9;14;2;3;1;5;0;1;1;0;0;0;0;0;801759,2969;5825810,411;13,44631;52,49875\
199195;11;3;3061228;Erich-Weinert-Stra\'dfe;2019;9;1;3;3;5;3;2;0;1;0;0;0;0;1;800323,1832;5831578,622;13,43043;52,55125\
199196;11;8;8010212;Rollberg;2019;9;14;2;3;2;2;0;0;1;0;1;0;0;0;801294,5351;5823574,771;13,43746;52,47897\
199197;11;2;2040701;Andreasviertel;2019;9;14;3;3;1;5;0;0;1;0;0;0;1;0;800816,3544;5826885,741;13,43343;52,50891\
199198;11;10;10040828;Kaulsdorf Nord;2019;9;10;2;3;5;3;0;1;0;0;0;0;1;0;811202,376;5827915,258;13,58694;52,51231\
199199;11;11;11020513;Orankesee;2019;9;6;2;2;6;7;1;1;0;1;0;0;0;0;803020,725;5831351,302;13,46988;52,54772\
199200;11;11;11051332;Karlshorst S\'fcd;2019;9;8;2;3;2;2;0;1;1;0;0;0;0;0;807196,1272;5823898,684;13,52439;52,47859\
199201;11;11;11020411;Malchower Weg;2019;9;22;2;3;1;1;2;0;1;0;0;0;0;1;806376,9955;5832409,262;13,5202;52,55532\
199202;11;7;7030301;Friedenau;2019;9;16;2;3;5;3;0;1;0;0;0;0;0;0;794395,9639;5822574,251;13,3353;52,47376\
199203;11;7;7020204;Sch\'f6neberger Insel;2019;9;12;2;2;5;3;0;1;1;0;0;0;0;1;796128,7732;5823309,018;13,36139;52,47941\
199204;11;11;11051331;Karlshorst Nord;2019;9;5;2;3;6;7;2;0;1;0;0;0;1;1;807241,2649;5824227,978;13,52535;52,48151\
199205;11;12;12231101;Hermsdorf;2019;9;21;2;2;5;3;2;0;1;0;1;0;0;0;791421,1803;5838754,895;13,30582;52,62042\
199206;11;12;12302109;Treuenbrietzener Stra\'dfe;2019;9;20;2;3;5;3;2;0;1;0;0;0;0;1;795398,4374;5836786,537;13,36265;52,60062\
199207;11;1;1011303;Alexanderplatzviertel;2019;9;18;2;3;6;7;0;0;1;1;0;0;0;0;799462,1507;5828802,335;13,41526;52,52684\
199208;11;12;12103116;Hausotterplatz;2019;9;19;2;3;5;3;2;0;1;0;0;0;0;1;796595,5714;5833589,996;13,37741;52,57132\
199209;11;1;1011203;Unter den Linden S\'fcd;2019;9;18;2;3;3;6;0;1;1;0;0;0;0;0;797936,514;5827178,645;13,39139;52,51312\
199210;11;5;5020625;Borkumer Stra\'dfe;2019;9;5;2;3;6;2;2;0;1;1;0;0;0;1;783587,5244;5828663,555;13,18179;52,53408\
199211;11;12;12304313;Borsigwalde;2019;9;18;2;2;6;4;0;0;1;1;0;0;0;0;792526,9752;5835157,167;13,31893;52,58757\
199212;11;1;1022101;Huttenkiez;2019;9;19;2;3;2;6;1;0;1;0;0;0;0;1;793624,8542;5828129,546;13,32887;52,52398\
199213;11;1;1022206;L\'fcneburger Stra\'dfe;2019;9;18;2;3;2;6;0;0;1;0;0;0;0;1;796278,7354;5828481,686;13,36819;52,5257\
199214;11;1;1011306;Heine-Viertel Ost;2019;9;17;2;3;5;3;0;1;1;0;0;0;0;0;799900,4672;5826514,857;13,41964;52,50609\
199215;11;4;4051447;Ludwigkirchplatz;2019;9;17;2;3;5;2;0;1;1;0;0;0;0;0;793192,3399;5824560,764;13,31937;52,49222\
199216;11;6;6030605;Botanischer Garten;2019;9;13;2;3;2;6;0;0;1;0;1;0;0;1;791851,8983;5819162,82;13,29497;52,44455\
199217;11;12;12214125;Waldidyll/Flughafensee;2019;9;16;2;3;6;4;0;0;1;1;0;0;0;1;790967,218;5833827,77;13,29481;52,57649\
199218;11;7;7040403;Manteuffelstra\'dfe;2019;9;17;2;3;5;3;0;0;1;0;0;0;0;0;796931,9476;5822275,01;13,37226;52,46971\
199219;11;8;8020621;Mohriner Allee Nord;2019;9;12;2;3;2;6;0;0;1;0;0;0;1;1;801031,7106;5819530,25;13,42996;52,44286\
199220;11;4;4020311;Reichsstra\'dfe;2019;9;17;2;3;5;2;0;1;1;0;0;0;0;0;790160,772;5826651,235;13,27667;52,51258\
199221;11;12;12214423;Mellerbogen;2019;9;16;2;3;5;3;0;0;1;0;0;0;0;1;792840,2616;5833652,048;13,32221;52,57391\
199222;11;6;6030503;Zehlendorf Mitte;2019;9;16;2;3;5;2;0;0;1;0;0;0;0;1;790896,3841;5817757,482;13,27972;52,43246\
199223;11;5;5010311;Eiswerder;2019;9;17;2;3;5;3;0;1;1;0;0;0;0;0;785366,267;5830245,984;13,2093;52,54734\
199224;11;6;6040809;Thielallee;2019;9;10;2;3;2;7;0;0;1;0;0;0;0;1;791746,5584;5820656,73;13,29473;52,458\
199225;11;4;4020311;Reichsstra\'dfe;2019;9;10;2;3;1;5;0;1;0;0;0;1;0;1;788826,6515;5827229,456;13,25757;52,51847\
199226;11;4;4030623;Ernst-Reuter-Platz;2019;9;15;2;3;2;6;0;0;1;0;0;0;0;0;793768,2777;5826572,435;13,32961;52,50994\
199227;11;1;1044201;Reinickendorfer Stra\'dfe;2019;9;16;2;3;5;3;0;0;1;0;0;0;0;1;796429,8997;5831177,255;13,37282;52,54978\
199228;11;5;5020524;Weinmeisterhornweg;2019;9;16;2;2;6;2;0;0;1;1;0;0;0;1;783044,2063;5826062,538;13,17158;52,51104\
199229;11;7;7050506;Birnhornweg;2019;9;23;2;3;5;2;2;0;1;0;0;0;1;0;798879,6515;5817218,522;13,39632;52,42332\
199230;11;4;4051447;Ludwigkirchplatz;2019;9;16;2;3;6;4;0;0;1;1;0;0;0;1;793298,5023;5824966,128;13,32129;52,4958\
199231;11;7;7050506;Birnhornweg;2019;9;16;2;3;5;2;0;0;1;0;0;0;0;0;798812,1302;5817333,857;13,39544;52,42439\
199232;11;5;5020625;Borkumer Stra\'dfe;2019;9;15;2;3;5;2;0;1;1;0;0;0;0;1;784641,327;5828418,543;13,19707;52,53134\
199233;11;2;2020206;Graefekiez;2019;9;15;2;3;2;6;0;0;1;0;0;0;0;0;799401,0256;5824533,142;13,41053;52,4886\
199234;11;9;9051901;Dammvorstadt;2019;9;9;2;3;8;1;0;0;1;0;0;0;0;1;811937,745;5821587,346;13,59182;52,45519\
199235;11;5;5010101;Hakenfelde Nord;2019;9;15;2;3;4;1;0;0;1;0;0;0;0;0;781758,2312;5835374,545;13,16059;52,5952\
199236;11;8;8010301;Reuterkiez;2019;9;15;2;3;5;3;0;1;1;0;0;0;0;1;801298,3528;5824011,839;13,43791;52,48289\
199237;11;4;4030726;Droysenstra\'dfe;2019;9;9;2;3;5;2;0;0;1;0;0;0;1;1;792090,9624;5825290,075;13,30384;52,49935\
199238;11;8;8010508;Wei\'dfe Siedlung;2019;9;8;2;3;2;6;0;0;1;0;0;0;0;0;802919,9036;5822862,37;13,46068;52,47169\
199239;11;5;5010207;Darbystra\'dfe;2019;9;12;2;2;5;2;0;0;1;0;1;0;0;0;783699,0539;5830176,783;13,18472;52,54759\
199240;11;5;5010339;Freiheit;2019;9;14;2;3;2;6;0;0;1;0;0;0;0;1;787564,959;5828030,057;13,23972;52,52632\
199241;11;8;8020625;Handwerker-Siedlung;2019;9;9;2;3;0;6;0;0;1;0;1;0;0;1;801468,1794;5819247,226;13,4361;52,44009\
199242;11;8;8010510;Gewerbegebiet K\'f6llnische Heide;2019;9;12;2;2;5;3;0;1;1;0;0;0;0;0;802483,3266;5822557,436;13,45399;52,4692\
199243;11;4;4030622;Richard-Wagner-Stra\'dfe;2019;9;14;2;3;6;4;0;1;0;1;0;0;0;1;791892,5385;5827078,756;13,30249;52,51549\
199244;11;3;3040512;Wilhelmsruh;2019;9;15;2;3;2;6;0;0;1;0;0;0;0;0;796948,2053;5835828,635;13,3846;52,59119\
199245;11;2;2030402;Wrangelkiez;2019;9;14;2;3;5;3;0;1;1;0;0;0;0;1;801069,6003;5825688,959;13,43607;52,49805\
199246;11;6;6040806;Fischtal;2019;9;12;2;2;5;2;0;0;1;0;1;0;0;0;788837,4799;5819590,79;13,25111;52,44998\
199247;11;2;2020205;Chamissokiez;2019;9;9;2;3;6;2;0;0;1;1;0;0;0;1;798481,3412;5824501,756;13,39699;52,48883\
199248;11;3;3030405;Karow Nord;2019;9;7;2;3;2;7;0;0;1;0;1;0;0;0;804331,7306;5838885,208;13,49607;52,61451\
199249;11;2;2050602;Samariterviertel;2019;9;14;2;3;2;6;1;0;1;0;0;1;0;1;802671,4284;5828055,316;13,46175;52,51837\
199250;11;1;1011304;Karl-Marx-Allee;2019;9;8;2;3;0;3;0;1;0;0;1;0;0;0;799736,3749;5827706,607;13,41831;52,51686\
199251;11;5;5020625;Borkumer Stra\'dfe;2019;9;16;6;3;5;2;0;0;1;0;0;0;0;0;784553,1795;5828171,701;13,19556;52,52917\
199252;11;12;12302212;Rollbergesiedlung;2019;9;16;6;3;2;6;0;0;1;0;0;0;0;0;792564,2027;5837366,709;13,32143;52,60736\
199253;11;8;8041037;Alt-Rudow;2019;9;16;6;3;1;1;0;0;1;0;1;0;0;0;806433,0293;5818009,489;13,50778;52,42623\
199254;11;1;1033102;Gesundbrunnen;2019;9;16;6;3;3;6;0;0;1;0;1;0;0;0;797326,6033;5831224,391;13,38605;52,54972\
199255;11;1;1011303;Alexanderplatzviertel;2019;9;16;6;3;5;2;0;1;1;0;0;0;0;0;799763,9716;5828636,434;13,41955;52,52518\
199256;11;8;8030831;Gropiusstadt Ost;2019;9;15;6;2;5;2;0;1;1;0;0;0;0;0;803741,7327;5818005,983;13,46832;52,4277\
199257;11;9;9010402;Johannisthal Ost;2019;9;15;6;3;0;1;0;1;0;0;0;0;0;0;807237,7231;5819779,808;13,52121;52,44165\
199258;11;4;4041137;Flinsberger Platz;2019;9;14;6;3;2;6;0;0;1;0;0;0;0;0;791711,8719;5823784,459;13,29695;52,48605\
199259;11;5;5030731;Gartenfelder Stra\'dfe;2019;9;14;6;3;5;3;0;0;1;0;0;0;1;0;786962,9069;5829334,46;13,23199;52,53833\
199260;11;2;2010102;Mehringplatz;2019;9;14;6;3;0;5;0;0;1;0;1;0;0;0;798559,9751;5826493,242;13,39993;52,50663\
199261;11;9;9020701;Adlershof West;2019;9;14;6;3;5;2;0;1;1;0;0;0;0;0;808328,0567;5818867,135;13,53636;52,43286\
199262;11;11;11030618;Fennpfuhl West;2019;9;14;6;3;6;7;0;0;1;1;0;0;0;0;802839,4044;5828775,601;13,46487;52,52473\
199263;11;4;4030623;Ernst-Reuter-Platz;2019;9;14;6;2;3;6;0;0;1;0;0;0;1;0;793017,823;5826940,126;13,31891;52,51364\
199264;11;1;1011303;Alexanderplatzviertel;2019;9;13;6;3;2;6;0;1;1;0;0;0;0;0;798840,5172;5827960,98;13,40537;52,51964\
199265;11;4;4051446;Preu\'dfenpark;2019;9;13;6;3;5;7;0;0;1;0;0;0;0;0;792596,2039;5824883,495;13,3109;52,49543\
199266;11;1;1022104;Emdener Stra\'dfe;2019;9;21;6;3;0;1;2;0;0;0;1;0;0;0;794402,1987;5828450,341;13,34058;52,52644\
199267;11;3;3071536;Teutoburger Platz;2019;9;21;6;3;0;1;2;0;0;0;0;0;1;0;799168,3728;5829204,579;13,41131;52,5306\
199268;11;9;9010202;K\'f6penicker Landstra\'dfe;2019;9;21;6;3;5;3;2;0;1;0;0;0;0;0;803856,0545;5823854,436;13,47532;52,48006\