OBJECTID;LAND;BEZ;LOR;STRASSE;UJAHR;UMONAT;USTUNDE;UWOCHENTAG;UKATEGORIE;UART;UTYP1;ULICHTVERH;IstRad;IstPKW;IstFuss;IstKrad;IstGkfz;IstSonstige;USTRZUSTAND;LINREFX;LINREFY;XGCSWGS84;YGCSWGS84\
199451;11;12;12301206;L\'fcbars;2019;9;18;2;3;2;6;0;0;1;0;0;0;0;0;795023,6499;5838070,328;13,35827;52,61234\
199452;11;1;1022101;Huttenkiez;2019;9;17;2;3;5;2;0;1;1;0;0;0;0;0;793286,0525;5829033,163;13,32469;52,53226\
199453;11;4;4020313;K\'f6nigin-Elisabeth-Stra\'dfe;2019;9;7;3;3;2;2;1;0;1;0;0;0;0;0;790537,1252;5826371,54;13,28196;52,50987\
199454;11;3;3040614;Pankow Zentrum;2019;9;17;2;3;4;6;0;1;1;0;0;0;0;0;798153,8869;5833694,472;13,40043;52,5714\
199455;11;4;4030519;Kaiserin-Augusta-Allee;2019;9;5;3;3;6;4;2;0;0;1;1;0;0;0;792059,9925;5828666,278;13,30635;52,52963\
199456;11;4;4010101;Jungfernheide;2019;9;17;2;3;3;6;0;0;1;0;0;0;0;0;791267,5951;5830709,721;13,29649;52,54838\
199457;11;10;10020413;Gut Hellersdorf;2019;9;0;3;3;9;1;2;0;1;0;0;0;0;0;810937,6757;5831628,482;13,58653;52,54574\
199458;11;7;7040402;Lindenhofsiedlung;2019;9;17;2;3;0;7;0;0;0;0;1;0;0;1;796700,6153;5821137,649;13,36785;52,45964\
199459;11;2;2010102;Mehringplatz;2019;9;22;3;2;5;3;2;1;1;1;0;0;0;0;798346,979;5825559,333;13,39597;52,49838\
199460;11;7;7040402;Lindenhofsiedlung;2019;9;17;2;3;0;7;0;0;0;0;1;0;1;1;796616,5921;5821140,171;13,36662;52,45971\
199461;11;8;8030831;Gropiusstadt Ost;2019;9;16;2;2;5;2;0;1;0;0;0;0;1;0;804697,2274;5817818,177;13,48216;52,42549\
199462;11;8;8010214;Glasower Stra\'dfe;2019;9;9;2;3;0;3;0;1;0;0;0;1;0;0;801859,5144;5822386,125;13,44468;52,46801\
199463;11;9;9020701;Adlershof West;2019;9;14;2;3;5;2;0;1;1;0;0;0;0;0;807722,7203;5818115,205;13,52679;52,42646\
199464;11;7;7070702;Alt-Lichtenrade/T\'f6pchiner Weg;2019;9;16;2;2;5;3;0;0;1;0;0;0;0;0;799962,7645;5815428,304;13,4106;52,40668\
199465;11;3;3040818;Pankow S\'fcd;2019;9;20;2;3;0;6;2;1;1;0;0;0;0;0;799477,8476;5832755,627;13,41906;52,56226\
199466;11;8;8010213;K\'f6rnerpark;2019;9;16;2;3;6;7;0;0;0;1;0;0;1;0;801613,1822;5822562,652;13,44123;52,46972\
199467;11;4;4041238;Kissinger Stra\'dfe;2019;9;16;2;3;5;3;0;1;1;0;0;0;0;0;791670,024;5823246,435;13,29587;52,48125\
199468;11;9;9010202;K\'f6penicker Landstra\'dfe;2019;9;16;2;3;1;7;0;0;1;0;0;0;0;0;803945,2714;5823118,582;13,47596;52,47341\
199469;11;11;11010205;Falkenberg West;2019;9;14;2;3;2;6;0;0;1;0;0;0;0;0;806324,199;5833857,704;13,52076;52,56833\
199470;11;2;2050802;Boxhagener Platz;2019;9;15;2;3;1;5;0;1;1;0;0;0;0;0;802179,7778;5827134,503;13,45369;52,51039\
199471;11;12;12214125;Waldidyll/Flughafensee;2019;9;15;2;3;2;6;0;0;1;0;0;0;0;0;788046,8261;5831003,044;13,24938;52,55272\
199472;11;1;1011102;Gro\'dfer Tiergarten;2019;9;9;2;3;2;2;0;0;1;0;0;1;0;0;795052,64;5827184,91;13,34902;52,51474\
199473;11;1;1044203;Leopoldplatz;2019;9;14;2;2;5;2;0;0;1;0;0;0;0;0;795884,1997;5831962,438;13,36549;52,55712\
199474;11;9;9031001;Bohnsdorf;2019;9;8;2;3;5;3;0;1;1;0;0;0;0;0;810847,7825;5815493,752;13,57017;52,4012\
199475;11;8;8010211;Flughafenstra\'dfe;2019;9;14;2;3;6;7;0;1;0;1;0;0;0;0;800356,7239;5824213,683;13,42427;52,48521\
199476;11;5;5030731;Gartenfelder Stra\'dfe;2019;9;8;2;3;2;6;0;0;1;0;0;0;0;0;788000,774;5829367,383;13,24728;52,53808\
199477;11;12;12214424;Scharnweberstra\'dfe;2019;9;11;2;2;5;3;0;0;0;0;1;0;1;0;793298,0941;5832574,536;13,328;52,564\
199478;11;10;10010308;Marzahner Chaussee;2019;9;8;2;3;5;2;0;1;1;0;0;0;0;0;807200,008;5829145,792;13,52929;52,52561\
199479;11;6;6020305;Gemeindepark Lankwitz;2019;9;14;2;3;2;7;0;0;1;0;1;0;0;0;795623,3379;5817010,639;13,34839;52,42323\
199480;11;11;11041128;Sewanstra\'dfe;2019;9;10;2;3;6;4;0;0;1;1;0;0;0;0;806018,2982;5826452,286;13,50944;52,50213\
199481;11;4;4051447;Ludwigkirchplatz;2019;9;8;2;3;5;2;0;1;1;0;0;0;0;0;793156,8504;5824516,691;13,31881;52,49184\
199482;11;1;1011203;Unter den Linden S\'fcd;2019;9;9;2;3;5;2;0;1;1;0;0;0;0;0;798201,916;5827421,858;13,39551;52,51515\
199483;11;7;7050501;Rathausstra\'dfe;2019;9;7;2;3;2;2;0;0;1;0;0;1;0;0;797740,6491;5819114,539;13,38131;52,44094\
199484;11;1;1011302;Oranienburger Stra\'dfe;2019;9;10;2;3;6;7;0;0;1;1;0;0;0;0;797759,3471;5828330,057;13,38982;52,52354\
199485;11;1;1044203;Leopoldplatz;2019;9;21;2;2;6;4;2;0;1;1;0;0;0;0;796011,652;5831416,212;13,36688;52,55215\
199486;11;5;5010313;Ackerstra\'dfe;2019;9;14;2;3;2;6;0;0;1;0;0;0;1;0;784651,6952;5829727,756;13,19835;52,54307\
199487;11;12;12214422;Klixstra\'dfe;2019;9;19;2;3;3;6;2;0;1;0;1;0;0;0;792234,6732;5833258,689;13,31296;52,57071\
199488;11;2;2020204;Urbanstra\'dfe;2019;9;9;2;3;5;2;0;1;1;0;0;0;0;1;798791,8838;5824920,462;13,40193;52,49241\
199489;11;6;6030502;Zehlendorf S\'fcd;2019;9;9;2;3;5;3;0;1;1;0;0;0;0;1;789079,7188;5815764,743;13,25135;52,41555\
199490;11;9;9051801;Rahnsdorf/Hessenwinkel;2019;9;20;2;2;2;7;2;0;1;0;0;0;0;0;819378,4385;5819906,724;13,69935;52,43583\
199491;11;1;1044203;Leopoldplatz;2019;9;20;2;3;2;6;2;0;1;0;0;0;0;0;795864,5195;5831925;13,36517;52,55679\
199492;11;4;4030931;Breitscheidplatz;2019;9;9;2;3;6;2;0;0;1;1;0;0;0;0;793940,0975;5826080,968;13,3317;52,50545\
199493;11;1;1011305;Heine-Viertel West;2019;9;9;2;3;3;6;0;1;1;0;0;0;0;0;799660,6163;5827084,328;13,41663;52,51133\
199494;11;9;9041501;Altstadt Kietz;2019;9;16;2;3;2;6;0;0;1;0;0;0;0;0;811363,3291;5820111,286;13,58202;52,44229\
199495;11;4;4030931;Breitscheidplatz;2019;9;8;2;3;2;6;0;1;1;0;0;0;0;1;794562,5859;5826001,987;13,34077;52,5044\
199496;11;7;7040405;Rathaus Tempelhof;2019;9;9;2;2;5;3;0;1;0;0;0;0;0;0;797942,1079;5822041,348;13,38688;52,46707\
199497;11;1;1011301;Charit\'e9viertel;2019;9;8;2;3;5;2;0;1;1;0;0;0;0;0;796969,4202;5828808,357;13,37863;52,52825\
199498;11;3;3061227;Humannplatz;2019;9;8;2;3;0;2;0;1;1;0;0;0;0;0;800159,9217;5831670,374;13,42811;52,55216\
199499;11;3;3010104;Lietzengraben;2019;9;15;2;3;5;3;0;0;1;0;0;0;0;0;800111,5445;5840245,22;13,43517;52,62904\
199500;11;6;6020410;Oberhofer Platz;2019;9;7;2;2;5;3;0;1;1;0;0;0;0;0;794445,1153;5817316,057;13,33138;52,4266\
199501;11;12;12224230;Heiligensee;2019;9;13;2;3;0;7;0;0;1;0;0;0;0;0;786485,8507;5837722,426;13,23223;52,61378\
199502;11;7;7020202;Volkspark (Rudolf-Wilde-Park);2019;9;14;2;3;5;3;0;1;1;0;0;0;0;0;794892,0102;5823919,138;13,34377;52,48555\
199503;11;4;4030930;George-Grosz-Platz;2019;9;11;2;3;5;7;0;0;1;0;0;0;1;0;792840,1671;5825515,527;13,31504;52,50097\
199504;11;1;1011302;Oranienburger Stra\'dfe;2019;9;19;2;3;0;4;2;1;0;1;0;0;0;0;798601,6565;5828879,274;13,40269;52,528\
199505;11;8;8010211;Flughafenstra\'dfe;2019;9;11;2;3;5;3;0;0;1;0;0;0;0;0;800428,241;5823849,24;13,42499;52,48191\
199506;11;8;8010117;Schillerpromenade;2019;9;7;2;3;2;7;0;0;1;0;0;0;0;0;800497,4097;5822869,293;13,42513;52,47309\
199507;11;4;4010103;Paul-Hertz-Siedlung;2019;9;13;2;3;6;4;0;0;1;1;0;0;0;0;791317,9052;5829728,403;13,29637;52,53955\
199508;11;1;1033102;Gesundbrunnen;2019;9;15;1;3;1;5;0;1;1;0;0;0;0;0;797277,2076;5831910,735;13,38593;52,5559\
199509;11;5;5020521;D\'f6beritzer Weg;2019;9;17;2;3;0;3;0;1;1;0;0;0;0;0;780686,0779;5827868,001;13,13845;52,52845\
199510;11;11;11051229;Rummelsburg;2019;9;8;1;3;6;4;0;0;1;1;0;0;0;0;804103,3481;5825989,753;13,4809;52,49906\
199511;11;1;1011302;Oranienburger Stra\'dfe;2019;9;13;2;3;0;1;0;1;0;0;0;0;0;0;797875,4282;5828531,457;13,3917;52,52528\
199512;11;4;4030931;Breitscheidplatz;2019;9;16;1;3;5;2;0;1;1;0;0;0;0;0;793986,6853;5826152,492;13,33245;52,50606\
199513;11;4;4030725;Amtsgerichtsplatz;2019;9;18;1;3;0;7;0;0;0;0;1;0;0;1;791727,1721;5826104,293;13,29921;52,50684\
199514;11;8;8010301;Reuterkiez;2019;9;9;2;3;5;2;0;1;1;0;0;0;0;0;801102,7883;5824358,22;13,43536;52,4861\
199515;11;3;3050924;Behaimstra\'dfe;2019;9;18;2;3;4;1;1;1;0;0;0;0;1;0;801608,3575;5831413,342;13,44917;52,54906\
199516;11;8;8010118;Silbersteinstra\'dfe;2019;9;16;1;3;0;7;0;0;0;1;0;0;1;0;800914,8116;5822308,25;13,43075;52,46783\
199517;11;1;1011102;Gro\'dfer Tiergarten;2019;9;16;1;3;0;1;0;0;0;0;0;0;1;0;795183,4983;5826878,868;13,35067;52,51193\
199518;11;1;1033203;Humboldthain Nordwest;2019;9;12;2;3;5;3;0;0;1;0;0;0;0;0;796683,7488;5830124,311;13,37561;52,54021\
199519;11;9;9010101;Elsenstra\'dfe;2019;9;16;1;3;2;6;0;1;1;0;0;0;0;0;802250,8945;5824849,782;13,45266;52,48987\
199520;11;9;9041601;M\'fcggelheim;2019;9;12;2;3;5;3;0;1;1;0;0;0;0;0;816641,6225;5817425,396;13,65687;52,41519\
199521;11;4;4051551;Brabanter Platz;2019;9;15;1;3;1;5;0;1;1;0;0;0;0;0;792937,6429;5823317,294;13,31454;52,48121\
199522;11;4;4030620;Alt-Lietzow;2019;9;14;1;3;2;3;0;1;1;0;0;0;0;0;791793,2005;5827491,668;13,30139;52,51925\
199523;11;3;3071537;Kollwitzplatz;2019;9;18;2;3;2;6;2;0;1;0;0;0;0;0;799573,724;5828977,162;13,41706;52,52834\
199524;11;4;4010101;Jungfernheide;2019;9;13;1;3;5;2;0;0;0;0;1;0;0;0;791208,5889;5829731,013;13,29476;52,53963\
199525;11;4;4010103;Paul-Hertz-Siedlung;2019;9;20;1;3;3;2;2;0;1;0;0;0;0;0;791127,6552;5829152,348;13,29307;52,53449\
199526;11;4;4051445;Eisenzahnstra\'dfe;2019;9;17;2;3;5;2;0;0;1;0;0;0;0;0;792441,1503;5824104,158;13,30794;52,48853\
199527;11;1;1044102;Schillerpark;2019;9;18;1;2;5;3;0;1;1;0;0;0;0;0;795277,2446;5831732,913;13,35636;52,55539\
199528;11;1;1022207;Hansaviertel;2019;9;17;2;3;6;7;0;0;1;1;0;0;0;0;794746,3495;5827405,639;13,34472;52,51689\
199529;11;9;9020701;Adlershof West;2019;9;18;1;3;5;2;0;0;1;0;0;0;0;0;808329,4667;5818868,776;13,53638;52,43287\
199530;11;7;7040403;Manteuffelstra\'dfe;2019;9;17;1;3;5;2;0;1;1;0;0;0;0;0;797850,4669;5821927,573;13,38543;52,4661\
199531;11;9;9041501;Altstadt Kietz;2019;9;14;2;3;1;1;0;1;1;0;0;0;0;0;810855,6004;5820529,909;13,57496;52,44633\
199532;11;1;1033201;Brunnenstra\'dfe;2019;9;17;2;3;1;5;0;1;1;0;0;0;0;0;797843,0024;5830434,097;13,39293;52,54235\
199533;11;1;1011102;Gro\'dfer Tiergarten;2019;9;7;1;3;0;1;0;0;0;0;1;0;0;0;796569,7577;5827815,267;13,37187;52,51957\
199534;11;2;2030302;Lausitzer Platz;2019;9;0;1;3;0;7;2;1;0;0;0;0;0;0;801645,5922;5826072,385;13,44488;52,50116\
199535;11;4;4030931;Breitscheidplatz;2019;9;17;2;3;6;7;0;0;0;1;0;0;1;0;793661,0971;5825794,62;13,32735;52,50303\
199536;11;9;9010101;Elsenstra\'dfe;2019;9;6;1;3;5;3;0;1;1;0;0;0;0;0;802319,3244;5825532,826;13,45428;52,49596\
199537;11;8;8010510;Gewerbegebiet K\'f6llnische Heide;2019;9;11;2;3;2;2;0;0;1;0;0;0;0;0;802132,294;5822014,777;13,44835;52,46453\
199538;11;8;8010213;K\'f6rnerpark;2019;9;10;2;3;1;5;0;0;1;0;0;0;1;0;801297,5221;5822646,375;13,43667;52,47065\
199539;11;4;4010102;Pl\'f6tzensee;2019;9;6;1;3;2;6;1;0;1;0;1;0;0;0;793337,984;5829739,853;13,32608;52,53857\
199540;11;4;4030931;Breitscheidplatz;2019;9;4;1;3;5;2;2;0;1;0;0;0;0;0;793981,0724;5826175,468;13,33238;52,50627\
199541;11;5;5010339;Freiheit;2019;9;10;2;2;1;5;0;0;1;0;0;0;0;0;785717,5635;5828348,616;13,21283;52,53015\
199542;11;5;5010339;Freiheit;2019;9;1;1;3;1;1;2;0;1;0;0;0;0;0;787964,8143;5828204,338;13,24575;52,52767\
199543;11;7;7070706;Horstwalder Stra\'dfe/Paplitzer Stra\'dfe;2019;9;10;2;3;5;3;0;0;1;0;0;0;0;0;799827,5644;5812671,292;13,40615;52,38204\
199544;11;9;9030901;Dorf Altglienicke;2019;9;4;7;3;5;3;2;0;1;0;0;0;0;0;808098,2776;5816928,925;13,5312;52,41561\
199545;11;8;8020727;Buckow Mitte;2019;9;17;2;3;5;7;0;1;1;0;0;0;0;0;801558,1274;5817506,874;13,43585;52,42444\
199546;11;7;7050503;Eisenacher Stra\'dfe;2019;9;14;7;3;2;6;0;0;1;0;0;0;0;0;799026,0647;5819683,048;13,40067;52,44533\
199547;11;3;3040818;Pankow S\'fcd;2019;9;16;2;3;5;2;0;1;1;0;0;0;0;0;799649,0299;5831843,833;13,42075;52,554\
199548;11;12;12214421;Reinickes Hof;2019;9;14;7;3;6;4;0;0;1;1;0;0;0;0;793448,4685;5833529,341;13,33105;52,57248\
199549;11;1;1044101;Rehberge;2019;9;10;2;3;5;3;0;0;1;0;0;0;0;0;794245,8394;5831424,382;13,34092;52,55318\
199550;11;12;12301205;Waidmannslust;2019;9;14;7;2;0;1;0;1;0;0;0;0;0;0;792312,0308;5837794,064;13,3181;52,61132\
199551;11;9;9052001;K\'f6penick Nord;2019;9;10;2;3;2;7;0;0;1;0;1;0;0;0;810618,403;5822959,066;13,57374;52,46823\
199552;11;7;7010104;Dennewitzplatz;2019;9;14;7;2;5;2;0;1;1;0;0;0;0;0;795998,7577;5824957,224;13,36094;52,49426\
199553;11;4;4030623;Ernst-Reuter-Platz;2019;9;13;2;3;0;2;0;0;0;0;0;0;1;0;793680,8253;5826359,548;13,32814;52,50808\
199554;11;3;3050923;Wei\'dfenseer Spitze;2019;9;13;7;3;5;3;0;0;1;0;0;0;0;0;801062,8035;5831425,44;13,44116;52,54947\
199555;11;9;9020802;K\'f6llnische Vorstadt;2019;9;13;7;3;5;3;0;1;1;0;0;0;0;0;810487,611;5820100,325;13,56917;52,44269\
199556;11;1;1044101;Rehberge;2019;9;20;1;3;5;3;2;1;1;0;0;0;0;0;794033,4905;5830175,902;13,33669;52,5421\
199557;11;9;9051701;Hirschgarten;2019;9;21;7;3;3;6;2;0;1;0;1;0;0;0;812474,7137;5821292,557;13,59942;52,45224\
199558;11;11;11040926;Weitlingstra\'dfe;2019;9;23;1;3;5;3;2;0;1;0;0;0;0;0;806139,2486;5826839,37;13,51158;52,50554\
199559;11;4;4051655;Babelsberger Stra\'dfe;2019;9;21;7;3;0;1;2;0;0;0;0;0;1;0;793936,5838;5823415,268;13,32929;52,48155\
199560;11;6;6010205;S\'fcdende;2019;9;23;7;3;6;4;2;0;1;1;0;0;0;0;796311,292;5819684,085;13,36085;52,44682\
199561;11;2;2020203;Viktoriapark;2019;9;20;1;3;5;2;2;1;1;0;0;0;0;0;797753,44;5824294,292;13,38612;52,48736\
199562;11;1;1044201;Reinickendorfer Stra\'dfe;2019;9;22;7;2;6;4;1;0;1;1;0;0;0;0;796848,177;5831560,682;13,37931;52,55299\
199563;11;3;3061228;Erich-Weinert-Stra\'dfe;2019;9;21;1;2;5;2;2;1;1;0;0;0;0;0;800169,7637;5830964,025;13,42762;52,54582\
199564;11;4;4020311;Reichsstra\'dfe;2019;9;21;7;3;5;2;2;0;1;0;0;0;0;0;789633,33;5826235,657;13,26856;52,50914\
199565;11;1;1033102;Gesundbrunnen;2019;9;21;1;3;3;6;2;0;1;0;0;0;0;0;797260,8384;5831299,634;13,38515;52,55043\
199566;11;11;11041022;Rosenfelder Ring;2019;9;21;7;3;6;4;2;0;1;1;0;0;0;0;806600,1979;5827774,59;13,51921;52,51366\
199567;11;9;9051901;Dammvorstadt;2019;9;20;1;3;0;7;2;0;0;0;1;0;0;1;809662,0848;5821476,299;13,55833;52,45549\
199568;11;1;1011402;Arkonaplatz;2019;9;13;7;3;0;7;0;1;0;0;0;0;0;0;798627,8435;5829362,22;13,40351;52,53231\
199569;11;7;7040404;Marienh\'f6he;2019;9;21;7;3;0;1;2;0;0;0;1;0;0;0;797426,9099;5820387,104;13,37784;52,45252\
199570;11;7;7010102;Nollendorfplatz;2019;9;19;1;3;5;3;2;1;1;0;0;0;0;0;795914,3453;5825161,279;13,35988;52,49613\
199571;11;4;4030518;Tegeler Weg;2019;9;19;1;3;5;2;2;0;1;0;0;0;1;0;791388,5681;5828584,858;13,29641;52,52926\
199572;11;6;6010102;Schlo\'dfstra\'dfe;2019;9;13;7;3;5;2;0;0;1;0;1;0;0;0;793290,8859;5821108,013;13,31779;52,46121\
199573;11;12;12103116;Hausotterplatz;2019;9;15;1;3;4;6;0;0;1;0;0;0;0;0;796119,755;5833428,732;13,37027;52,57013\
199574;11;2;2020203;Viktoriapark;2019;9;20;7;3;1;5;2;1;1;0;0;0;0;0;797514,0364;5824836,529;13,38309;52,49235\
199575;11;4;4030930;George-Grosz-Platz;2019;9;14;1;2;3;6;0;1;0;0;0;0;1;0;793499,9205;5825729,522;13,32492;52,50253\
199576;11;6;6010205;S\'fcdende;2019;9;12;7;3;5;5;0;0;1;0;0;0;0;0;795203,5158;5819997,06;13,34487;52,45023\
199577;11;12;12214527;Alt-Tegel;2019;9;11;7;3;5;2;0;0;1;0;0;0;0;0;790363,2449;5834875,251;13,28684;52,5862\
199578;11;6;6030606;Hindenburgdamm;2019;9;14;1;3;1;5;0;0;1;0;1;0;0;0;793188,1534;5818207,465;13,31373;52,43527\
199579;11;2;2010101;Askanischer Platz;2019;9;13;1;3;5;7;0;0;1;0;0;0;1;0;797274,725;5826294,892;13,38088;52,50556\
199580;11;6;6030610;Lichterfelde West;2019;9;19;7;2;0;1;1;0;0;0;1;0;0;0;792007,7453;5818968,346;13,29708;52,44272\
199581;11;6;6020303;Lankwitz Kirche;2019;9;18;7;2;2;6;0;0;1;0;0;0;0;0;795638,7746;5818259,439;13,34972;52,43441\
199582;11;10;10010102;Havemannstra\'dfe;2019;9;13;1;3;5;7;0;0;1;0;1;0;0;0;809345,5685;5834284,429;13,5656;52,57045\
199583;11;6;6020410;Oberhofer Platz;2019;9;10;7;3;0;6;0;0;1;0;1;0;0;0;794262,5498;5817558,012;13,32892;52,42887\
199584;11;3;3061332;Helmholtzplatz;2019;9;13;1;2;5;7;0;1;1;0;0;0;0;0;799871,1501;5830870,556;13,42314;52,54515\
199585;11;9;9010401;Johannisthal West;2019;9;9;7;3;3;6;0;1;0;0;0;0;0;0;805580,5324;5821600,976;13,49857;52,4589\
199586;11;3;3061126;Arnimplatz;2019;9;9;7;3;2;6;0;0;1;0;0;0;0;0;799244,4862;5831804,448;13,41477;52,55387\
199587;11;12;12214421;Reinickes Hof;2019;9;12;1;3;5;3;0;0;1;0;1;0;0;0;793401,9442;5833178,733;13,33006;52,56936\
199588;11;9;9020802;K\'f6llnische Vorstadt;2019;9;9;7;2;6;4;0;0;1;1;0;0;0;0;810694,6384;5819566,36;13,57171;52,43778\
199589;11;9;9041301;Kietzer Feld/Nachtheide;2019;9;12;1;2;5;3;0;0;1;0;1;0;0;0;812104,3657;5819738,934;13,59254;52,43853\
199590;11;6;6040804;Krumme Lanke;2019;9;9;7;3;6;4;0;1;0;1;0;0;0;0;787652,6747;5818154,254;13,23249;52,43773\
199591;11;6;6030610;Lichterfelde West;2019;9;19;1;2;2;2;1;1;1;0;0;0;0;0;791980,3456;5818992,746;13,2967;52,44295\
199592;11;3;3030716;M\'e4rchenland;2019;9;8;7;3;6;4;0;1;0;1;0;0;0;0;802507,434;5833837,412;13,4646;52,57028\
199593;11;11;11030619;Fennpfuhl Ost;2019;9;11;7;3;5;2;0;1;1;0;0;0;0;0;803548,4357;5829724,318;13,47616;52,53284\
199594;11;1;1011202;Unter den Linden Nord;2019;9;16;7;3;1;6;0;1;1;0;0;0;0;0;797673,8233;5827980,122;13,38825;52,52045\
199595;11;12;12301204;Wittenau Nord;2019;9;16;7;3;0;1;0;0;0;0;1;0;0;0;792719,5791;5835819,578;13,32235;52,5934\
199596;11;11;11030618;Fennpfuhl West;2019;9;20;7;3;1;5;2;0;1;0;0;0;1;0;802506,0377;5828941,563;13,46012;52,5264\
199597;11;1;1011105;N\'f6rdlicher Landwehrkanal;2019;9;19;7;3;5;3;2;0;1;0;0;0;0;0;796583,3666;5826869,169;13,37123;52,51108\
199598;11;7;7040404;Marienh\'f6he;2019;9;15;7;3;3;6;0;1;1;0;0;0;0;0;796575,7306;5820074,555;13,36507;52,45018\
199599;11;9;9010402;Johannisthal Ost;2019;9;14;7;3;5;2;0;0;1;0;0;0;1;0;805887,8584;5818966,153;13,50067;52,43511\
199600;11;3;3061227;Humannplatz;2019;9;18;7;3;1;5;1;0;1;0;0;0;1;0;800100,9269;5831154,624;13,42678;52,54757\
199601;11;12;12302110;Dannenwalder Weg;2019;9;2;7;3;1;5;2;0;1;0;0;0;0;0;794808,4633;5836295,863;13,35352;52,59655\
199602;11;3;3030405;Karow Nord;2019;9;17;7;3;5;3;0;1;1;0;0;0;0;0;804155,5217;5838842,838;13,49344;52,61423\
199603;11;7;7030303;Grazer Platz;2019;9;0;7;3;1;3;2;1;1;0;0;0;0;0;794864,192;5821591,994;13,3413;52,46471\
199604;11;9;9020701;Adlershof West;2019;9;16;7;2;5;2;0;0;1;0;0;0;0;0;807711,3;5818115,267;13,52662;52,42646\
199605;11;7;7070706;Horstwalder Stra\'dfe/Paplitzer Stra\'dfe;2019;9;13;6;3;1;5;0;1;1;0;0;0;0;0;800027,19;5813186,206;13,40954;52,38655\
199606;11;10;10020414;Helle Mitte;2019;9;13;7;3;1;5;0;1;1;0;0;0;0;0;812055,2316;5830892,74;13,60226;52,53851\
199607;11;4;4051448;Schaperstra\'dfe;2019;9;10;6;3;0;7;0;1;0;0;0;0;0;0;793996,6695;5825513,957;13,33203;52,50033\
199608;11;1;1022202;Heidestra\'dfe;2019;9;10;7;3;5;2;0;0;1;0;0;0;0;0;795667,3825;5829740,731;13,36033;52,53732\
199609;11;12;12214424;Scharnweberstra\'dfe;2019;9;14;6;3;5;7;0;0;1;0;0;0;0;0;793104,596;5832646,916;13,32521;52,56476\
199610;11;10;10040932;Alt-Mahlsdorf;2019;9;7;7;2;6;4;0;0;0;1;0;0;1;0;812925,0706;5827945,782;13,61227;52,5116\
199611;11;7;7040403;Manteuffelstra\'dfe;2019;9;14;6;3;2;6;0;0;1;0;0;0;0;0;797344,1268;5821896,547;13,37797;52,46609\
199612;11;5;5020626;Adamstra\'dfe;2019;9;13;6;3;2;6;0;0;1;0;0;0;0;0;784540,111;5827996,487;13,19522;52,5276\
199613;11;12;12214424;Scharnweberstra\'dfe;2019;9;15;7;3;1;5;0;1;1;0;0;0;1;0;792308,3314;5832913,652;13,31374;52,56758\
199614;11;1;1011304;Karl-Marx-Allee;2019;9;13;6;3;3;6;0;1;0;0;0;0;0;0;799739,9663;5827544,148;13,41821;52,51541\
199615;11;12;12304313;Borsigwalde;2019;9;15;7;3;2;7;0;0;1;0;0;0;0;0;792589,9968;5835158,451;13,31986;52,58755\
199616;11;5;5030730;Zitadellenweg;2019;9;13;6;3;5;2;0;1;0;0;0;0;1;1;785746,668;5829267,844;13,21405;52,53837\
199617;11;8;8010301;Reuterkiez;2019;9;14;7;3;3;6;0;1;1;0;0;0;0;0;801367,4561;5823942,513;13,43887;52,48223\
199618;11;7;7030301;Friedenau;2019;9;12;6;3;0;7;0;1;1;0;0;0;0;0;793940,0134;5822531,83;13,32857;52,47363\
199619;11;7;7030301;Friedenau;2019;9;3;7;2;9;1;2;0;0;0;1;0;0;0;793922,2957;5822824,375;13,32856;52,47626\
199620;11;7;7020203;Kaiser-Wilhelm-Platz;2019;9;12;6;3;0;7;0;1;1;0;0;0;0;0;795651,0521;5824126,32;13,3551;52,487\
199621;11;5;5030730;Zitadellenweg;2019;9;11;6;3;2;6;0;0;1;0;0;0;0;0;786418,2031;5831091,441;13,2255;52,55437\
199622;11;1;1011201;Wilhelmstra\'dfe;2019;9;14;7;3;2;2;0;0;1;0;0;0;0;0;796967,6826;5827051,795;13,37704;52,51251\
199623;11;3;3061430;Volkspark Prenzlauer Berg;2019;9;14;7;3;0;1;0;0;0;0;1;0;0;0;802441,2053;5829411,586;13,4596;52,53065\
199624;11;5;5010101;Hakenfelde Nord;2019;9;11;6;3;0;7;0;0;1;0;0;0;1;0;785932,6107;5831624,467;13,21882;52,5594\
199625;11;9;9051901;Dammvorstadt;2019;9;10;6;3;1;5;0;0;1;0;0;0;0;0;811666,116;5821148,098;13,58743;52,45141\
199626;11;9;9051702;B\'f6lschestra\'dfe;2019;9;1;7;3;2;2;2;0;1;0;0;0;0;0;814466,9649;5820801,501;13,62818;52,4467\
199627;11;9;9010101;Elsenstra\'dfe;2019;9;10;6;3;5;2;0;1;1;0;0;0;0;0;802330,1912;5825303,626;13,45423;52,49389\
199628;11;8;8041035;Blumenviertel;2019;9;13;7;3;5;3;0;0;1;0;0;0;0;0;804354,5329;5818318,002;13,47759;52,43016\
199629;11;4;4030929;Hindemithplatz;2019;9;9;6;3;6;7;0;0;1;1;0;0;0;0;792711,1192;5825613,55;13,31323;52,50192\
199630;11;12;12214424;Scharnweberstra\'dfe;2019;9;21;6;3;4;6;2;1;1;0;0;0;0;0;793026,7109;5832767,263;13,32418;52,56588\
199631;11;10;10020412;Alte Hellersdorfer Stra\'dfe;2019;9;13;7;3;5;3;0;1;1;0;0;0;0;0;811347,3244;5831933,489;13,59283;52,54824\