OBJECTID;LAND;BEZ;LOR;STRASSE;UJAHR;UMONAT;USTUNDE;UWOCHENTAG;UKATEGORIE;UART;UTYP1;ULICHTVERH;IstRad;IstPKW;IstFuss;IstKrad;IstGkfz;IstSonstige;USTRZUSTAND;LINREFX;LINREFY;XGCSWGS84;YGCSWGS84\
199632;11;4;4041133;G\'fcterbahnhof Grunewald;2019;9;9;6;2;0;1;0;0;0;0;1;0;0;0;790521,3892;5825163,137;13,28067;52,49905\
199633;11;2;2040502;Friedenstra\'dfe;2019;9;7;6;3;5;2;0;0;1;0;0;0;0;0;800474,5294;5828468,142;13,42984;52,52328\
199634;11;2;2030302;Lausitzer Platz;2019;9;12;7;3;0;3;0;0;1;0;1;0;0;0;800847,5588;5826461,813;13,43351;52,5051\
199635;11;8;8010213;K\'f6rnerpark;2019;9;17;6;3;2;2;0;0;1;0;0;0;0;0;801642,2779;5822559,931;13,44165;52,46968\
199636;11;12;12103117;Letteplatz;2019;9;3;6;3;0;1;2;0;0;0;1;0;0;0;795782,1413;5832578,007;13,36454;52,56269\
199637;11;6;6010208;Bergstra\'dfe;2019;9;12;7;3;2;6;0;0;1;0;0;0;0;0;794733,21;5820088,049;13,33805;52,4513\
199638;11;8;8041036;Zittauer Stra\'dfe;2019;9;20;6;3;5;3;2;0;1;0;0;0;0;0;804925,4067;5817687,262;13,48539;52,42419\
199639;11;4;4010102;Pl\'f6tzensee;2019;9;11;7;3;0;1;0;0;1;0;1;0;0;0;793184,1137;5830143,075;13,32417;52,54227\
199640;11;12;12302108;M\'e4rkisches Zentrum;2019;9;18;6;3;2;6;0;0;1;0;0;0;0;0;795453,3241;5837428,416;13,36403;52,60635\
199641;11;6;6040805;Fischerh\'fcttenstra\'dfe;2019;9;11;7;3;5;3;0;0;1;0;0;0;0;0;789423,9495;5818031,508;13,25836;52,43569\
199642;11;1;1011301;Charit\'e9viertel;2019;9;18;6;3;6;4;0;0;1;1;0;0;0;0;797522,0886;5828765,463;13,38672;52,52757\
199643;11;10;10010204;Wuhletalstra\'dfe;2019;9;11;7;3;0;1;0;0;0;0;1;0;0;0;808704,8425;5832826,231;13,55482;52,55774\
199644;11;5;5010205;An der Tr\'e4nke;2019;9;17;6;2;5;3;0;0;1;0;1;0;0;0;780459,2242;5830047,252;13,13696;52,54811\
199645;11;9;9051901;Dammvorstadt;2019;9;18;6;3;5;2;0;1;1;0;0;0;0;0;809933,9053;5821623,534;13,56246;52,45665\
199646;11;5;5020417;Staakener Stra\'dfe;2019;9;10;7;3;5;2;0;1;1;0;0;0;0;0;783585,3891;5828663,303;13,18176;52,53408\
199647;11;2;2010104;Wassertorplatz;2019;9;10;7;3;5;7;0;1;1;0;0;0;0;0;799333,5702;5825627,564;13,41052;52,49845\
199648;11;3;3040818;Pankow S\'fcd;2019;9;17;6;3;5;3;0;1;1;0;0;0;0;0;799657,302;5832810,173;13,42175;52,56265\
199649;11;8;8010211;Flughafenstra\'dfe;2019;9;17;6;3;2;6;0;0;1;0;0;0;0;0;800557,9533;5823760,505;13,42682;52,48104\
199650;11;9;9051901;Dammvorstadt;2019;9;10;7;3;5;7;0;0;1;0;0;0;1;0;810716,601;5820939,985;13,57331;52,45008\
199651;11;4;4030623;Ernst-Reuter-Platz;2019;9;16;6;3;5;3;0;1;1;0;0;0;0;0;792922,73;5826761,875;13,31735;52,5121\
199652;11;1;1011102;Gro\'dfer Tiergarten;2019;9;12;7;3;1;5;0;1;1;0;0;0;0;0;796536,571;5827613,376;13,37121;52,51778\
199653;11;1;1033201;Brunnenstra\'dfe;2019;9;16;6;3;4;6;0;1;0;0;0;0;1;0;797700,2577;5830671,323;13,39104;52,54455\
199654;11;1;1044201;Reinickendorfer Stra\'dfe;2019;9;23;6;3;2;6;2;0;1;0;0;0;0;0;796479,5476;5831966,369;13,37425;52,55683\
199655;11;1;1044101;Rehberge;2019;9;16;6;2;5;3;0;0;1;0;0;0;1;0;794647,6042;5831460,483;13,34686;52,55329\
199656;11;4;4030623;Ernst-Reuter-Platz;2019;9;18;6;3;1;5;0;1;1;0;0;0;0;0;793797,4518;5826075,197;13,3296;52,50547\
199657;11;10;10010310;Alt-Marzahn;2019;9;16;6;3;2;6;0;0;1;0;0;0;1;0;808895,4115;5830178,447;13,55516;52,53391\
199658;11;7;7040401;Neu-Tempelhof;2019;9;14;2;3;5;3;0;0;1;0;0;0;1;0;797468,7575;5822615,28;13,38044;52,47247\
199659;11;9;9010202;K\'f6penicker Landstra\'dfe;2019;9;16;2;3;2;6;0;0;1;0;0;0;0;1;803816,9037;5823314,356;13,47425;52,47524\
199660;11;1;1044103;Westliche M\'fcllerstra\'dfe;2019;9;15;2;3;2;6;0;0;1;0;0;0;0;1;794855,3308;5830989,059;13,3495;52,54895\
199661;11;12;12214527;Alt-Tegel;2019;9;16;2;2;6;4;0;0;1;1;0;0;0;0;790301,9368;5834978,205;13,28602;52,58716\
199662;11;12;12214125;Waldidyll/Flughafensee;2019;9;16;2;3;0;4;0;0;1;1;0;0;0;0;789846,1391;5833340,274;13,27788;52,57272\
199663;11;1;1011303;Alexanderplatzviertel;2019;9;16;2;2;5;3;0;0;0;0;1;0;1;1;799498,019;5828344,449;13,41538;52,52271\
199664;11;2;2050601;Hausburgviertel;2019;9;16;2;3;5;3;0;0;1;0;0;0;0;1;801763,6755;5828661,466;13,44896;52,5243\
199665;11;5;5020626;Adamstra\'dfe;2019;9;16;2;3;1;5;0;1;1;0;0;0;0;1;784595,639;5827950,281;13,196;52,52716\
199666;11;9;9020701;Adlershof West;2019;9;16;2;3;5;3;0;0;1;0;0;0;1;0;808108,893;5818397,877;13,53271;52,42877\
199667;11;1;1033102;Gesundbrunnen;2019;9;6;2;3;5;2;0;1;1;0;0;0;0;0;797156,6552;5831919,568;13,38417;52,55604\
199668;11;6;6010206;Stadtpark;2019;9;12;2;3;3;6;0;0;1;0;0;0;1;1;794771,4262;5819856,533;13,33841;52,4492\
199669;11;6;6020301;Alt-Lankwitz;2019;9;12;2;2;6;2;0;0;1;1;0;0;0;1;796476,3607;5818331,854;13,36207;52,43461\
199670;11;4;4030931;Breitscheidplatz;2019;9;12;2;2;2;7;0;0;1;0;0;0;0;1;794058,881;5825944,668;13,33332;52,50416\
199671;11;6;6030503;Zehlendorf Mitte;2019;9;9;2;3;6;4;0;0;1;1;0;0;0;1;789523,0995;5817482,271;13,25934;52,43072\
199672;11;5;5010103;Amorbacher Weg;2019;9;9;2;3;2;2;0;0;1;0;0;0;0;1;784756,7722;5831112,541;13,20108;52,55543\
199673;11;8;8010405;Hertzbergplatz;2019;9;11;2;3;5;3;0;0;1;0;1;0;0;1;802265,3909;5823531,337;13,45168;52,47805\
199674;11;3;3061131;Falkplatz;2019;9;10;2;3;2;6;0;0;1;0;0;0;0;1;799154,44;5830837,209;13,41257;52,54524\
199675;11;4;4051551;Brabanter Platz;2019;9;9;2;3;5;2;0;0;1;0;0;0;0;1;792894,6517;5823290,128;13,31389;52,48099\
199676;11;4;4030622;Richard-Wagner-Stra\'dfe;2019;9;8;2;3;5;2;0;1;1;0;0;0;0;1;792748,5023;5826737,825;13,31477;52,51198\
199677;11;2;2030302;Lausitzer Platz;2019;9;8;2;3;0;5;0;1;1;0;0;0;0;1;801548,1655;5826038,169;13,44342;52,50091\
199678;11;4;4010101;Jungfernheide;2019;9;7;2;3;5;2;0;1;1;0;0;0;0;1;790421,1521;5829043,117;13,28259;52,53389\
199679;11;4;4020314;Messegel\'e4nde;2019;9;7;2;3;2;6;0;0;1;0;0;0;0;1;790048,7144;5825251,599;13,2738;52,50009\
199680;11;1;1033201;Brunnenstra\'dfe;2019;9;6;2;3;6;2;2;0;1;1;0;0;0;1;797906,9299;5830316,355;13,39376;52,54126\
199681;11;7;7050501;Rathausstra\'dfe;2019;9;6;2;2;6;2;2;0;1;1;0;0;0;1;798001,3187;5819645,445;13,38561;52,44556\
199682;11;8;8020727;Buckow Mitte;2019;9;6;2;3;6;4;2;0;1;1;0;0;0;1;801754,541;5816744,65;13,43805;52,4175\
199683;11;2;2050801;Traveplatz;2019;9;6;2;3;2;6;2;0;1;0;0;1;0;1;803348,6358;5826721,293;13,47048;52,50604\
199684;11;6;6020305;Gemeindepark Lankwitz;2019;9;5;2;3;5;2;2;1;1;0;0;0;0;1;796064,614;5817534,143;13,35533;52,42768\
199685;11;1;1033102;Gesundbrunnen;2019;9;18;2;3;5;2;0;1;1;0;0;0;0;0;797161,1645;5831877,887;13,3842;52,55566\
199686;11;8;8030831;Gropiusstadt Ost;2019;9;18;1;3;2;7;2;0;1;0;1;0;1;1;803533,739;5817798,818;13,46508;52,42596\
199687;11;1;1011101;St\'fclerstra\'dfe;2019;9;17;1;3;0;4;0;0;0;1;1;0;0;1;794573,1492;5826095,612;13,34101;52,50524\
199688;11;1;1011402;Arkonaplatz;2019;9;16;1;3;2;6;0;0;1;0;0;0;0;1;798307,2058;5829397,76;13,39882;52,53281\
199689;11;4;4030827;Karl-August-Platz;2019;9;16;1;2;5;3;0;0;1;0;0;0;0;1;792714,9118;5826095,23;13,31371;52,50623\
199690;11;5;5020419;Magistratsweg;2019;9;15;1;2;5;2;1;0;1;0;0;0;0;1;780865,0524;5828328,486;13,14147;52,53249\
199691;11;1;1011301;Charit\'e9viertel;2019;9;14;1;3;0;1;0;0;0;0;0;0;1;1;797571,3937;5828629,265;13,38732;52,52632\
199692;11;10;10020415;Hellersdorfer Promenade;2019;9;14;1;3;5;3;0;0;1;0;0;0;1;1;812678,7223;5831108,167;13,61163;52,54008\
199693;11;8;8020726;Buckow West;2019;9;13;1;3;2;6;0;0;1;0;0;0;0;1;799395,4504;5816313,579;13,40308;52,41493\
199694;11;7;7030301;Friedenau;2019;9;13;1;3;3;6;0;1;1;0;0;0;0;1;794795,1817;5822894,912;13,34144;52,47642\
199695;11;4;4020313;K\'f6nigin-Elisabeth-Stra\'dfe;2019;9;12;1;3;3;6;0;0;1;0;0;0;0;1;790472,1479;5826019,601;13,28069;52,50675\
199696;11;2;2030301;Oranienplatz;2019;9;12;1;2;4;7;0;1;0;0;0;0;1;1;800277,3969;5826074,643;13,42478;52,50194\
199697;11;5;5030730;Zitadellenweg;2019;9;8;1;3;1;5;0;0;1;0;0;0;0;0;786976,1343;5829856,048;13,23264;52,543\
199698;11;3;3061430;Volkspark Prenzlauer Berg;2019;9;19;1;3;0;6;2;0;1;0;0;0;0;1;802438,6867;5829268,854;13,45943;52,52937\
199699;11;2;2020204;Urbanstra\'dfe;2019;9;8;1;3;5;3;0;1;1;0;0;0;0;1;798292,6721;5824821,381;13,39451;52,49179\
199700;11;1;1044101;Rehberge;2019;9;19;1;3;5;2;1;0;1;0;0;0;0;1;793796,3796;5832177,287;13,33498;52,56017\
199701;11;6;6020303;Lankwitz Kirche;2019;9;18;1;3;5;7;1;0;1;0;1;0;0;1;795312,7142;5818518,894;13,34517;52,43692\
199702;11;8;8010301;Reuterkiez;2019;9;17;1;3;5;2;0;1;0;0;0;0;1;1;801412,7018;5824134,458;13,4397;52,48392\
199703;11;4;4041136;Hagenplatz;2019;9;21;7;3;1;1;2;0;1;0;0;0;0;1;789509,5326;5823525,717;13,26438;52,48491\
199704;11;7;7040401;Neu-Tempelhof;2019;10;17;3;3;2;6;1;0;1;0;1;0;0;1;798721,5199;5823949,03;13,40002;52,48374\
199705;11;1;1011102;Gro\'dfer Tiergarten;2019;9;13;7;2;2;6;0;1;0;0;0;0;1;0;795155,563;5827075,522;13,35044;52,51371\
199706;11;1;1011306;Heine-Viertel Ost;2019;10;17;3;3;1;5;0;1;1;0;0;0;0;1;800125,4294;5826577,673;13,42301;52,50653\
199707;11;7;7040406;Germaniagarten;2019;9;15;7;3;1;5;1;0;1;0;0;0;0;1;800160,1835;5821496,765;13,41894;52,46097\
199708;11;6;6020306;Lankwitz S\'fcd;2019;10;17;3;3;5;3;0;0;1;0;0;0;0;1;796228,7557;5817019,635;13,35728;52,42298\
199709;11;4;4030931;Breitscheidplatz;2019;9;22;7;3;0;2;2;0;0;1;0;0;1;0;793993,1674;5826148,137;13,33254;52,50602\
199710;11;6;6010205;S\'fcdende;2019;10;16;3;3;2;6;0;0;1;0;0;0;0;1;796149,0946;5819832,869;13,3586;52,44824\
199711;11;7;7050505;Hundsteinweg;2019;10;16;3;3;2;2;0;0;1;0;0;0;1;1;798941,8003;5817278,527;13,39729;52,42383\
199712;11;1;1011301;Charit\'e9viertel;2019;9;23;7;3;5;2;2;1;1;0;0;0;0;0;797013,799;5828942,3;13,37941;52,52943\
199713;11;7;7010104;Dennewitzplatz;2019;10;16;3;3;2;6;0;0;1;0;1;0;0;1;796177,7135;5825310,447;13,36388;52,49733\
199714;11;4;4041136;Hagenplatz;2019;9;21;7;3;8;1;2;0;1;0;0;0;0;1;790691,3273;5822709,206;13,28103;52,47696\
199715;11;4;4020313;K\'f6nigin-Elisabeth-Stra\'dfe;2019;10;16;3;3;2;6;0;0;1;0;0;0;0;1;790341,2915;5826678,652;13,27935;52,51273\
199716;11;8;8020621;Mohriner Allee Nord;2019;10;15;3;3;5;3;0;0;1;0;0;0;0;1;800481,453;5819301,646;13,42168;52,44112\
199717;11;4;4041136;Hagenplatz;2019;9;19;7;2;5;2;2;0;1;0;1;0;0;1;789617,6374;5823364,563;13,26583;52,4834\
199718;11;11;11010310;M\'fchlengrund;2019;10;15;3;3;6;4;0;0;1;1;0;0;0;1;805271,4291;5833253,957;13,50472;52,56351\
199719;11;5;5010311;Eiswerder;2019;9;18;7;3;0;1;0;1;1;0;0;0;0;1;785941,153;5830341,528;13,21784;52,5479\
199720;11;8;8010213;K\'f6rnerpark;2019;10;15;3;3;2;2;0;0;1;0;0;0;0;1;801361,5832;5822504,441;13,43748;52,46934\
199721;11;8;8010301;Reuterkiez;2019;9;18;7;3;0;5;0;1;1;0;0;0;0;1;800501,8014;5824472,817;13,42663;52,48746\
199722;11;1;1033102;Gesundbrunnen;2019;10;14;3;3;5;2;0;1;1;0;0;0;0;1;797330,942;5831873,573;13,38669;52,55553\
199723;11;9;9052001;K\'f6penick Nord;2019;9;15;7;3;0;1;0;0;0;0;1;0;0;1;811165,4511;5822101,611;13,58097;52,46024\
199724;11;12;12214424;Scharnweberstra\'dfe;2019;10;10;3;3;0;5;0;0;1;0;0;0;1;1;793346,2079;5832817,875;13,32892;52,56616\
199725;11;11;11020515;Landsberger Allee;2019;10;9;3;3;2;7;0;0;0;0;0;1;1;1;805030,3309;5830404,747;13,49856;52,53811\
199726;11;1;1011305;Heine-Viertel West;2019;9;17;7;3;2;7;0;0;1;0;0;0;0;1;799061,852;5826880,233;13,40765;52,50983\
199727;11;12;12214125;Waldidyll/Flughafensee;2019;9;15;7;3;0;6;0;0;1;0;1;0;0;1;791177,4253;5830882,63;13,29532;52,54997\
199728;11;9;9031202;Schm\'f6ckwitz/Rauchfangswerder;2019;10;9;3;3;5;2;0;0;1;0;0;0;1;1;819378,0584;5812745,61;13,69251;52,37167\
199729;11;10;10010311;Landsberger Tor;2019;9;16;7;3;0;5;0;0;1;0;0;0;0;0;810235,5729;5831099,41;13,57571;52,5414\
199730;11;2;2030301;Oranienplatz;2019;10;14;3;3;5;3;0;1;1;0;0;0;0;1;800107,2649;5825740,862;13,42198;52,49904\
199731;11;11;11020412;Hauptstra\'dfe;2019;9;15;7;3;2;6;0;0;1;0;0;0;0;1;805634,4408;5831787,975;13,50871;52,55017\
199732;11;1;1011202;Unter den Linden Nord;2019;10;2;3;3;0;7;2;0;0;0;0;0;1;0;797680,5401;5827937,483;13,38831;52,52006\
199733;11;7;7050503;Eisenacher Stra\'dfe;2019;10;13;3;3;5;2;0;0;1;0;0;0;0;1;799474,3042;5820508,998;13,40799;52,45249\
199734;11;7;7050501;Rathausstra\'dfe;2019;9;16;7;2;5;2;0;0;1;0;1;0;0;1;797219,0693;5819544,188;13,37404;52,44507\
199735;11;1;1011204;Leipziger Stra\'dfe;2019;9;14;7;3;2;6;0;0;1;0;0;0;0;1;798572,527;5826859,019;13,40045;52,50991\
199736;11;2;2020203;Viktoriapark;2019;10;12;3;3;2;2;0;0;1;0;0;0;1;1;797091,2081;5824704,82;13,37676;52,4914\
199737;11;12;12304314;Ziekowstra\'dfe/Freie Scholle;2019;10;11;3;3;5;2;0;0;1;0;0;0;1;1;790700,8519;5835384,324;13,29225;52,59059\
199738;11;6;6020411;Sch\'fctte-Lanz-Stra\'dfe;2019;9;14;7;3;5;2;0;1;1;0;0;0;0;1;795220,1495;5816173,353;13,34174;52,41594\
199739;11;5;5040935;Gro\'df-Glienicker Weg;2019;10;10;3;2;5;3;0;0;1;0;0;1;0;1;782469,9125;5820629,239;13,15854;52,46262\
199740;11;2;2020204;Urbanstra\'dfe;2019;9;12;7;3;3;6;0;1;0;0;0;0;1;1;798404,9154;5824782,567;13,39612;52,49138\
199741;11;1;1033102;Gesundbrunnen;2019;10;20;2;3;5;2;0;0;1;0;0;0;1;0;797163,233;5831921,313;13,38427;52,55605\
199742;11;11;11010205;Falkenberg West;2019;10;14;2;3;2;2;0;0;1;0;0;0;0;0;806893,8215;5832610,735;13,52799;52,55684\
199743;11;4;4030931;Breitscheidplatz;2019;9;12;7;3;0;4;0;0;0;1;1;0;0;1;794077,9284;5825724,626;13,33341;52,50218\
199744;11;3;3071537;Kollwitzplatz;2019;10;17;2;3;5;3;0;0;0;0;1;0;1;0;799455,8625;5829339,558;13,41566;52,53166\
199745;11;5;5020629;B\'f6rnicker Stra\'dfe;2019;9;9;7;3;0;1;0;0;0;0;1;0;0;1;785031,2113;5826304,242;13,20099;52,51218\
199746;11;2;2030301;Oranienplatz;2019;10;20;2;2;5;2;2;0;1;0;1;0;0;0;799908,0468;5825978,769;13,41927;52,50128\
199747;11;8;8010301;Reuterkiez;2019;9;9;7;3;0;1;0;0;0;0;1;0;0;1;800657,7312;5824517,154;13,42896;52,48777\
199748;11;4;4030519;Kaiserin-Augusta-Allee;2019;10;20;2;3;5;2;2;0;1;0;0;0;0;0;792084,9465;5827960,648;13,30609;52,52329\
199749;11;5;5030730;Zitadellenweg;2019;9;12;7;2;0;6;0;0;0;0;1;0;0;1;785486,914;5829263,084;13,21023;52,53847\
199750;11;2;2010104;Wassertorplatz;2019;10;19;2;3;5;7;2;0;1;0;1;0;0;0;799339,6612;5825628,45;13,41061;52,49845\
199751;11;4;4030827;Karl-August-Platz;2019;10;19;2;3;2;7;2;0;1;0;0;0;0;0;791926,8849;5826448,976;13,30244;52,50983\
199752;11;8;8010117;Schillerpromenade;2019;9;11;7;3;6;4;0;0;1;1;0;0;0;0;800623,1038;5823113,661;13,42719;52,47521\
199753;11;6;6030503;Zehlendorf Mitte;2019;9;11;7;3;0;1;0;1;0;0;0;0;0;1;789387,8071;5817890,596;13,25771;52,43445\
199754;11;1;1011304;Karl-Marx-Allee;2019;10;16;2;3;4;2;0;1;0;0;0;0;0;0;799672,061;5827595,643;13,41726;52,5159\
199755;11;2;2010101;Askanischer Platz;2019;10;18;2;3;2;6;2;0;1;0;0;0;1;0;797865,4224;5825570,448;13,3889;52,49874\
199756;11;5;5010207;Darbystra\'dfe;2019;9;10;7;2;5;2;0;1;1;0;0;0;0;1;783702,499;5830168,375;13,18476;52,54751\
199757;11;8;8041036;Zittauer Stra\'dfe;2019;10;16;2;3;5;3;0;1;1;0;0;0;0;0;805254,5841;5817233,126;13,4898;52,41993\
199758;11;4;4051654;Wilhelmsaue;2019;9;10;7;3;6;7;0;0;1;1;0;0;0;0;793390,1399;5823677,332;13,3215;52,48419\
199759;11;9;9051701;Hirschgarten;2019;10;18;2;3;1;5;2;1;1;0;0;0;0;0;813049,5549;5821635,995;13,60818;52,45499\
199760;11;1;1011302;Oranienburger Stra\'dfe;2019;10;15;2;2;4;6;0;1;0;0;0;0;1;0;798145,1458;5828887,621;13,39598;52,52832\
199761;11;1;1022104;Emdener Stra\'dfe;2019;9;10;7;3;2;6;0;0;1;0;0;0;0;1;794568,742;5828788,997;13,34333;52,52938\
199762;11;9;9010402;Johannisthal Ost;2019;10;15;2;3;5;3;0;1;0;0;1;0;0;0;807116,76;5819898,907;13,51954;52,44278\
199763;11;7;7040401;Neu-Tempelhof;2019;9;1;7;3;5;3;2;0;1;0;0;0;0;0;797309,166;5823515,459;13,3789;52,48062\
199764;11;10;10020412;Alte Hellersdorfer Stra\'dfe;2019;10;15;2;3;2;6;0;0;1;0;0;0;0;0;811804,8639;5831858,736;13,59949;52,54731\
199765;11;2;2010101;Askanischer Platz;2019;9;15;7;3;5;2;0;0;1;0;0;0;0;1;797028,4322;5825874,38;13,37688;52,50192\
199766;11;8;8010212;Rollberg;2019;10;15;2;3;6;4;0;0;1;1;0;0;0;0;800677,0839;5823165,176;13,42803;52,47564\
199767;11;1;1022204;Thomasiusstra\'dfe;2019;10;8;2;3;2;2;0;0;1;0;0;0;1;0;795118,5713;5828261,845;13,35094;52,52436\
199768;11;2;2010103;Moritzplatz;2019;9;11;7;3;5;3;0;0;1;0;0;0;0;0;799034,9268;5826066,535;13,40653;52,50255\
199769;11;2;2030402;Wrangelkiez;2019;10;9;2;3;2;6;0;0;1;0;0;0;0;0;801783,2483;5825790,539;13,44664;52,49856\
199770;11;12;12231101;Hermsdorf;2019;9;16;6;3;5;2;0;1;1;0;0;0;0;1;792221,676;5838181,846;13,31711;52,61485\
199771;11;6;6010103;Markelstra\'dfe;2019;10;14;2;3;0;1;0;0;0;0;1;0;0;0;793049,1311;5821525,689;13,3146;52,46509\
199772;11;4;4051653;Prager Platz;2019;9;21;6;3;5;2;2;1;1;0;0;0;0;1;793948,4352;5824710,565;13,33061;52,49316\
199773;11;10;10010310;Alt-Marzahn;2019;10;14;2;3;2;2;0;0;1;0;0;0;0;0;809340,6986;5830332,067;13,56184;52,53503\
199774;11;9;9020502;Obersch\'f6neweide Ost;2019;9;17;6;3;0;1;1;0;0;0;1;0;0;1;809044,1455;5821573,473;13,54936;52,45671\
199775;11;7;7030303;Grazer Platz;2019;10;13;2;3;5;2;0;1;0;0;0;0;1;0;796191,7462;5822784,814;13,36185;52,47468\
199776;11;1;1033102;Gesundbrunnen;2019;10;13;2;3;5;3;0;1;0;0;0;0;1;0;797713,1022;5831818,383;13,39226;52,55483\
199777;11;7;7050501;Rathausstra\'dfe;2019;9;15;6;3;4;6;0;0;1;0;1;0;0;1;796989,5174;5819474,605;13,37061;52,44458\
199778;11;7;7040405;Rathaus Tempelhof;2019;9;12;6;3;0;1;0;0;1;0;1;0;0;1;799497,9122;5821799,635;13,40949;52,46405\
199779;11;2;2010101;Askanischer Platz;2019;10;10;2;3;1;7;0;1;1;0;0;0;0;0;797695,9955;5825807,211;13,38663;52,50096\
199780;11;1;1022204;Thomasiusstra\'dfe;2019;10;13;2;3;6;4;0;0;1;1;0;0;0;0;794763,1096;5828314,352;13,34577;52,52502\
199781;11;12;12214424;Scharnweberstra\'dfe;2019;9;7;6;3;3;2;0;0;1;0;0;0;0;1;793208,2913;5832403,428;13,32652;52,56252\
199782;11;12;12214424;Scharnweberstra\'dfe;2019;10;13;2;2;5;3;0;0;1;0;0;0;0;0;792816,4614;5833029,358;13,32131;52,56834\
199783;11;9;9041501;Altstadt Kietz;2019;9;13;6;3;5;2;0;1;0;0;0;0;1;1;811341,8913;5819932,436;13,58154;52,4407\
199784;11;11;11040926;Weitlingstra\'dfe;2019;10;10;2;3;6;2;0;0;1;1;0;0;0;0;806697,8786;5826920,362;13,51986;52,50595\
199785;11;1;1022103;Westhafen;2019;10;10;2;3;5;2;0;1;0;0;0;1;0;0;794578,1584;5829789,565;13,34436;52,53835\
199786;11;5;5010209;An der Kappe;2019;9;19;6;3;2;2;0;0;1;0;0;0;0;0;780940,0104;5829866,636;13,14388;52,54624\
199787;11;6;6040807;Zehlendorf Eiche;2019;10;12;2;3;5;3;0;1;1;0;0;0;0;0;789858,3026;5818760,161;13,26537;52,442\
199788;11;12;12103218;Teichstra\'dfe;2019;10;10;2;3;5;2;0;0;1;0;0;0;1;0;795051,3853;5834850,711;13,35581;52,58346\
199789;11;7;7060604;Marienfelde S\'fcd;2019;9;9;6;3;0;7;0;0;0;0;1;0;1;1;797736,3069;5815392,978;13,37793;52,40758\
199790;11;1;1011204;Leipziger Stra\'dfe;2019;10;9;2;3;0;7;0;1;0;0;0;0;0;0;798157,733;5826644,946;13,39416;52,50821\
199791;11;2;2050803;Stralauer Kiez;2019;9;14;6;3;0;6;0;0;1;0;0;0;1;0;803212,578;5826326,551;13,46812;52,50257\
199792;11;8;8010301;Reuterkiez;2019;10;9;2;3;3;6;0;1;0;0;0;0;1;0;800817,6791;5825029,745;13,43178;52,49228\
199793;11;2;2020204;Urbanstra\'dfe;2019;10;9;2;3;2;6;0;0;1;0;0;0;0;0;798440,4023;5824773,142;13,39664;52,49128\
199794;11;12;12214424;Scharnweberstra\'dfe;2019;9;13;6;3;5;3;0;0;1;0;0;0;0;1;793474,3208;5832414,889;13,33045;52,56248\
199795;11;4;4010102;Pl\'f6tzensee;2019;9;12;6;3;5;3;0;1;1;0;0;0;0;1;793356,0868;5829669,931;13,32628;52,53793\
199796;11;3;3061228;Erich-Weinert-Stra\'dfe;2019;10;9;2;3;5;3;0;1;1;0;0;0;0;0;801154,7558;5831132,778;13,44225;52,54679\
199797;11;11;11030721;R\'fcdigerstra\'dfe;2019;9;14;6;3;3;6;0;0;1;0;0;0;0;1;804609,6043;5827526,329;13,48974;52,51255\
199798;11;7;7040401;Neu-Tempelhof;2019;10;8;2;3;1;5;0;1;1;0;0;0;0;0;797411,8021;5823671,301;13,38055;52,48196\
199799;11;2;2020202;Rathaus Yorckstra\'dfe;2019;10;7;2;3;5;3;0;1;1;0;0;0;0;0;797273,2895;5825511,353;13,38015;52,49853\
199800;11;5;5020627;Tiefwerder;2019;9;15;6;3;2;6;0;0;1;0;0;0;0;0;785323,8647;5828214,222;13,20693;52,52915\
199801;11;1;1033203;Humboldthain Nordwest;2019;9;14;6;3;2;6;0;0;1;0;0;0;0;1;796762,7776;5830511,262;13,37712;52,54363\
199802;11;9;9052001;K\'f6penick Nord;2019;10;12;2;3;5;3;0;1;1;0;0;0;0;0;810988,2838;5821976,045;13,57825;52,45921\
199803;11;1;1044201;Reinickendorfer Stra\'dfe;2019;10;12;2;3;5;2;0;0;1;0;0;0;0;0;796476,8364;5831928,484;13,37418;52,55649\
199804;11;10;10020413;Gut Hellersdorf;2019;9;14;6;3;6;4;0;0;1;1;0;0;0;1;811134,5788;5831268,593;13,58908;52,5424\
199805;11;5;5010313;Ackerstra\'dfe;2019;10;8;2;3;2;2;0;0;1;0;0;0;0;0;784754,3385;5829936,026;13,20003;52,54488\
199806;11;1;1044103;Westliche M\'fcllerstra\'dfe;2019;9;14;6;3;5;3;0;1;1;0;0;0;0;1;794956,5584;5830810,876;13,35083;52,5473\
199807;11;4;4030726;Droysenstra\'dfe;2019;10;8;2;3;5;7;0;0;1;0;0;0;0;0;792098,0072;5825757,396;13,30435;52,50353\
199808;11;9;9051901;Dammvorstadt;2019;9;14;6;3;5;2;0;1;1;0;0;0;0;1;811587,3328;5821155,046;13,58628;52,45151\
199809;11;12;12103117;Letteplatz;2019;10;7;2;3;5;2;0;1;1;0;0;0;0;0;795774,41;5832708,541;13,36454;52,56387\
199810;11;5;5010313;Ackerstra\'dfe;2019;9;14;6;3;5;3;0;0;1;0;0;0;0;1;784406,357;5829916,536;13,1949;52,54489\
199811;11;7;7070706;Horstwalder Stra\'dfe/Paplitzer Stra\'dfe;2019;10;12;2;3;6;2;0;0;1;1;0;0;0;0;800036,2547;5813257,524;13,40973;52,38718\
199812;11;12;12103115;Breitkopfbecken;2019;10;1;2;2;1;7;2;0;1;0;0;0;0;0;795655,4926;5833549,202;13,36354;52,57147\