OBJECTID;LAND;BEZ;LOR;STRASSE;UJAHR;UMONAT;USTUNDE;UWOCHENTAG;UKATEGORIE;UART;UTYP1;ULICHTVERH;IstRad;IstPKW;IstFuss;IstKrad;IstGkfz;IstSonstige;USTRZUSTAND;LINREFX;LINREFY;XGCSWGS84;YGCSWGS84\
199813;11;6;6030607;Goerzwerke;2019;9;14;6;3;5;3;0;0;1;0;1;0;0;1;792318,3301;5816606,45;13,29957;52,42138\
199814;11;4;4051448;Schaperstra\'dfe;2019;9;13;6;3;5;2;0;1;1;0;0;0;0;1;793459,8653;5824721,958;13,32345;52,49352\
199815;11;5;5010313;Ackerstra\'dfe;2019;10;11;2;3;1;7;0;0;1;0;0;0;0;0;784860,3605;5830102,776;13,20174;52,54632\
199816;11;3;3061430;Volkspark Prenzlauer Berg;2019;10;11;2;2;6;4;0;0;1;1;0;0;0;0;802308,3869;5829187,285;13,45744;52,52872\
199817;11;4;4051445;Eisenzahnstra\'dfe;2019;9;13;6;3;2;2;0;0;1;0;0;0;1;1;792439,8159;5824107,832;13,30792;52,48856\
199818;11;1;1011306;Heine-Viertel Ost;2019;10;11;2;3;5;2;0;0;1;0;1;0;0;0;800254,7937;5826822,949;13,42513;52,50866\
199819;11;2;2020204;Urbanstra\'dfe;2019;9;12;6;3;2;6;0;0;1;0;0;0;1;1;798289,3766;5825474,968;13,39505;52,49765\
199820;11;9;9020501;Obersch\'f6neweide West;2019;10;10;2;2;5;3;0;1;1;0;0;0;0;0;806211,3864;5822174,162;13,50835;52,46368\
199821;11;2;2050803;Stralauer Kiez;2019;10;5;1;3;1;5;2;1;1;0;0;0;1;1;803110,0241;5826296,668;13,46659;52,50236\
199822;11;7;7070703;John-Locke-Stra\'dfe;2019;9;13;6;3;1;6;0;1;1;0;0;0;0;1;798900,5026;5814354,293;13,39407;52,39764\
199823;11;10;10010206;Ringkolonnaden;2019;10;14;1;3;5;3;0;1;1;0;0;0;0;0;809981,5728;5832050,792;13,57286;52,55007\
199824;11;8;8010301;Reuterkiez;2019;9;12;6;3;1;5;0;1;1;0;0;0;0;1;801096,92;5824135,331;13,43507;52,4841\
199825;11;1;1033102;Gesundbrunnen;2019;10;19;1;3;5;2;2;0;1;0;0;0;0;0;797363,25;5831193,189;13,38656;52,54942\
199826;11;1;1011204;Leipziger Stra\'dfe;2019;9;12;6;3;5;2;0;1;1;0;0;0;0;1;798860,024;5826767,224;13,40459;52,50892\
199827;11;7;7060604;Marienfelde S\'fcd;2019;9;12;6;2;6;4;0;0;1;1;0;0;0;1;798079,1177;5814407,312;13,38208;52,39856\
199828;11;1;1022104;Emdener Stra\'dfe;2019;10;18;1;2;6;4;1;0;1;1;0;0;0;0;794447,1613;5829094,053;13,34181;52,53218\
199829;11;5;5010311;Eiswerder;2019;10;18;1;3;2;6;1;0;1;0;0;0;0;0;785409,1719;5830362,934;13,21003;52,54837\
199830;11;1;1044102;Schillerpark;2019;9;11;6;3;5;2;0;1;1;0;0;0;0;1;794700,6914;5831783,392;13,34793;52,55615\
199831;11;11;11051229;Rummelsburg;2019;10;21;1;3;2;2;2;0;1;0;1;0;0;0;804789,0093;5825408,278;13,49044;52,49347\
199832;11;1;1011201;Wilhelmstra\'dfe;2019;9;21;6;2;6;4;2;0;1;1;0;0;0;0;797472,9618;5826794,341;13,38423;52,50993\
199833;11;1;1044201;Reinickendorfer Stra\'dfe;2019;10;16;1;3;2;6;0;0;1;0;0;0;0;0;797047,6671;5831926,997;13,38257;52,55617\
199834;11;7;7010102;Nollendorfplatz;2019;9;18;6;3;5;3;1;1;1;0;0;0;0;1;795182,5715;5825494,419;13,34943;52,49952\
199835;11;8;8020727;Buckow Mitte;2019;10;14;1;3;2;6;0;0;1;0;0;0;0;0;801600,2987;5817447,348;13,43642;52,42388\
199836;11;9;9010302;Sp\'e4thsfelde;2019;9;18;6;3;8;1;1;0;1;0;0;0;0;1;803207,8644;5820967,3;13,46318;52,45454\
199837;11;12;12231102;Frohnau;2019;10;14;1;3;2;2;0;1;1;0;0;0;0;0;789922,9949;5840474,14;13,28526;52,63663\
199838;11;7;7040401;Neu-Tempelhof;2019;10;14;1;3;2;6;0;0;1;0;0;0;0;0;797750,2572;5823954,092;13,38577;52,48432\
199839;11;1;1011202;Unter den Linden Nord;2019;9;19;6;3;0;1;2;0;0;0;0;0;1;1;797737,7201;5827795,168;13,38902;52,51875\
199840;11;11;11030721;R\'fcdigerstra\'dfe;2019;9;18;6;3;5;3;1;0;1;0;0;0;0;1;804833,5019;5827749,191;13,49323;52,51442\
199841;11;8;8010405;Hertzbergplatz;2019;10;14;1;3;5;3;0;1;1;0;0;0;0;0;801650,6878;5823968,661;13,44305;52,48231\
199842;11;4;4020310;Park Ruhwald;2019;9;18;6;3;8;1;1;0;1;0;0;0;0;1;790174,1079;5828196,549;13,27821;52,52643\
199843;11;1;1044201;Reinickendorfer Stra\'dfe;2019;10;13;1;3;6;4;0;0;1;1;0;0;0;0;796417,3844;5831970,492;13,37334;52,5569\
199844;11;1;1022102;Beusselkiez;2019;9;17;6;3;1;5;0;1;1;0;0;0;0;1;793548,2113;5828510,926;13,32808;52,52744\
199845;11;2;2040703;Wriezener Bahnhof/Entwicklungsgebiet;2019;10;13;1;3;2;2;0;1;1;0;0;0;0;0;801351,2615;5826457,932;13,4409;52,50478\
199846;11;7;7070701;Kettinger Stra\'dfe/Schillerstra\'dfe;2019;9;16;6;3;5;3;0;0;1;0;0;0;0;1;799049,3754;5814291,799;13,3962;52,39699\
199847;11;12;12214422;Klixstra\'dfe;2019;10;13;1;3;5;2;0;0;1;0;0;0;0;0;792275,216;5833930,104;13,31414;52,57671\
199848;11;6;6040804;Krumme Lanke;2019;10;13;1;3;5;3;0;1;1;0;0;0;0;0;787244,3364;5818354,348;13,22667;52,43974\
199849;11;4;4030725;Amtsgerichtsplatz;2019;9;17;6;3;4;6;0;0;1;0;1;0;0;1;791149,1775;5825642,578;13,29031;52,50301\
199850;11;5;5010206;G\'fctersloher Weg;2019;10;12;1;3;5;2;0;1;1;0;0;0;0;0;782158,6651;5829951,975;13,16187;52,54638\
199851;11;7;7070702;Alt-Lichtenrade/T\'f6pchiner Weg;2019;9;16;6;3;2;6;0;0;1;0;1;0;0;1;799975,3231;5814566,264;13,41001;52,39895\
199852;11;7;7010102;Nollendorfplatz;2019;10;11;1;3;6;4;0;0;0;1;0;0;1;0;795081,0019;5825808,364;13,34822;52,50239\
199853;11;11;11051332;Karlshorst S\'fcd;2019;9;16;6;3;6;4;0;0;1;1;0;0;0;1;807223,9849;5824073,328;13,52496;52,48014\
199854;11;2;2040701;Andreasviertel;2019;10;9;1;3;5;3;0;1;1;0;0;0;0;0;800619,97;5827307,604;13,43093;52,5128\
199855;11;1;1033201;Brunnenstra\'dfe;2019;9;16;6;3;2;6;0;0;1;0;0;0;0;1;797931,3789;5830272,042;13,39408;52,54085\
199856;11;8;8020622;Parchimer Allee;2019;10;1;1;2;1;5;2;0;1;0;0;0;1;0;802183,2113;5819314,259;13,44665;52,44029\
199857;11;8;8020620;Tempelhofer Weg;2019;9;16;6;3;3;6;0;0;1;0;1;0;0;1;800326,684;5820524,654;13,42051;52,45216\
199858;11;4;4041136;Hagenplatz;2019;9;15;6;3;5;3;0;0;1;0;0;0;1;1;790536,3349;5822781,49;13,27881;52,47769\
199859;11;12;12304314;Ziekowstra\'dfe/Freie Scholle;2019;10;0;1;2;5;2;2;0;1;0;1;0;0;1;790684,1255;5835382,557;13,292;52,59058\
199860;11;4;4030519;Kaiserin-Augusta-Allee;2019;9;15;6;3;6;4;0;0;1;1;0;0;0;1;792069,0936;5828336,516;13,30619;52,52667\
199861;11;12;12214424;Scharnweberstra\'dfe;2019;10;13;7;3;2;6;0;0;1;0;0;0;0;0;792206,5758;5832945,537;13,31227;52,56792\
199862;11;12;12302211;L\'fcbarser Stra\'dfe;2019;10;16;7;3;8;1;0;0;1;0;0;0;0;0;793489,9217;5836973,652;13,33471;52,60334\
199863;11;3;3050923;Wei\'dfenseer Spitze;2019;9;11;6;3;0;1;0;1;1;1;0;0;0;1;800831,403;5832047,48;13,43833;52,55517\
199864;11;10;10040932;Alt-Mahlsdorf;2019;9;9;6;3;5;2;0;1;1;0;0;0;0;1;812977,451;5827501,006;13,61262;52,50759\
199865;11;2;2010103;Moritzplatz;2019;10;16;7;3;5;3;0;1;1;0;0;0;0;0;799343,5968;5826192,208;13,41117;52,50351\
199866;11;5;5010208;Germersheimer Platz;2019;9;10;6;3;2;6;0;0;1;0;0;0;1;1;783717,2281;5830172,427;13,18498;52,54754\
199867;11;1;1011202;Unter den Linden Nord;2019;10;14;7;3;0;1;0;1;0;0;0;0;0;0;797207,6581;5827497,332;13,38096;52,51637\
199868;11;9;9020702;Adlershof Ost;2019;9;10;6;3;5;3;0;1;1;0;0;0;0;1;809228,6699;5819314,425;13,54998;52,43636\
199869;11;7;7010101;Wittenbergplatz/Viktoria-Luise-Platz;2019;10;20;7;3;6;7;2;1;0;1;0;0;0;1;794600,477;5825793,879;13,34115;52,50252\
199870;11;1;1011103;L\'fctzowstra\'dfe;2019;9;10;6;3;5;2;0;1;1;0;0;0;0;1;795271,403;5826033,423;13,35121;52,5043\
199871;11;7;7050502;Fritz-Werner-Stra\'dfe;2019;10;19;7;3;5;2;2;0;1;0;0;0;0;0;798379,08;5818418,792;13,39005;52,43435\
199872;11;4;4030519;Kaiserin-Augusta-Allee;2019;10;18;7;3;2;6;1;0;1;0;0;0;0;1;792071,0406;5827980,803;13,30591;52,52348\
199873;11;9;9051901;Dammvorstadt;2019;10;18;7;3;9;1;0;0;0;0;1;0;0;0;810239,2496;5821476,326;13,5668;52,45516\
199874;11;4;4051445;Eisenzahnstra\'dfe;2019;9;10;6;3;6;4;0;0;1;1;0;0;0;1;791968,3501;5824737,979;13,30155;52,49447\
199875;11;3;3050924;Behaimstra\'dfe;2019;10;17;7;3;0;7;0;0;1;0;0;0;1;0;801483,3152;5831869,833;13,44775;52,55322\
199876;11;4;4020313;K\'f6nigin-Elisabeth-Stra\'dfe;2019;9;9;6;2;5;3;0;0;1;0;0;0;0;1;790493,9477;5826546,12;13,28147;52,51146\
199877;11;4;4030931;Breitscheidplatz;2019;10;14;7;3;6;2;0;0;1;1;0;0;0;0;794352,4437;5825900,19;13,3376;52,5036\
199878;11;12;12103115;Breitkopfbecken;2019;9;9;6;3;5;3;0;1;1;0;0;0;0;1;795346,3893;5833841,178;13,35926;52,57425\
199879;11;4;4030827;Karl-August-Platz;2019;10;12;7;3;3;6;0;0;1;0;1;0;0;0;792269,9256;5826111,912;13,30719;52,50662\
199880;11;5;5030731;Gartenfelder Stra\'dfe;2019;10;12;7;3;6;4;0;0;1;1;0;0;0;0;786591,1336;5830252,549;13,22732;52,54676\
199881;11;9;9020701;Adlershof West;2019;9;9;6;2;5;2;0;0;1;0;0;0;0;1;809327,1704;5818503,022;13,55067;52,42903\
199882;11;3;3061332;Helmholtzplatz;2019;9;9;6;3;0;5;0;1;0;0;0;1;0;1;799602,8038;5831130,138;13,41943;52,54762\
199883;11;7;7060604;Marienfelde S\'fcd;2019;10;11;7;3;2;2;0;0;1;0;0;0;0;0;796572,6117;5815881,443;13,36131;52,41259\
199884;11;3;3050920;Wei\'dfer See;2019;10;11;7;3;5;3;0;0;1;0;0;0;0;1;802250,4489;5831589,31;13,45878;52,55028\
199885;11;1;1011103;L\'fctzowstra\'dfe;2019;9;9;6;3;3;6;0;0;1;0;0;0;0;1;795262,1542;5826012,986;13,35106;52,50412\
199886;11;6;6010209;Feuerbachstra\'dfe;2019;10;7;7;3;5;2;1;0;1;0;0;0;0;1;794023,046;5821044,072;13,32847;52,46025\
199887;11;5;5010102;Goltzstra\'dfe;2019;9;8;6;3;5;2;0;1;1;0;0;0;0;1;785209,2192;5831876,388;13,20839;52,56204\
199888;11;6;6040810;Dahlem;2019;10;6;7;3;5;3;2;0;1;0;0;0;0;1;790158,8296;5819788,732;13,27067;52,45106\
199889;11;4;4051550;Leon-Jessel-Platz;2019;10;5;7;3;2;6;2;0;1;0;0;0;0;1;792952,9445;5824226,925;13,31557;52,48936\
199890;11;1;1011304;Karl-Marx-Allee;2019;10;4;7;3;5;2;2;0;1;0;0;0;0;1;799731,5123;5827551,813;13,4181;52,51548\
199891;11;9;9020701;Adlershof West;2019;9;8;6;3;2;6;0;0;1;0;0;0;0;1;809062,8844;5818756,621;13,54703;52,43145\
199892;11;4;4030827;Karl-August-Platz;2019;10;19;7;3;1;5;2;1;1;0;0;0;0;1;792731,0996;5826215,094;13,31405;52,5073\
199893;11;8;8010404;Rixdorf;2019;9;8;6;3;5;2;0;1;1;0;0;0;0;1;802576,2757;5823077,955;13,45583;52,47381\
199894;11;10;10010207;Marzahner Promenade;2019;10;10;6;3;6;4;0;0;1;1;0;0;0;0;808411,64;5831212,291;13,54901;52,54345\
199895;11;11;11040926;Weitlingstra\'dfe;2019;10;19;6;3;6;2;2;0;1;1;0;0;0;1;805195,4806;5827245,563;13,49809;52,5097\
199896;11;9;9020802;K\'f6llnische Vorstadt;2019;9;8;6;3;2;6;0;0;1;0;0;1;0;1;810040,6069;5819479,777;13,56203;52,43738\
199897;11;1;1033102;Gesundbrunnen;2019;10;22;6;3;5;2;2;0;1;0;0;0;0;1;797157,0054;5831904,692;13,38416;52,55591\
199898;11;1;1011201;Wilhelmstra\'dfe;2019;9;9;6;3;2;6;0;1;0;0;0;0;0;1;797206,5308;5827476,955;13,38093;52,51619\
199899;11;6;6030606;Hindenburgdamm;2019;10;21;6;3;6;2;2;0;1;1;0;0;0;1;793178,277;5818211,484;13,31359;52,43531\
199900;11;1;1022201;Stephankiez;2019;9;7;6;3;5;7;0;0;1;0;1;0;0;1;795005,3163;5829134,167;13,35005;52,53224\
199901;11;5;5010314;Carl-Schurz-Stra\'dfe;2019;10;21;6;3;2;6;2;0;1;0;0;0;0;1;785322,1191;5829293,631;13,20783;52,53883\
199902;11;6;6040806;Fischtal;2019;10;10;6;3;2;7;0;0;1;0;1;0;0;0;788886,6612;5819465,557;13,25172;52,44884\
199903;11;1;1033203;Humboldthain Nordwest;2019;9;0;6;3;1;5;2;0;1;0;0;0;0;0;796960,3279;5830795,942;13,38028;52,54608\
199904;11;4;4010101;Jungfernheide;2019;9;8;6;2;0;7;0;0;1;0;0;1;0;1;790900,2346;5830673,187;13,29106;52,54824\
199905;11;5;5010312;Kurstra\'dfe;2019;10;20;6;3;6;7;2;0;1;1;0;0;0;1;785405,8426;5830432,374;13,21004;52,54899\
199906;11;7;7010102;Nollendorfplatz;2019;10;19;6;3;6;2;2;0;1;1;0;0;0;1;794979,0347;5825231,726;13,34621;52,49727\
199907;11;10;10040933;Mahlsdorf S\'fcd;2019;9;12;6;2;0;1;0;0;0;0;1;0;0;1;812270,4174;5823893,831;13,59886;52,47567\
199908;11;5;5020626;Adamstra\'dfe;2019;10;19;6;3;5;3;2;0;1;0;0;0;0;1;784768,6073;5827092,523;13,19781;52,51938\
199909;11;2;2020206;Graefekiez;2019;9;8;6;3;6;4;0;1;0;1;0;0;0;1;799474,925;5824850,323;13,4119;52,49141\
199910;11;1;1033202;Humboldthain S\'fcd;2019;10;17;6;3;0;1;0;0;0;0;1;0;0;1;797690,4491;5829644,231;13,38998;52,53535\
199911;11;7;7050501;Rathausstra\'dfe;2019;9;7;6;3;0;4;0;1;0;1;0;0;0;1;797951,3267;5819922,54;13,38512;52,44807\
199912;11;1;1011201;Wilhelmstra\'dfe;2019;10;18;6;3;5;7;0;0;1;0;1;0;0;1;797374,7236;5827051,474;13,38302;52,51228\
199913;11;6;6030501;Berlepschstra\'dfe;2019;9;18;5;3;5;2;0;0;1;0;0;0;0;0;787530,9035;5817380,834;13,23003;52,43086\
199914;11;4;4010101;Jungfernheide;2019;10;17;6;3;5;3;1;0;1;0;0;0;0;1;789707,3032;5829595,942;13,27257;52,53922\
199915;11;5;5020627;Tiefwerder;2019;10;16;6;3;2;6;0;0;1;0;0;0;0;1;785317,468;5828218,709;13,20684;52,52919\
199916;11;2;2030301;Oranienplatz;2019;9;21;5;3;5;2;2;1;0;0;0;0;1;0;799881,1807;5825901,596;13,41881;52,50061\
199917;11;4;4061757;Forst Grunewald;2019;9;11;5;3;9;1;0;0;1;0;0;0;0;0;785235,1589;5824200,728;13,20219;52,49321\
199918;11;2;2030302;Lausitzer Platz;2019;10;16;6;3;5;3;0;1;1;0;0;0;0;1;800418,6268;5826038,529;13,42683;52,50154\
199919;11;4;4030725;Amtsgerichtsplatz;2019;9;11;5;3;2;6;0;0;1;0;0;0;0;0;792002,3575;5825968,312;13,30313;52,50548\
199920;11;3;3020307;Buchholz;2019;10;15;6;3;0;5;0;1;1;0;0;0;0;0;800077,783;5837494,666;13,43217;52,60441\
199921;11;6;6020411;Sch\'fctte-Lanz-Stra\'dfe;2019;9;13;5;2;5;5;0;0;1;0;1;0;0;0;795131,845;5815684,146;13,34001;52,4116\
199922;11;1;1033202;Humboldthain S\'fcd;2019;10;14;6;3;0;1;0;0;0;0;1;0;0;1;797824,0522;5829804,848;13,39209;52,53672\
199923;11;4;4041343;Binger Stra\'dfe;2019;9;12;5;2;0;7;0;0;1;0;0;0;1;0;792666,4732;5823053,714;13,31033;52,47899\
199924;11;3;3050923;Wei\'dfenseer Spitze;2019;10;14;6;3;5;2;0;0;1;0;0;0;0;1;800199,7521;5832139,073;13,42912;52,55634\
199925;11;5;5040936;J\'e4gerallee;2019;9;12;5;2;5;2;0;1;1;0;0;0;0;0;780517,9141;5820688,658;13,12993;52,46416\
199926;11;7;7040403;Manteuffelstra\'dfe;2019;10;12;6;3;5;2;0;0;1;0;1;0;0;0;797425,4914;5820799,312;13,37819;52,45621\
199927;11;2;2030302;Lausitzer Platz;2019;10;10;6;3;2;2;0;0;1;0;0;0;0;0;801455,733;5826044,573;13,44206;52,50102\
199928;11;5;5010314;Carl-Schurz-Stra\'dfe;2019;9;12;5;2;6;4;0;0;0;1;1;0;0;0;785222,8547;5828887,332;13,20602;52,53524\
199929;11;12;12214424;Scharnweberstra\'dfe;2019;10;14;6;3;2;6;0;0;1;0;0;0;0;1;793508,04;5832397,727;13,33093;52,56231\
199930;11;1;1033201;Brunnenstra\'dfe;2019;9;10;5;3;5;3;0;0;1;0;0;0;1;0;797430,5646;5831148,65;13,38751;52,54898\
199931;11;6;6010207;Mittelstra\'dfe;2019;10;13;6;3;2;6;0;0;1;0;0;0;0;1;794132,9962;5820340,311;13,32947;52,45388\
199932;11;7;7040403;Manteuffelstra\'dfe;2019;10;5;6;2;5;2;2;1;1;0;0;0;0;0;797327,6851;5822178,708;13,37798;52,46863\
199933;11;1;1011301;Charit\'e9viertel;2019;9;10;5;3;2;6;0;0;1;0;0;0;0;0;796676,8883;5829751,518;13,37518;52,53687\
199934;11;8;8010303;Donaustra\'dfe;2019;10;0;6;3;5;2;2;1;1;0;0;0;0;0;801293,9918;5823827,941;13,43768;52,48124\
199935;11;3;3061131;Falkplatz;2019;9;8;5;3;1;5;0;1;1;0;0;0;0;0;798697,2612;5830879,392;13,40589;52,54587\
199936;11;4;4030620;Alt-Lietzow;2019;10;0;6;3;5;3;2;0;1;0;0;0;0;0;792145,6081;5827326,857;13,30643;52,51758\
199937;11;7;7020203;Kaiser-Wilhelm-Platz;2019;9;8;5;3;1;5;0;1;0;0;0;0;1;0;795476,0459;5824436,633;13,3528;52,48988\
199938;11;2;2030401;Reichenberger Stra\'dfe;2019;10;17;5;3;6;7;0;0;0;1;0;0;1;0;800182,4897;5825384;13,42277;52,4958\
199939;11;6;6030503;Zehlendorf Mitte;2019;9;8;5;3;5;3;0;1;1;0;0;0;0;0;789259,5317;5818044,816;13,25596;52,4359\
199940;11;3;3050925;Komponistenviertel Wei\'dfensee;2019;10;14;5;3;5;3;0;0;1;0;0;0;0;1;801893,6237;5831284,706;13,45325;52,54774\
199941;11;9;9020601;Schnellerstra\'dfe;2019;10;13;5;2;5;3;0;0;1;0;0;0;0;1;805908,598;5821824,27;13,50359;52,46072\
199942;11;6;6020411;Sch\'fctte-Lanz-Stra\'dfe;2019;9;7;5;3;5;3;0;0;1;0;0;0;0;0;795123,9822;5816185,417;13,34034;52,4161\
199943;11;5;5010310;Eckschanze;2019;9;7;5;3;4;6;0;1;0;0;0;0;0;0;784765,6902;5830421,594;13,20062;52,54923\
199944;11;5;5030730;Zitadellenweg;2019;10;11;5;2;4;6;0;0;1;0;0;0;0;1;787172,9387;5830658,357;13,23623;52,55009\
199945;11;2;2010102;Mehringplatz;2019;9;7;5;2;5;3;0;1;1;0;0;0;0;0;798334,1358;5825630,643;13,39584;52,49902\
199946;11;8;8020622;Parchimer Allee;2019;10;11;5;3;5;3;0;0;1;0;0;0;0;1;802566,3795;5819902,247;13,4528;52,44535\
199947;11;3;3071639;B\'f6tzowstra\'dfe;2019;9;16;5;3;6;7;0;1;0;1;0;0;0;0;800654,048;5829616,748;13,43352;52,53348\
199948;11;1;1011302;Oranienburger Stra\'dfe;2019;10;10;5;2;0;7;0;0;1;0;0;0;0;1;798640,607;5829091,939;13,40345;52,52988\
199949;11;11;11020412;Hauptstra\'dfe;2019;9;16;5;3;5;3;0;0;1;0;1;0;0;0;805398,4767;5831360,837;13,50485;52,54647\
199950;11;8;8010301;Reuterkiez;2019;10;23;5;3;5;3;2;0;1;0;0;0;0;0;801129,4981;5824684,574;13,43604;52,48901\
199951;11;1;1033202;Humboldthain S\'fcd;2019;10;10;5;3;0;1;0;0;0;0;1;0;0;1;797684,6008;5829635,138;13,38989;52,53527\
199952;11;3;3061429;Greifswalder Stra\'dfe;2019;9;18;5;3;5;3;1;1;1;0;0;0;0;0;801413,5641;5830922,624;13,44586;52,54477\
199953;11;1;1011301;Charit\'e9viertel;2019;10;9;5;3;0;1;0;0;0;0;1;0;0;1;796959,4011;5828920,041;13,37859;52,52926\
199954;11;9;9031101;Gr\'fcnau;2019;9;18;5;3;5;3;2;1;1;0;0;0;0;0;811468,9656;5817294,982;13,58094;52,41699\
199955;11;2;2010101;Askanischer Platz;2019;10;4;5;2;6;2;2;0;1;1;0;0;0;1;797619,2044;5826418,714;13,38605;52,50648\
199956;11;4;4031032;Halensee;2019;9;16;5;3;5;2;0;0;1;0;0;0;0;0;791019,6798;5824868,039;13,28773;52,49614\
199957;11;8;8010118;Silbersteinstra\'dfe;2019;10;19;5;3;5;3;2;0;1;0;0;0;1;0;801004,6777;5822160,088;13,43193;52,46645\
199958;11;3;3010104;Lietzengraben;2019;9;16;5;3;2;6;0;0;1;0;0;0;0;0;801206,9914;5839213,695;13,45036;52,61919\
199959;11;1;1022102;Beusselkiez;2019;10;16;5;3;1;5;0;1;1;0;0;0;0;1;793526,4367;5828513,856;13,32777;52,52748\
199960;11;4;4030415;Schlo\'dfgarten;2019;10;14;5;3;2;6;0;0;1;0;0;0;0;1;790604,8143;5827359,058;13,28381;52,51869\
199961;11;1;1011204;Leipziger Stra\'dfe;2019;9;16;5;3;5;2;0;1;1;0;0;0;0;0;797855,0992;5826859,091;13,38991;52,5103\
199962;11;11;11010103;Dorf Falkenberg;2019;10;14;5;3;1;1;0;0;1;0;0;0;0;1;807686,205;5834012,107;13,54094;52,56895\
199963;11;12;12224230;Heiligensee;2019;9;18;5;3;6;6;1;0;1;1;0;0;0;0;785452,0127;5835940,778;13,21546;52,59835\
199964;11;2;2010103;Moritzplatz;2019;10;18;5;2;5;3;2;0;1;0;0;0;1;0;798929,1406;5826353,905;13,40523;52,50518\
199965;11;8;8020622;Parchimer Allee;2019;9;18;5;3;5;2;0;1;0;0;0;0;1;0;801264,6138;5819821,28;13,43364;52,44534\
199966;11;1;1011102;Gro\'dfer Tiergarten;2019;10;18;4;2;6;4;1;0;1;1;0;0;0;1;796852,2953;5827631,073;13,37586;52,51776\
199967;11;3;3061332;Helmholtzplatz;2019;9;15;5;3;3;6;0;1;1;0;0;0;0;0;800068,9657;5830664,635;13,42586;52,5432\
199968;11;9;9051901;Dammvorstadt;2019;10;7;4;3;6;2;0;0;1;1;0;0;0;1;810777,3529;5821249,144;13,57448;52,45282\
199969;11;6;6040809;Thielallee;2019;10;7;4;3;0;1;2;0;0;0;1;0;0;1;792088,239;5820289,691;13,29942;52,45452\
199970;11;11;11030720;Herzbergstra\'dfe;2019;9;14;5;3;0;6;0;0;1;0;0;0;1;0;805135,5436;5829989,784;13,49972;52,53433\
199971;11;4;4051655;Babelsberger Stra\'dfe;2019;9;14;5;3;6;4;0;0;1;1;0;0;0;0;794161,8937;5824104,374;13,33321;52,48761\
199972;11;8;8010405;Hertzbergplatz;2019;10;7;4;3;6;4;2;0;1;1;0;0;0;1;802066,2658;5823564,48;13,44878;52,47845\
199973;11;6;6010102;Schlo\'dfstra\'dfe;2019;10;7;4;3;3;6;0;1;0;0;0;0;1;0;793067,913;5821401,572;13,31477;52,46397\
199974;11;7;7020201;Bayerischer Platz;2019;9;14;5;3;5;7;0;0;1;0;1;0;0;0;794865,7374;5824287,379;13,34371;52,48887\
199975;11;3;3030715;Heinersdorf;2019;10;18;4;3;5;7;0;0;1;0;1;0;0;0;800164,3491;5832725,072;13,42913;52,56161\
199976;11;1;1044102;Schillerpark;2019;9;14;5;3;2;7;0;0;1;0;0;0;0;0;795259,8063;5831726,628;13,3561;52,55534\
199977;11;1;1011102;Gro\'dfer Tiergarten;2019;10;17;4;2;5;2;0;0;1;0;1;0;0;0;794308,0391;5827029,377;13,33794;52,51375\
199978;11;5;5030731;Gartenfelder Stra\'dfe;2019;10;17;4;3;2;6;0;0;1;0;0;0;0;1;787212,2373;5829747,838;13,23602;52,54191\
199979;11;7;7010101;Wittenbergplatz/Viktoria-Luise-Platz;2019;9;18;5;3;2;6;1;0;1;0;0;0;0;0;794711,604;5825757,821;13,34275;52,50213\
199980;11;8;8010404;Rixdorf;2019;10;16;4;3;6;2;0;0;1;1;0;0;0;0;802488,7128;5823167,18;13,45462;52,47466\
199981;11;1;1022101;Huttenkiez;2019;10;16;4;3;0;1;0;0;0;0;0;0;1;1;792911,4455;5828884,497;13,31905;52,53113\
199982;11;1;1011104;K\'f6rnerstra\'dfe;2019;9;17;5;2;3;6;0;0;1;0;1;0;0;0;796625,3592;5826185,085;13,37124;52,50493\
199983;11;8;8010404;Rixdorf;2019;10;16;4;3;1;5;0;1;1;0;0;0;0;1;801769,0084;5822674,234;13,44361;52,47064\
199984;11;2;7010104;Dennewitzplatz;2019;9;14;5;3;3;6;0;0;1;0;1;0;0;0;797064,0339;5824721,2;13,37638;52,49157\
199985;11;6;6030608;Schweizer Viertel;2019;10;16;4;3;0;2;0;1;0;0;0;0;1;0;792591,08;5817200,311;13,30409;52,42656\
199986;11;7;7030301;Friedenau;2019;10;23;4;2;5;7;2;0;1;0;1;0;0;0;793939,8717;5822533,833;13,32857;52,47365\
199987;11;12;12301204;Wittenau Nord;2019;9;18;5;3;5;2;0;1;1;0;0;0;0;0;792907,5047;5835906,835;13,3252;52,59409\
199988;11;8;8010301;Reuterkiez;2019;10;16;4;3;5;3;0;1;0;0;1;0;0;0;800950,6568;5824716,081;13,43345;52,48939\
199989;11;7;7010102;Nollendorfplatz;2019;9;13;5;3;6;2;0;0;1;1;0;0;0;0;794948,3978;5825411,972;13,34592;52,49891\
199990;11;1;1011306;Heine-Viertel Ost;2019;10;22;4;3;0;7;2;0;0;1;0;0;1;0;799844,9362;5827199,762;13,41945;52,51226\
199991;11;1;1011401;Invalidenstra\'dfe;2019;9;17;5;3;5;7;0;0;1;0;0;0;0;0;797409,5746;5829164,38;13,38542;52,53121\
199992;11;12;12214421;Reinickes Hof;2019;10;15;4;3;5;3;0;0;1;0;0;0;1;0;793419,6062;5833379,383;13,3305;52,57115\