OBJECTID;LAND;BEZ;LOR;STRASSE;UJAHR;UMONAT;USTUNDE;UWOCHENTAG;UKATEGORIE;UART;UTYP1;ULICHTVERH;IstRad;IstPKW;IstFuss;IstKrad;IstGkfz;IstSonstige;USTRZUSTAND;LINREFX;LINREFY;XGCSWGS84;YGCSWGS84\
200175;11;9;9020501;Obersch\'f6neweide West;2019;10;11;3;3;5;2;0;1;0;0;0;1;0;0;806598,0389;5822779,1;13,51458;52,46889\
200176;11;1;1011302;Oranienburger Stra\'dfe;2019;10;11;3;3;5;2;0;1;0;0;0;0;0;0;798332,9919;5828961,324;13,39881;52,52888\
200177;11;5;5020626;Adamstra\'dfe;2019;10;10;3;3;5;2;0;1;1;0;0;0;0;0;784591,0754;5827964,067;13,19594;52,52729\
200178;11;4;4041344;R\'fcdesheimer Platz;2019;10;9;3;3;1;5;0;1;1;0;0;0;0;1;793181,3353;5822105,481;13,31705;52,47022\
200179;11;1;1011201;Wilhelmstra\'dfe;2019;10;8;3;3;5;3;0;1;0;1;0;0;0;0;797465,2644;5826813,493;13,38414;52,5101\
200180;11;4;4030623;Ernst-Reuter-Platz;2019;10;8;3;3;2;6;0;0;1;0;0;0;0;0;793329,0983;5826683,639;13,32325;52,51118\
200181;11;1;1011306;Heine-Viertel Ost;2019;10;9;3;3;4;6;0;1;1;0;0;0;0;0;800152,6886;5826865,621;13,42367;52,5091\
200182;11;3;3071536;Teutoburger Platz;2019;10;14;3;3;6;4;0;1;0;1;0;0;0;0;798825,1704;5829228,28;13,40629;52,531\
200183;11;1;1011204;Leipziger Stra\'dfe;2019;10;8;3;3;2;2;0;1;1;0;0;0;0;0;797862,3539;5826764,054;13,38993;52,50944\
200184;11;7;7050505;Hundsteinweg;2019;10;14;3;3;6;7;0;0;0;1;0;0;1;0;799317,5044;5819052,71;13,40438;52,43952\
200185;11;1;1022101;Huttenkiez;2019;10;18;3;3;0;2;1;0;1;0;1;0;0;0;792670,068;5828529,83;13,31519;52,52808\
200186;11;1;1011103;L\'fctzowstra\'dfe;2019;10;14;3;3;2;6;0;0;1;0;0;0;0;0;795770,4729;5825718,429;13,35827;52,50121\
200187;11;9;9010401;Johannisthal West;2019;10;8;3;3;0;3;0;0;1;0;1;0;0;0;806122,9184;5820089,933;13,50514;52,44505\
200188;11;2;2010104;Wassertorplatz;2019;10;7;3;2;2;6;0;0;1;0;1;0;0;0;799874,8651;5825697,773;13,41853;52,49878\
200189;11;10;10010102;Havemannstra\'dfe;2019;10;18;3;3;2;7;1;0;1;0;0;0;0;0;809787,9007;5834082,526;13,57191;52,56839\
200190;11;5;5030731;Gartenfelder Stra\'dfe;2019;10;7;3;3;0;6;0;0;1;0;1;0;0;0;787627,7566;5829396,506;13,24182;52,53854\
200191;11;5;5010312;Kurstra\'dfe;2019;10;6;3;3;5;3;1;1;1;0;0;0;0;0;785135,0443;5829611,911;13,20535;52,54178\
200192;11;5;5010209;An der Kappe;2019;10;17;3;3;5;2;0;1;1;0;0;0;0;0;783238,72;5830269,678;13,17803;52,54866\
200193;11;2;2040701;Andreasviertel;2019;10;17;3;3;5;3;0;1;0;0;0;1;0;0;800618,4866;5827307,795;13,43091;52,5128\
200194;11;8;8010301;Reuterkiez;2019;10;13;3;3;2;6;0;0;1;0;0;0;0;0;800911,1282;5824250,323;13,43244;52,48524\
200195;11;1;1022103;Westhafen;2019;10;17;3;3;5;2;0;0;1;0;1;0;0;0;794670,9582;5829772,421;13,34571;52,53814\
200196;11;12;12301205;Waidmannslust;2019;10;12;3;3;6;2;0;0;0;1;0;0;1;0;792107,2958;5837666,818;13,31497;52,61029\
200197;11;8;8020622;Parchimer Allee;2019;10;15;3;3;2;6;0;0;1;0;0;0;0;0;801314,3612;5819571,856;13,43414;52,44308\
200198;11;3;3061228;Erich-Weinert-Stra\'dfe;2019;10;12;3;3;5;2;0;0;0;0;1;0;1;0;800501,4711;5830759,314;13,43231;52,54381\
200199;11;9;9020601;Schnellerstra\'dfe;2019;10;16;3;3;2;6;0;0;0;0;0;0;1;0;805361,1524;5822407,533;13,49609;52,46625\
200200;11;7;7040405;Rathaus Tempelhof;2019;10;21;2;2;5;3;2;0;1;0;1;0;0;0;798894,8264;5821207,113;13,40011;52,45907\
200201;11;4;4010101;Jungfernheide;2019;10;21;2;3;6;7;2;0;0;1;0;1;0;0;791118,8734;5829405,361;13,29316;52,53676\
200202;11;1;1022201;Stephankiez;2019;10;20;2;3;2;6;2;1;1;0;0;0;0;0;795338,5265;5829445,6;13,35523;52,53485\
200203;11;2;2050802;Boxhagener Platz;2019;10;19;2;3;5;2;2;1;1;0;0;0;0;0;802107,3253;5827355,98;13,45282;52,51241\
200204;11;3;3061430;Volkspark Prenzlauer Berg;2019;10;18;2;3;2;2;1;1;1;0;0;0;0;0;802329,7699;5829224,175;13,45779;52,52903\
200205;11;1;1011201;Wilhelmstra\'dfe;2019;10;18;2;3;6;4;1;1;0;1;0;0;0;0;797045,2766;5826555,838;13,37774;52,50802\
200206;11;4;4041136;Hagenplatz;2019;10;18;2;3;5;2;1;1;1;0;0;0;0;0;790689,9757;5822707,533;13,28101;52,47694\
200207;11;1;1011105;N\'f6rdlicher Landwehrkanal;2019;10;17;2;3;5;2;0;1;1;0;0;0;0;0;796123,0942;5826718,675;13,36433;52,50998\
200208;11;8;8020625;Handwerker-Siedlung;2019;10;17;2;2;1;5;0;0;1;0;0;0;0;0;801452,2462;5818597,585;13,43528;52,43427\
200209;11;12;12103218;Teichstra\'dfe;2019;10;17;2;3;1;5;1;0;1;0;0;0;0;0;794819,1969;5833121,055;13,35086;52,56808\
200210;11;6;6010101;Fichtenberg;2019;10;16;2;2;0;6;0;0;1;0;0;0;1;0;793399,2935;5820373,386;13,31873;52,45457\
200211;11;10;10010309;Springpfuhl;2019;10;15;2;3;5;2;0;1;0;0;0;0;1;0;807934,6073;5829198,169;13,54013;52,52566\
200212;11;3;3071536;Teutoburger Platz;2019;10;15;2;3;5;7;0;0;0;0;0;0;1;0;799096,8184;5830247,01;13,4112;52,53999\
200213;11;2;2010102;Mehringplatz;2019;10;15;2;2;6;4;0;0;1;1;0;0;0;0;798285,1742;5826523,385;13,39592;52,50705\
200214;11;2;2020204;Urbanstra\'dfe;2019;10;9;2;3;2;2;0;1;1;0;0;0;0;0;798622,0509;5825120,332;13,39961;52,49429\
200215;11;11;11051330;Karlshorst West;2019;10;15;2;3;5;5;0;0;1;0;0;0;0;0;806148,7743;5825141,232;13,51016;52,49031\
200216;11;8;8010302;Bouch\'e9stra\'dfe;2019;10;15;2;3;0;6;0;1;0;0;0;0;1;0;801954,6417;5824578,349;13,44806;52,4876\
200217;11;5;5020625;Borkumer Stra\'dfe;2019;10;11;2;2;5;3;0;1;0;0;1;0;0;0;783923,89;5828516,799;13,18661;52,53259\
200218;11;9;9051702;B\'f6lschestra\'dfe;2019;10;11;2;3;0;6;0;1;0;0;0;0;1;0;814203,663;5821471,993;13,62495;52,45286\
200219;11;9;9041401;Allende I;2019;10;11;2;2;0;7;0;1;0;0;0;0;0;0;811923,8645;5820624,038;13,59072;52,44656\
200220;11;1;1033202;Humboldthain S\'fcd;2019;10;15;2;3;2;6;0;0;1;0;1;0;0;0;797711,577;5829672,206;13,39032;52,53559\
200221;11;2;2050803;Stralauer Kiez;2019;10;8;2;3;2;6;0;0;1;0;1;0;0;0;803278,0457;5826314,732;13,46907;52,50243\
200222;11;5;5030731;Gartenfelder Stra\'dfe;2019;10;14;2;3;2;2;0;0;1;0;0;0;0;0;788016,4793;5829392,203;13,24753;52,53829\
200223;11;1;1044202;Sparrplatz;2019;10;8;2;3;2;6;0;0;1;0;0;0;0;0;795888,9531;5830458,619;13,36422;52,54363\
200224;11;12;12214424;Scharnweberstra\'dfe;2019;10;7;2;3;5;2;0;0;1;0;0;0;0;0;793352,346;5832935,645;13,32911;52,56721\
200225;11;7;7060604;Marienfelde S\'fcd;2019;10;13;2;3;2;3;0;0;1;0;1;0;0;0;798081,7082;5814502,136;13,3822;52,39941\
200226;11;11;11020412;Hauptstra\'dfe;2019;10;10;2;2;6;4;0;0;1;1;0;0;0;0;804921,996;5831378,202;13,49786;52,5469\
200227;11;6;6030609;Augustaplatz;2019;10;6;2;3;1;5;1;1;1;0;0;0;0;0;792761,0765;5819039,585;13,3082;52,44296\
200228;11;4;4031032;Halensee;2019;10;10;2;3;5;2;0;0;1;0;0;0;0;0;790960,5488;5824830,423;13,28683;52,49583\
200229;11;8;8010118;Silbersteinstra\'dfe;2019;10;14;2;3;6;2;0;0;1;1;0;0;0;0;801120,0456;5821893,385;13,43338;52,464\
200230;11;3;3061435;Conrad-Blenkle-Stra\'dfe;2019;10;6;2;3;5;3;2;1;1;0;0;0;0;1;801742,0715;5829168,244;13,4491;52,52886\
200231;11;9;9010401;Johannisthal West;2019;10;10;2;3;5;5;0;0;1;0;0;0;0;0;806237,8816;5821002,637;13,50767;52,45317\
200232;11;10;10010309;Springpfuhl;2019;10;13;2;2;0;3;0;0;1;0;1;0;0;0;807840,3894;5829077,415;13,53863;52,52464\
200233;11;4;4020310;Park Ruhwald;2019;10;10;2;3;5;2;0;0;1;0;1;0;0;0;790538,1495;5827349,791;13,28283;52,51864\
200234;11;4;4030519;Kaiserin-Augusta-Allee;2019;10;13;2;3;5;3;0;1;1;0;0;0;0;0;792075,5737;5828588,712;13,30651;52,52893\
200235;11;10;10020622;Kaulsdorf Nord I;2019;10;9;2;3;5;2;0;0;1;0;0;0;0;0;810967,1152;5828193,981;13,58375;52,51494\
200236;11;2;2010104;Wassertorplatz;2019;10;9;2;3;2;6;0;0;1;0;1;0;0;0;798657,317;5825583,139;13,40055;52,49842\
200237;11;3;3061131;Falkplatz;2019;10;12;2;2;5;3;0;1;1;0;0;0;0;0;799133,853;5830368,056;13,41185;52,54105\
200238;11;7;7040401;Neu-Tempelhof;2019;10;9;2;3;0;1;0;1;0;0;0;0;0;0;797230,5003;5823036,913;13,37732;52,47638\
200239;11;2;2010102;Mehringplatz;2019;10;8;2;3;0;7;0;0;0;0;1;0;0;1;798765,0024;5826177,331;13,40266;52,50369\
200240;11;7;7040401;Neu-Tempelhof;2019;10;12;2;3;2;6;0;0;1;0;0;0;0;0;797298,332;5822660,079;13,37798;52,47296\
200241;11;8;8010211;Flughafenstra\'dfe;2019;10;16;1;3;5;3;0;1;1;0;0;0;0;0;800613,685;5823773,777;13,42765;52,48113\
200242;11;3;3040614;Pankow Zentrum;2019;10;22;1;2;3;6;2;1;0;0;0;0;1;0;798724,7687;5833121,229;13,40831;52,56595\
200243;11;3;3040614;Pankow Zentrum;2019;10;17;1;3;4;6;0;1;0;0;0;0;0;0;800012,6048;5834827,181;13,4288;52,58054\
200244;11;9;9041301;Kietzer Feld/Nachtheide;2019;10;16;1;3;2;6;0;0;1;0;0;0;0;1;812097,3162;5819747,558;13,59244;52,43861\
200245;11;12;12302109;Treuenbrietzener Stra\'dfe;2019;10;16;1;3;0;1;0;0;0;0;1;0;0;0;795588,5991;5837241,421;13,36585;52,6046\
200246;11;3;3040512;Wilhelmsruh;2019;10;15;1;3;2;6;0;0;1;0;1;0;0;0;796407,4275;5834670,146;13,37561;52,5811\
200247;11;1;1011101;St\'fclerstra\'dfe;2019;10;15;1;2;2;6;0;0;1;0;1;0;0;0;795161,1505;5825917,253;13,34949;52,50332\
200248;11;1;1011105;N\'f6rdlicher Landwehrkanal;2019;10;13;1;3;5;3;0;1;0;0;1;0;0;0;796569,367;5826870,404;13,37103;52,5111\
200249;11;12;12214424;Scharnweberstra\'dfe;2019;10;13;1;3;5;2;0;0;1;0;0;0;1;0;792904,9639;5832167,764;13,32185;52,56057\
200250;11;4;4051445;Eisenzahnstra\'dfe;2019;10;13;1;3;5;5;0;0;1;0;1;0;0;0;792690,405;5824434,06;13,31189;52,49135\
200251;11;4;4020313;K\'f6nigin-Elisabeth-Stra\'dfe;2019;10;12;1;3;2;6;0;0;1;0;0;0;0;0;790518,7828;5826502,506;13,2818;52,51106\
200252;11;8;8020727;Buckow Mitte;2019;10;11;1;3;6;2;0;0;1;1;0;0;0;0;800320,9164;5816737,267;13,41702;52,41822\
200253;11;3;3051022;Hansastra\'dfe;2019;10;10;1;3;5;3;0;0;1;0;0;0;0;0;802999,4855;5832007,236;13,47017;52,55361\
200254;11;11;11010205;Falkenberg West;2019;10;9;1;3;5;7;0;1;1;0;0;0;0;0;806299,9369;5833899,636;13,52044;52,56872\
200255;11;2;2040701;Andreasviertel;2019;10;7;1;3;6;7;0;0;1;1;0;0;0;0;800717,1537;5827070,231;13,43214;52,51062\
200256;11;4;4010102;Pl\'f6tzensee;2019;10;6;1;3;5;7;2;0;1;0;0;0;0;0;792499,8375;5830685,669;13,31459;52,5475\
200257;11;1;1011306;Heine-Viertel Ost;2019;10;22;1;3;5;3;2;0;1;0;0;0;0;1;799767,4694;5826564,54;13,41774;52,50661\
200258;11;3;3040614;Pankow Zentrum;2019;10;22;1;2;3;6;2;1;0;0;0;0;1;0;798727,584;5833123,736;13,40836;52,56597\
200259;11;2;2030302;Lausitzer Platz;2019;10;20;1;3;5;3;2;0;1;0;1;0;0;1;800969,0399;5826064,615;13,43493;52,50147\
200260;11;4;4030620;Alt-Lietzow;2019;10;20;1;3;0;1;2;1;0;0;0;0;0;0;792637,25;5827412,208;13,31373;52,51808\
200261;11;4;4031032;Halensee;2019;10;16;4;3;5;2;0;0;1;0;1;0;0;1;791871,996;5824727,729;13,30013;52,49442\
200262;11;1;1011301;Charit\'e9viertel;2019;10;17;3;3;0;1;1;0;1;0;0;0;1;1;797454,2812;5828850,246;13,3858;52,52837\
200263;11;4;4041344;R\'fcdesheimer Platz;2019;10;19;1;3;0;1;2;0;0;0;1;0;0;1;793388,9873;5821926,968;13,31995;52,4685\
200264;11;11;2050801;Traveplatz;2019;10;19;1;3;0;1;2;0;0;0;1;0;0;1;803664,4455;5827433,484;13,47577;52,51224\
200265;11;2;2010104;Wassertorplatz;2019;10;18;1;3;0;2;2;1;1;0;0;0;0;1;799452,7651;5825659,489;13,4123;52,49867\
200266;11;4;4030930;George-Grosz-Platz;2019;10;18;1;3;0;1;1;0;0;0;1;0;0;0;793118,1093;5825589,628;13,31919;52,50148\
200267;11;7;7050501;Rathausstra\'dfe;2019;10;13;7;3;2;2;0;0;1;0;0;0;0;0;797464,8657;5820309,025;13,37833;52,4518\
200268;11;6;6040810;Dahlem;2019;10;13;7;3;2;2;0;0;1;0;0;0;0;0;790399,4568;5820898,996;13,27517;52,46089\
200269;11;1;1022103;Westhafen;2019;10;18;7;3;0;5;1;0;1;0;1;0;0;0;794869,7904;5829770,779;13,34863;52,53802\
200270;11;2;2050803;Stralauer Kiez;2019;10;15;4;2;6;4;0;0;1;1;0;0;0;1;803260,8595;5826317,79;13,46882;52,50247\
200271;11;6;6030610;Lichterfelde West;2019;10;23;7;2;0;1;2;1;0;0;0;0;0;0;792231,6245;5818664,829;13,3001;52,43988\
200272;11;3;3061430;Volkspark Prenzlauer Berg;2019;10;23;7;2;2;6;2;0;1;0;1;0;0;0;801950,8495;5829754,33;13,4527;52,534\
200273;11;1;1011302;Oranienburger Stra\'dfe;2019;10;15;4;3;6;4;0;0;0;1;1;0;0;1;798110,812;5828956,112;13,39554;52,52896\
200274;11;1;1044101;Rehberge;2019;10;22;7;2;5;2;1;1;1;0;0;0;0;0;794519,4647;5831564,763;13,34507;52,55429\
200275;11;8;8010406;Treptower Stra\'dfe Nord;2019;10;21;7;3;5;2;2;0;1;0;0;0;1;0;802396,2353;5824048,106;13,45406;52,4826\
200276;11;4;4010101;Jungfernheide;2019;10;22;7;3;5;2;2;0;1;0;0;0;1;0;791253,327;5829731,046;13,29542;52,53961\
200277;11;1;1011305;Heine-Viertel West;2019;10;22;7;3;6;2;2;0;1;1;0;0;0;0;799212,8314;5826976,305;13,40996;52,51061\
200278;11;8;8020619;Buschkrugallee Nord;2019;10;19;7;3;0;5;2;0;1;0;0;0;1;0;801249,628;5821577,712;13,435;52,4611\
200279;11;1;1044101;Rehberge;2019;10;18;7;3;1;5;2;0;1;0;0;0;1;0;793695,2693;5832104,063;13,33342;52,55957\
200280;11;12;12214125;Waldidyll/Flughafensee;2019;10;18;7;3;6;2;2;0;0;1;0;0;1;0;790705,3386;5834318,303;13,29138;52,58103\
200281;11;12;12301205;Waidmannslust;2019;10;16;7;2;5;3;0;1;1;0;0;0;0;0;792374,8311;5837801,268;13,31903;52,61136\
200282;11;8;8030830;Gropiusstadt S\'fcd;2019;10;15;7;3;5;3;0;0;1;0;0;0;0;0;802494,6983;5817963,473;13,45;52,42801\
200283;11;5;5020625;Borkumer Stra\'dfe;2019;10;15;7;2;0;6;0;0;1;0;0;0;1;0;784561,9674;5828221,894;13,19574;52,52961\
200284;11;7;7060604;Marienfelde S\'fcd;2019;10;14;7;3;5;2;0;1;1;0;0;0;0;0;797595,9221;5815555,83;13,37602;52,40912\
200285;11;7;7010102;Nollendorfplatz;2019;10;14;7;3;5;7;0;0;1;0;1;0;0;0;794953,8235;5825404,052;13,34599;52,49883\
200286;11;10;10010207;Marzahner Promenade;2019;10;13;7;3;0;6;0;0;1;0;0;0;1;0;808006,3209;5831072,675;13,54292;52,54242\
200287;11;4;4030827;Karl-August-Platz;2019;10;12;7;3;5;3;0;1;0;0;1;0;0;0;792731,2633;5826591,302;13,31439;52,51067\
200288;11;10;10020620;Kaulsdorf Nord II;2019;10;12;7;3;5;2;0;0;0;0;0;0;1;0;811315,9233;5829840,502;13,59041;52,5295\
200289;11;9;9020701;Adlershof West;2019;10;12;7;3;5;3;0;1;1;0;0;0;0;0;807643,3487;5819360,774;13,52677;52,43767\
200290;11;6;6010102;Schlo\'dfstra\'dfe;2019;10;12;7;3;5;3;0;0;1;0;0;0;0;0;793420,2249;5820913,372;13,31951;52,4594\
200291;11;11;11041128;Sewanstra\'dfe;2019;10;11;7;3;5;3;0;1;1;0;0;0;0;0;806845,3531;5826253,121;13,52141;52,49988\
200292;11;11;11030720;Herzbergstra\'dfe;2019;10;11;7;3;3;6;0;1;0;0;0;0;1;0;805194,9492;5829081,116;13,49976;52,52616\
200293;11;11;11030721;R\'fcdigerstra\'dfe;2019;10;10;7;3;3;6;0;1;1;0;0;0;0;0;804223,9317;5828690,198;13,48514;52,5232\
200294;11;3;3030715;Heinersdorf;2019;10;10;7;3;5;3;0;0;1;0;0;0;0;0;801082,3124;5833978,25;13,44377;52,57234\
200295;11;11;11010206;Wartenberg S\'fcd;2019;10;10;7;3;0;3;0;0;1;0;1;0;0;0;806287,3277;5834076,302;13,52042;52,57031\
200296;11;4;4030519;Kaiserin-Augusta-Allee;2019;10;9;7;3;5;7;0;0;1;0;1;0;0;0;792077,9356;5828393,753;13,30637;52,52718\
200297;11;8;8010301;Reuterkiez;2019;10;1;7;3;5;3;2;0;1;0;1;0;0;0;800733,3393;5825055,919;13,43056;52,49256\
200298;11;5;5010314;Carl-Schurz-Stra\'dfe;2019;10;0;7;3;6;4;2;0;1;1;0;0;0;0;784897,416;5828752,34;13,20112;52,5342\
200299;11;2;2040502;Friedenstra\'dfe;2019;10;19;6;3;0;6;2;0;1;0;1;0;0;0;800872,5704;5828502,726;13,43572;52,52337\
200300;11;1;1011202;Unter den Linden Nord;2019;10;10;6;2;6;4;0;1;0;1;0;0;0;1;797363,8398;5827731,613;13,38347;52,51839\
200301;11;11;11051229;Rummelsburg;2019;10;20;6;3;6;4;2;0;1;1;0;0;0;1;805608,7531;5824270,522;13,50143;52,48281\
200302;11;1;1011306;Heine-Viertel Ost;2019;10;14;6;3;5;7;0;1;0;0;0;0;1;0;800348,9418;5826766,45;13,42646;52,5081\
200303;11;5;5020626;Adamstra\'dfe;2019;10;13;6;3;5;2;0;0;1;0;0;0;0;0;784146,5098;5827321,068;13,18886;52,52175\
200304;11;8;8010214;Glasower Stra\'dfe;2019;10;13;6;3;2;6;0;0;1;0;0;0;0;0;801810,3461;5821959,1;13,44357;52,4642\
200305;11;11;11030618;Fennpfuhl West;2019;10;19;6;2;5;3;2;0;1;0;0;0;1;1;803258,7649;5829611,208;13,4718;52,53199\
200306;11;1;1022201;Stephankiez;2019;10;10;6;3;0;6;0;1;1;0;0;0;0;0;795434,827;5829536,095;13,35673;52,53561\
200307;11;6;6020301;Alt-Lankwitz;2019;10;19;6;3;5;3;2;0;1;0;0;0;0;1;796556,9487;5818899,652;13,36376;52,43966\
200308;11;3;3071537;Kollwitzplatz;2019;10;19;6;3;1;5;2;1;1;0;0;0;0;1;799316,1322;5830073,473;13,41426;52,53831\
200309;11;2;2030302;Lausitzer Platz;2019;10;17;6;3;5;2;1;1;1;0;0;0;0;1;801453,5564;5826033,276;13,44202;52,50092\
200310;11;4;4020310;Park Ruhwald;2019;10;19;6;3;5;2;2;1;1;0;0;0;0;1;790330,8425;5827537,8;13,27994;52,52044\
200311;11;12;12224230;Heiligensee;2019;10;6;6;3;2;6;1;0;1;0;0;0;0;0;786047,1777;5839154,672;13,227;52,62686\
200312;11;2;2050802;Boxhagener Platz;2019;10;12;4;3;0;3;0;1;1;0;0;0;0;1;802065,394;5827160,95;13,45203;52,51069\
200313;11;6;6040809;Thielallee;2019;10;18;6;3;5;3;2;0;1;0;0;0;0;1;791203,7668;5819702,399;13,28593;52,44973\
200314;11;5;5030833;Motardstra\'dfe;2019;10;5;6;3;6;4;2;0;0;1;1;0;0;0;790045,767;5829151,173;13,27716;52,53506\
200315;11;2;2010104;Wassertorplatz;2019;10;17;6;3;5;3;1;1;1;0;0;0;0;1;799442,5149;5825663,703;13,41215;52,49871\
200316;11;1;1033102;Gesundbrunnen;2019;10;17;6;3;5;7;1;0;1;0;1;0;0;0;797141,6088;5831391,189;13,38347;52,55131\
200317;11;7;7060601;Marienfelder Allee Nordwest;2019;10;16;6;3;2;6;0;0;1;0;0;0;0;1;796603,3296;5816059,796;13,36192;52,41417\
200318;11;6;6030504;Teltower Damm;2019;10;16;6;2;5;5;0;0;1;0;0;0;0;1;790080,0272;5815803,585;13,26605;52,41537\
200319;11;7;7070703;John-Locke-Stra\'dfe;2019;10;15;6;3;5;2;0;0;1;0;1;0;0;0;799535,7778;5813171,155;13,40232;52,38668\
200320;11;11;11020514;Gro\'dfe-Leege-Stra\'dfe;2019;10;14;6;3;2;6;0;0;1;0;0;0;0;0;804293,9031;5830770,807;13,48807;52,5418\
200321;11;1;1022102;Beusselkiez;2019;10;14;6;3;0;5;0;0;0;1;0;0;1;0;793572,2454;5828715,819;13,32862;52,52926\
200322;11;4;4030726;Droysenstra\'dfe;2019;10;20;6;3;5;7;2;0;1;0;0;0;0;1;791654,3203;5825546,924;13,29765;52,50189\
200323;11;8;8020620;Tempelhofer Weg;2019;10;14;4;3;3;6;0;0;1;0;0;0;1;1;800910,4181;5820896,2;13,42941;52,45517\
200324;11;4;4010101;Jungfernheide;2019;10;15;6;3;2;6;0;0;1;0;0;0;1;0;790432,583;5829041,632;13,28275;52,53387\
200325;11;2;2010102;Mehringplatz;2019;10;16;5;3;6;6;0;0;0;1;0;0;1;1;798688,3871;5826444,053;13,40178;52,50612\
200326;11;1;1011204;Leipziger Stra\'dfe;2019;10;19;5;3;5;3;2;1;0;0;0;0;0;0;798154,6201;5826611,238;13,39408;52,50791\
200327;11;8;8010117;Schillerpromenade;2019;10;23;5;3;2;6;2;0;1;0;0;0;0;1;800558,6087;5823304,929;13,42642;52,47696\
200328;11;1;1044102;Schillerpark;2019;10;22;5;3;2;6;2;0;1;0;0;0;0;1;794997,0931;5832147,306;13,35261;52,55926\
200329;11;3;3010102;Buch;2019;10;20;5;3;6;4;2;1;0;1;0;0;0;1;804207,86;5841108,333;13,4963;52,6345\
200330;11;7;7030301;Friedenau;2019;10;20;5;3;6;4;2;0;1;1;0;0;0;1;794000,2934;5821595,306;13,32863;52,4652\
200331;11;10;10020415;Hellersdorfer Promenade;2019;10;19;5;2;3;6;2;1;1;0;0;0;0;1;812123,3615;5831381,379;13,60372;52,54285\
200332;11;5;5010314;Carl-Schurz-Stra\'dfe;2019;10;19;5;2;6;4;2;0;1;1;0;0;0;0;784745,7169;5828819,495;13,19895;52,53488\
200333;11;1;1011204;Leipziger Stra\'dfe;2019;10;17;5;3;5;2;0;0;1;0;0;0;0;1;798698,7888;5827084,172;13,4025;52,51185\
200334;11;7;7040403;Manteuffelstra\'dfe;2019;10;13;4;3;6;7;0;0;0;1;0;1;0;1;797024,7131;5820931,394;13,37242;52,45761\
200335;11;8;8010117;Schillerpromenade;2019;10;17;5;3;0;3;0;0;1;0;1;0;0;1;800379,6815;5823330,192;13,42381;52,47728\
200336;11;11;11051330;Karlshorst West;2019;10;14;4;3;3;6;0;1;1;0;0;0;0;1;806471,0537;5824864,903;13,51463;52,48765\
200337;11;1;1011402;Arkonaplatz;2019;10;9;5;3;0;1;0;1;0;0;0;0;0;1;798639,8797;5829385,556;13,4037;52,53252\
200338;11;6;6030503;Zehlendorf Mitte;2019;10;9;5;3;3;6;0;1;1;0;0;0;0;0;789508,1295;5817489,554;13,25913;52,43079\
200339;11;7;7040404;Marienh\'f6he;2019;10;8;5;3;2;6;0;0;1;0;0;0;0;1;796682,0862;5820010,687;13,36658;52,44955\
200340;11;2;2040701;Andreasviertel;2019;10;6;5;2;5;3;1;0;1;0;0;0;0;1;800274,3438;5827632,348;13,42614;52,5159\
200341;11;3;3040512;Wilhelmsruh;2019;10;6;5;3;6;2;2;0;1;1;0;0;0;1;794929,8112;5835422,445;13,35453;52,58865\
200342;11;3;3051022;Hansastra\'dfe;2019;10;13;4;3;5;2;0;1;1;0;0;0;0;1;803664,2351;5832011,892;13,47995;52,55328\
200343;11;1;1011305;Heine-Viertel West;2019;10;4;5;3;0;1;2;0;0;0;0;0;1;1;799270,0162;5826523,627;13,41039;52,50652\
200344;11;7;7060603;Marienfelde Nordost;2019;10;16;5;3;5;2;0;1;1;0;0;0;0;0;798669,6373;5816135,923;13,39228;52,41373\
200345;11;2;2040502;Friedenstra\'dfe;2019;10;15;5;3;5;2;0;0;0;0;0;0;1;0;800473,1867;5828448,628;13,4298;52,52311\
200346;11;2;2050602;Samariterviertel;2019;10;15;5;3;1;5;0;1;0;0;0;0;1;0;803109,7577;5828297,384;13,46841;52,52029\
200347;11;1;1033101;Soldiner Stra\'dfe;2019;10;14;5;3;5;2;0;0;1;0;0;0;0;1;796158,338;5832268,331;13,3698;52,55971\
200348;11;1;1011202;Unter den Linden Nord;2019;10;12;5;3;5;3;0;0;1;0;1;0;0;0;798555,4334;5827795,676;13,40103;52,51831\
200349;11;2;2020203;Viktoriapark;2019;10;10;5;3;5;7;0;0;1;0;1;0;0;1;797637,5755;5824022,329;13,38418;52,48499\
200350;11;5;5010314;Carl-Schurz-Stra\'dfe;2019;10;21;4;2;9;1;2;0;1;0;0;0;0;0;784831,2864;5829234,485;13,20056;52,53855\
200351;11;11;11010310;M\'fchlengrund;2019;10;10;5;3;6;6;0;1;0;1;0;0;0;0;805280,6314;5833242,424;13,50485;52,5634\
200352;11;5;5010339;Freiheit;2019;10;6;5;3;2;6;1;0;0;0;1;0;1;1;787969,6426;5827900,288;13,24555;52,52494\
200353;11;1;1011201;Wilhelmstra\'dfe;2019;10;23;4;3;5;2;2;0;1;0;0;0;0;1;796960,1811;5826708,465;13,37662;52,50944\
200354;11;1;1011304;Karl-Marx-Allee;2019;10;23;4;3;0;1;2;1;0;0;0;0;0;1;799868,5754;5827486,026;13,42005;52,51481\