OBJECTID;LAND;BEZ;LOR;STRASSE;UJAHR;UMONAT;USTUNDE;UWOCHENTAG;UKATEGORIE;UART;UTYP1;ULICHTVERH;IstRad;IstPKW;IstFuss;IstKrad;IstGkfz;IstSonstige;USTRZUSTAND;LINREFX;LINREFY;XGCSWGS84;YGCSWGS84\
200716;11;4;4020310;Park Ruhwald;2019;10;10;5;3;5;2;0;0;1;0;0;0;0;0;790367,8256;5827304,28;13,28028;52,51833\
200717;11;12;12103218;Teichstra\'dfe;2019;10;18;1;3;1;5;2;0;1;0;0;0;0;0;794080,1111;5832881,644;13,33977;52,56633\
200718;11;4;4020311;Reichsstra\'dfe;2019;10;13;4;3;5;3;0;0;1;0;1;0;0;0;789594,7378;5826764,453;13,26845;52,5139\
200719;11;1;1022104;Emdener Stra\'dfe;2019;11;20;6;2;6;4;2;0;1;1;0;0;0;1;793722,8612;5828499,919;13,33064;52,52725\
200720;11;2;2010102;Mehringplatz;2019;10;13;7;2;1;5;0;1;1;0;0;0;0;0;798291,3152;5825672,62;13,39525;52,49942\
200721;11;2;2020203;Viktoriapark;2019;10;7;3;3;0;7;1;0;0;0;1;0;0;1;797111,4904;5824745,129;13,37709;52,49175\
200722;11;8;8010510;Gewerbegebiet K\'f6llnische Heide;2019;10;10;6;3;2;6;0;0;1;0;0;1;0;0;802056,6529;5822123,546;13,44734;52,46554\
200723;11;10;10040830;Kaulsdorf S\'fcd;2019;10;18;5;3;5;3;2;1;0;0;0;0;1;1;810639,8182;5826003,194;13,57689;52,4955\
200724;11;1;1044102;Schillerpark;2019;10;12;6;3;0;2;0;1;1;0;0;0;0;0;795860,551;5832062,544;13,36523;52,55803\
200725;11;4;4020209;Eichkamp;2019;10;7;2;3;2;6;0;1;1;0;0;0;0;0;789504,5482;5825149,176;13,26572;52,49946\
200726;11;10;10010309;Springpfuhl;2019;10;18;5;3;6;4;2;0;1;1;0;0;0;0;807934,85;5829268,787;13,5402;52,5263\
200727;11;8;8041039;Frauenviertel;2019;11;21;7;3;6;2;2;0;1;1;0;0;0;1;806497,4522;5815419,516;13,50636;52,40299\
200728;11;1;1011302;Oranienburger Stra\'dfe;2019;10;16;7;3;6;4;0;1;0;1;0;0;0;0;798016,8831;5828889,664;13,3941;52,52841\
200729;11;1;1044103;Westliche M\'fcllerstra\'dfe;2019;10;18;2;2;0;1;2;0;0;0;1;0;0;1;794490,3807;5830681,135;13,34386;52,54639\
200730;11;8;2020206;Graefekiez;2019;10;19;5;3;6;4;2;0;1;1;0;0;0;0;800375,0484;5824520,516;13,42482;52,48795\
200731;11;11;11030720;Herzbergstra\'dfe;2019;11;8;7;2;3;6;0;0;0;0;1;0;1;1;805018,5994;5829961,172;13,49798;52,53414\
200732;11;3;3010102;Buch;2019;10;17;7;3;2;4;2;0;1;1;0;0;0;0;805360,0371;5841928,744;13,51403;52,64121\
200733;11;1;1033101;Soldiner Stra\'dfe;2019;10;10;4;3;2;2;0;0;1;0;0;0;0;0;796165,1434;5832275,698;13,3699;52,55977\
200734;11;12;12301204;Wittenau Nord;2019;10;8;4;2;5;2;0;0;1;0;0;0;0;0;792646,8471;5835833,999;13,32129;52,59357\
200735;11;1;1011201;Wilhelmstra\'dfe;2019;11;17;6;2;5;3;2;1;1;0;0;0;0;1;796955,3758;5826855,715;13,37668;52,51076\
200736;11;2;2010102;Mehringplatz;2019;10;18;6;3;1;5;2;1;1;0;0;0;0;0;797992,2933;5826474,921;13,39158;52,50678\
200737;11;9;9051901;Dammvorstadt;2019;10;11;3;2;6;4;0;0;0;1;0;1;0;0;811007,8645;5821782,643;13,57836;52,45747\
200738;11;1;1044201;Reinickendorfer Stra\'dfe;2019;10;15;5;3;6;7;0;0;1;1;0;0;0;0;795591,1786;5830809,248;13,36016;52,54694\
200739;11;3;3020209;Niedersch\'f6nhausen;2019;10;12;6;3;2;6;0;0;1;0;0;0;0;0;798054,6107;5835828,995;13,40089;52,59059\
200740;11;11;11040926;Weitlingstra\'dfe;2019;10;8;2;3;6;4;0;0;1;1;0;0;0;0;806440,4184;5826889,92;13,51605;52,50582\
200741;11;8;8010212;Rollberg;2019;10;10;5;2;5;5;0;0;1;0;1;0;0;0;801056,1659;5823509,942;13,43391;52,47852\
200742;11;3;3020203;Blankenfelde;2019;11;16;7;2;5;3;2;0;1;0;0;0;1;1;797140,3172;5838891,198;13,39018;52,61854\
200743;11;9;9020502;Obersch\'f6neweide Ost;2019;10;15;7;3;0;6;0;0;0;0;1;0;1;0;809558,5881;5821506,31;13,55684;52,45581\
200744;11;7;7040405;Rathaus Tempelhof;2019;10;16;3;3;3;6;2;0;1;0;1;0;0;0;798062,5046;5821899,69;13,38852;52,46573\
200745;11;1;1011204;Leipziger Stra\'dfe;2019;11;12;6;3;2;2;0;0;1;0;0;0;0;0;797855,2477;5826858,219;13,38991;52,51029\
200746;11;2;2010101;Askanischer Platz;2019;10;15;6;2;5;2;0;0;1;0;1;0;0;0;797698,6187;5825812,174;13,38667;52,501\
200747;11;2;2020204;Urbanstra\'dfe;2019;10;18;2;3;2;6;2;0;1;0;0;0;0;1;798639,4642;5824687,859;13,39948;52,49041\
200748;11;4;4041134;Bismarckallee;2019;10;7;4;3;1;6;0;0;1;0;0;0;1;0;790698,6274;5824569,293;13,28276;52,49363\
200749;11;9;9020501;Obersch\'f6neweide West;2019;10;19;3;3;5;3;2;1;1;0;0;0;0;0;806355,7324;5822134,691;13,51043;52,46325\
200750;11;2;2010102;Mehringplatz;2019;11;14;6;3;5;3;0;1;1;0;0;0;0;0;798668,4792;5826432,568;13,40147;52,50603\
200751;11;8;8010508;Wei\'dfe Siedlung;2019;10;16;6;3;5;2;0;1;1;0;0;0;0;0;803189,1687;5822738,882;13,46452;52,47043\
200752;11;6;6020410;Oberhofer Platz;2019;10;13;2;3;0;2;0;1;1;0;0;0;0;1;794321,8584;5817572,681;13,3298;52,42897\
200753;11;8;8010303;Donaustra\'dfe;2019;10;13;5;3;1;5;0;1;1;0;0;0;1;0;801243,4506;5823811,442;13,43693;52,48112\
200754;11;1;1022206;L\'fcneburger Stra\'dfe;2019;10;12;6;3;2;2;0;0;1;0;0;0;0;0;796251,8713;5828496,738;13,36781;52,52585\
200755;11;4;4061757;Forst Grunewald;2019;10;20;2;1;0;7;2;0;1;0;0;0;0;1;788982,6565;5822251,24;13,25554;52,47376\
200756;11;8;8010213;K\'f6rnerpark;2019;10;14;5;1;6;7;0;0;0;1;0;1;0;0;801592,9434;5822558,458;13,44092;52,4697\
200757;11;5;5020626;Adamstra\'dfe;2019;11;14;7;3;1;5;0;0;1;0;0;0;0;1;784764,3827;5827169,804;13,19781;52,52008\
200758;11;1;1033102;Gesundbrunnen;2019;10;21;7;3;1;5;2;0;1;0;0;0;1;0;797467,9184;5831464,623;13,38834;52,55179\
200759;11;2;2020206;Graefekiez;2019;10;12;3;3;5;2;0;1;1;0;0;0;0;0;799078,3491;5824615,065;13,40586;52,48951\
200760;11;11;11041128;Sewanstra\'dfe;2019;11;10;6;3;6;2;0;0;1;1;0;0;0;0;805883,9948;5825863,228;13,50693;52,49693\
200761;11;2;2030302;Lausitzer Platz;2019;10;14;6;3;1;5;0;0;1;0;0;0;0;0;800690,3382;5826558,303;13,43129;52,50605\
200762;11;8;8010508;Wei\'dfe Siedlung;2019;10;17;2;3;2;6;2;0;1;0;0;0;0;1;802777,6297;5823387,819;13,45906;52,47648\
200763;11;12;12103115;Breitkopfbecken;2019;10;7;5;3;2;6;0;0;1;0;0;0;0;0;795401,8398;5834030,659;13,36024;52,57592\
200764;11;2;2030402;Wrangelkiez;2019;10;4;1;3;1;5;2;0;1;0;0;0;0;0;801733,0741;5825832,168;13,44594;52,49896\
200765;11;1;1011202;Unter den Linden Nord;2019;10;14;4;3;3;6;0;0;1;0;0;0;0;0;797734,1463;5827616,86;13,38881;52,51716\
200766;11;2;2020202;Rathaus Yorckstra\'dfe;2019;10;12;5;3;0;5;0;1;1;0;0;0;0;0;797569,1047;5825209,037;13,38423;52,49566\
200767;11;1;1011305;Heine-Viertel West;2019;10;11;6;3;0;5;0;1;1;0;0;0;0;0;799040,9321;5827077,151;13,40752;52,5116\
200768;11;9;9010401;Johannisthal West;2019;10;13;1;3;5;3;0;1;1;0;0;0;0;0;805814,123;5820339,766;13,50084;52,44747\
200769;11;1;1011101;St\'fclerstra\'dfe;2019;10;17;4;3;5;2;2;1;1;0;0;0;0;0;795230,5272;5826625,853;13,35114;52,50963\
200770;11;4;4051448;Schaperstra\'dfe;2019;11;19;6;3;5;2;2;1;1;0;0;0;0;1;793917,9272;5824957,728;13,33038;52,49539\
200771;11;4;4051652;Nikolsburger Platz;2019;10;19;7;3;6;4;2;0;0;1;0;0;1;0;793441,826;5824086,583;13,32262;52,48784\
200772;11;5;5020625;Borkumer Stra\'dfe;2019;10;10;3;3;5;3;0;0;1;0;1;0;0;0;784134,27;5828729,93;13,18988;52,53439\
200773;11;12;12103219;Sch\'e4fersee;2019;11;8;6;3;0;6;0;0;1;0;0;0;1;0;795062,7316;5832467,535;13,35386;52,56209\
200774;11;3;3061429;Greifswalder Stra\'dfe;2019;10;13;6;3;5;3;0;0;1;0;0;0;1;0;801906,1729;5830326,968;13,45257;52,53915\
200775;11;10;10010102;Havemannstra\'dfe;2019;10;16;2;2;6;4;0;0;1;1;0;0;0;0;809762,2803;5834464,449;13,57189;52,57182\
200776;11;8;8020726;Buckow West;2019;10;10;5;3;0;1;0;1;0;0;0;0;0;0;799563,3662;5816390,255;13,40561;52,41552\
200777;11;12;12214421;Reinickes Hof;2019;10;14;7;3;5;3;0;0;1;0;0;0;0;0;793125,0274;5833868,991;13,3266;52,5757\
200778;11;11;11030720;Herzbergstra\'dfe;2019;10;11;4;3;1;5;0;0;1;0;0;0;0;0;805192,0518;5829220,731;13,49985;52,52741\
200779;11;4;4030519;Kaiserin-Augusta-Allee;2019;10;17;4;2;4;7;2;1;0;0;0;0;1;0;791253,54;5828956,4;13,29475;52,53267\
200780;11;9;9041301;Kietzer Feld/Nachtheide;2019;11;18;6;2;5;2;2;0;1;0;1;0;0;0;811761,438;5818271,175;13,58614;52,42557\
200781;11;8;8020622;Parchimer Allee;2019;10;12;7;3;5;3;0;0;1;0;0;0;0;0;801588,4907;5820150,019;13,43868;52,44811\
200782;11;3;3040818;Pankow S\'fcd;2019;10;17;3;2;0;7;2;1;0;0;0;0;0;0;799476,3914;5833291,105;13,41952;52,56706\
200783;11;4;4051446;Preu\'dfenpark;2019;11;18;6;3;5;3;2;1;1;0;0;0;0;1;792912,178;5824395,732;13,31511;52,49089\
200784;11;2;2050801;Traveplatz;2019;10;1;7;3;5;3;2;1;1;0;0;0;0;0;803102,327;5827119,047;13,46722;52,50974\
200785;11;5;5030730;Zitadellenweg;2019;10;6;3;3;5;2;1;1;1;0;0;0;0;0;786645,3069;5829241,803;13,22724;52,53767\
200786;11;3;3050919;Gustav-Adolf-Stra\'dfe;2019;10;9;5;3;0;3;0;0;1;0;1;0;0;0;800780,3715;5832464,909;13,43795;52,55894\
200787;11;4;4051652;Nikolsburger Platz;2019;10;13;6;3;5;2;0;0;1;0;1;0;0;0;793450,5777;5824353,441;13,32298;52,49022\
200788;11;7;7050502;Fritz-Werner-Stra\'dfe;2019;10;11;2;2;5;3;0;0;1;0;1;0;0;0;797543,2582;5818305,609;13,37769;52,4338\
200789;11;7;7020204;Sch\'f6neberger Insel;2019;10;19;5;3;6;4;2;1;0;1;0;0;0;0;796039,0863;5823519,794;13,36026;52,48135\
200790;11;8;8041038;Wa\'dfmannsdorfer Chaussee;2019;11;8;7;3;5;3;0;0;1;0;1;0;0;1;805921,3755;5816218,958;13,49865;52,41047\
200791;11;2;2050602;Samariterviertel;2019;10;17;7;3;5;2;2;1;1;0;0;0;0;0;802636,038;5827910,317;13,46109;52,51709\
200792;11;1;1011202;Unter den Linden Nord;2019;10;8;4;3;2;6;0;1;1;0;0;0;0;0;797179,5752;5827492,875;13,38055;52,51635\
200793;11;4;4051656;Hildegardstra\'dfe;2019;10;18;4;1;5;5;2;0;1;0;1;0;0;0;793757,8731;5823089,38;13,32638;52,47873\
200794;11;7;7030301;Friedenau;2019;11;16;6;3;5;3;2;1;1;0;0;0;0;0;793754,8158;5822077,792;13,32545;52,46966\
200795;11;10;10010308;Marzahner Chaussee;2019;10;17;6;3;0;3;1;0;1;0;0;0;1;0;806310,981;5830175,027;13,51717;52,53533\
200796;11;12;12301206;L\'fcbars;2019;10;14;3;3;6;2;0;0;1;1;0;0;0;0;794029,2009;5838135,186;13,34369;52,61346\
200797;11;1;1011302;Oranienburger Stra\'dfe;2019;10;15;5;3;3;6;0;1;1;0;0;0;0;0;798579,2213;5828918,001;13,40239;52,52836\
200798;11;4;4020310;Park Ruhwald;2019;10;11;6;3;5;7;0;0;1;0;0;0;0;0;790249,744;5828028,306;13,27918;52,52488\
200799;11;6;6030501;Berlepschstra\'dfe;2019;10;8;2;3;5;3;0;1;1;0;0;0;0;0;788505,8321;5816873,118;13,2439;52,42579\
200800;11;4;4041342;Schlangenbader Stra\'dfe;2019;10;9;5;3;6;2;0;0;0;1;1;0;0;0;791976,7164;5822376,98;13,29961;52,47329\
200801;11;4;4031032;Halensee;2019;10;17;5;3;1;5;1;1;1;0;0;0;0;0;791848,5583;5825272,007;13,30026;52,49932\
200802;11;12;12214424;Scharnweberstra\'dfe;2019;10;9;6;3;6;2;0;0;1;1;0;0;0;0;792561,4087;5832814,226;13,31737;52,56655\
200803;11;11;11040925;Victoriastadt;2019;10;9;2;3;5;2;0;1;1;0;0;0;0;0;803709,5786;5826763,361;13,47582;52,50621\
200804;11;6;6030504;Teltower Damm;2019;10;16;5;2;6;4;2;0;1;1;0;0;0;1;790140,2616;5815557,942;13,26673;52,41314\
200805;11;6;6020303;Lankwitz Kirche;2019;11;22;7;3;5;3;2;1;1;0;0;0;0;1;795143,3537;5818244,083;13,34244;52,43454\
200806;11;5;5010206;G\'fctersloher Weg;2019;10;16;7;3;2;6;0;1;1;0;0;0;0;0;782391,8917;5830484,7;13,16576;52,55103\
200807;11;3;3010101;Bucher Forst;2019;10;5;4;3;6;6;2;0;1;1;0;0;0;0;803177,2949;5841356,731;13,48134;52,6373\
200808;11;8;8010509;Schulenburgpark;2019;10;17;3;3;6;4;2;0;0;1;1;0;0;0;803331,5879;5822481,402;13,46637;52,46804\
200809;11;12;12103219;Sch\'e4fersee;2019;11;14;6;3;6;4;0;0;1;1;0;0;0;0;795165,2662;5832495,946;13,35539;52,56229\
200810;11;4;4020313;K\'f6nigin-Elisabeth-Stra\'dfe;2019;10;16;6;3;5;2;0;1;0;0;0;0;1;0;790493,7503;5826547,439;13,28147;52,51147\
200811;11;12;12103115;Breitkopfbecken;2019;10;17;2;2;2;6;2;0;1;0;0;0;0;0;795506,1855;5833434,726;13,36124;52,57052\
200812;11;1;1022106;Elberfelder Stra\'dfe;2019;10;13;5;3;0;1;0;0;0;0;1;0;0;0;793991,6194;5827833,56;13,334;52,52113\
200813;11;6;6020305;Gemeindepark Lankwitz;2019;10;8;6;3;2;6;0;0;1;0;0;0;0;0;795654,5226;5816943,63;13,34879;52,42261\
200814;11;12;12214527;Alt-Tegel;2019;10;17;1;3;2;6;2;0;1;0;0;0;0;0;789874,9143;5835741,609;13,28041;52,59423\
200815;11;4;4041343;Binger Stra\'dfe;2019;10;19;4;3;6;2;2;0;1;1;0;0;0;0;792670,019;5823057,226;13,31038;52,47902\
200816;11;12;12301203;Wittenau S\'fcd;2019;11;17;6;3;5;3;1;0;1;0;0;0;0;1;792992,3033;5835645,553;13,32621;52,5917\
200817;11;4;4051447;Ludwigkirchplatz;2019;10;14;7;3;0;7;0;0;0;0;0;0;1;0;793400,8964;5825195,136;13,323;52,4978\
200818;11;10;10020413;Gut Hellersdorf;2019;10;11;3;3;9;7;0;0;0;0;0;0;1;0;811775,2797;5831465,037;13,59868;52,5438\
200819;11;2;2050803;Stralauer Kiez;2019;11;10;6;3;2;2;0;0;1;0;0;0;0;0;802446,4768;5826267,328;13,45682;52,50247\
200820;11;2;2040701;Andreasviertel;2019;10;22;6;2;5;3;2;0;1;0;0;0;1;0;800586,6249;5827028,739;13,43019;52,51032\
200821;11;7;7070704;Nahariyastra\'dfe;2019;11;15;7;3;6;2;0;0;0;1;0;0;1;1;800651,746;5814136,408;13,41954;52,39472\
200822;11;9;9052001;K\'f6penick Nord;2019;10;14;7;3;5;3;0;0;1;0;0;0;0;0;809220,8547;5823023,457;13,5533;52,4696\
200823;11;7;7040404;Marienh\'f6he;2019;10;14;3;3;2;6;0;0;1;0;0;0;0;0;796410,5697;5819759,128;13,36237;52,44744\
200824;11;8;8020619;Buschkrugallee Nord;2019;11;10;6;2;2;6;0;0;1;0;1;0;0;0;801565,7967;5820650,015;13,4388;52,45261\
200825;11;11;11030619;Fennpfuhl Ost;2019;10;15;6;3;0;2;0;0;1;0;0;0;1;0;803538,5047;5829731,344;13,47602;52,53291\
200826;11;4;4020313;K\'f6nigin-Elisabeth-Stra\'dfe;2019;10;18;2;3;5;3;2;0;1;0;0;0;0;1;790519,9564;5826494,613;13,28181;52,51099\
200827;11;2;2050802;Boxhagener Platz;2019;10;12;5;3;2;6;0;0;1;0;0;0;0;0;803038,1182;5826971,265;13,46615;52,50845\
200828;11;2;2050803;Stralauer Kiez;2019;10;2;1;3;5;3;2;0;1;0;0;0;0;0;802113,7322;5826365,461;13,45202;52,50353\
200829;11;7;7030303;Grazer Platz;2019;10;16;4;3;5;2;0;0;1;0;1;0;0;0;795416,4971;5820986,527;13,34887;52,45898\
200830;11;12;12302110;Dannenwalder Weg;2019;11;18;6;3;6;2;2;0;1;1;0;0;0;1;795269,5409;5836363,999;13,36037;52,59691\
200831;11;4;4020311;Reichsstra\'dfe;2019;10;11;7;3;5;3;0;0;1;0;0;0;0;0;789642,567;5826509,277;13,26893;52,51158\
200832;11;9;9020701;Adlershof West;2019;10;10;3;3;1;5;0;1;1;0;0;0;1;0;808625,1428;5818622,192;13,54049;52,43049\
200833;11;2;2030402;Wrangelkiez;2019;11;1;6;2;5;5;2;0;1;0;0;0;0;0;801687,2348;5825869,412;13,4453;52,49932\
200834;11;2;2030402;Wrangelkiez;2019;10;19;6;3;5;7;2;1;1;0;0;0;0;0;801679,9369;5825874,933;13,4452;52,49938\
200835;11;1;1011302;Oranienburger Stra\'dfe;2019;10;23;2;2;4;6;2;1;1;0;0;0;0;1;797901,7387;5828522,794;13,39208;52,52519\
200836;11;8;8030830;Gropiusstadt S\'fcd;2019;10;22;5;3;1;5;2;0;1;0;0;0;0;0;802463,9209;5817940,487;13,44953;52,42782\
200837;11;6;6030610;Lichterfelde West;2019;10;17;2;3;5;3;2;0;1;0;0;0;0;1;792410,7339;5817836,247;13,302;52,43236\
200838;11;3;3061227;Humannplatz;2019;10;4;5;3;5;2;2;0;1;0;1;0;0;0;799494,8286;5831770,177;13,41842;52,55342\
200839;11;4;4051445;Eisenzahnstra\'dfe;2019;10;19;1;3;6;2;2;0;1;1;0;0;0;0;792194,4105;5824737,689;13,30487;52,49434\
200840;11;12;12103115;Breitkopfbecken;2019;10;13;4;3;2;6;0;0;1;0;0;0;0;0;795413,3581;5834067,48;13,36044;52,57624\
200841;11;9;9051901;Dammvorstadt;2019;11;21;6;2;0;1;2;1;0;0;0;0;0;1;812039,819;5821397,372;13,59314;52,45343\
200842;11;6;6020409;K\'f6nigsberger Stra\'dfe;2019;10;13;7;3;0;1;0;1;0;0;0;0;0;0;793195,2119;5817486,798;13,3132;52,4288\
200843;11;3;3071537;Kollwitzplatz;2019;10;8;3;3;5;2;0;1;1;0;0;0;0;0;799785,6324;5829587,119;13,42073;52,53369\
200844;11;1;1011202;Unter den Linden Nord;2019;10;17;5;3;5;3;2;1;1;0;0;0;0;0;798548,3247;5827805,403;13,40094;52,5184\
200845;11;5;5020625;Borkumer Stra\'dfe;2019;10;10;2;3;5;2;0;1;1;0;0;0;0;0;784551,7063;5828174,892;13,19555;52,5292\
200846;11;5;5020419;Magistratsweg;2019;10;18;5;3;6;4;2;0;1;1;0;0;0;0;781606,9658;5828424,264;13,15246;52,53296\
200847;11;1;1044103;Westliche M\'fcllerstra\'dfe;2019;11;0;7;3;2;6;2;0;1;0;0;0;0;1;795190,0997;5831031,164;13,35446;52,54915\
200848;11;4;4051448;Schaperstra\'dfe;2019;10;17;7;3;5;3;1;1;1;0;0;0;0;0;794206,2843;5824955,356;13,33461;52,49521\
200849;11;4;4030519;Kaiserin-Augusta-Allee;2019;10;8;4;3;2;6;0;0;1;0;0;0;1;0;791238,1602;5828951,869;13,29452;52,53263\
200850;11;12;12214125;Waldidyll/Flughafensee;2019;10;19;3;3;5;2;2;1;1;0;0;0;0;0;789975,0747;5833680,452;13,28008;52,5757\
200851;11;12;12103218;Teichstra\'dfe;2019;11;16;6;3;1;5;0;0;1;0;0;0;0;0;794822,7921;5833366,786;13,35113;52,57028\
200852;11;9;9052001;K\'f6penick Nord;2019;10;14;6;3;0;6;0;1;0;0;0;0;0;0;811575,9133;5823108,873;13,58793;52,46903\
200853;11;6;6020408;Lichterfelde S\'fcd;2019;11;9;7;3;2;2;0;0;1;0;0;0;0;1;792717,5044;5816241,905;13,30511;52,4179\
200854;11;5;5020417;Staakener Stra\'dfe;2019;10;17;7;3;0;7;1;1;1;0;0;0;0;0;781739,1776;5828463,441;13,15444;52,53325\
200855;11;6;6010210;Bismarckstra\'dfe;2019;10;10;4;3;5;3;0;0;1;0;0;0;0;0;795189,6858;5821190,029;13,34572;52,46093\
200856;11;1;1022206;L\'fcneburger Stra\'dfe;2019;10;13;4;2;2;6;0;0;0;0;1;1;0;0;796259,301;5828501,038;13,36792;52,52589\
200857;11;2;2040701;Andreasviertel;2019;11;21;6;3;5;3;2;1;1;0;0;0;0;1;800613,4675;5827116,752;13,43066;52,51109\
200858;11;1;1011202;Unter den Linden Nord;2019;10;19;6;3;5;2;2;1;1;0;0;0;0;0;797648,7189;5828129,82;13,38801;52,5218\
200859;11;7;7040403;Manteuffelstra\'dfe;2019;10;12;3;2;5;3;0;1;0;0;1;0;0;0;797705,5543;5822197,892;13,38354;52,4686\
200860;11;11;11030619;Fennpfuhl Ost;2019;10;15;5;3;0;2;1;0;1;0;0;0;1;0;803855,963;5829056,612;13,48007;52,52668\
200861;11;4;4030519;Kaiserin-Augusta-Allee;2019;10;8;6;3;6;4;0;0;1;1;0;0;0;0;792457,4185;5828245,645;13,31182;52,52565\
200862;11;1;1033203;Humboldthain Nordwest;2019;10;8;2;3;5;3;0;1;1;0;0;0;0;0;795738,5815;5829803,558;13,36143;52,53784\
200863;11;1;1011302;Oranienburger Stra\'dfe;2019;10;14;5;2;5;3;0;1;1;0;0;0;0;0;798716,6772;5828797,41;13,4043;52,5272\
200864;11;1;1044202;Sparrplatz;2019;11;17;7;3;2;2;2;0;1;0;0;0;0;1;794961,5176;5830169,495;13,35033;52,54155\
200865;11;1;1044101;Rehberge;2019;10;15;7;3;2;6;0;0;1;0;0;0;0;0;794136,6063;5830069,65;13,33811;52,5411\
200866;11;11;11020516;Wei\'dfe Taube;2019;10;16;3;3;5;2;1;1;0;0;0;0;1;0;806179,0321;5830425,853;13,51546;52,53766\
200867;11;4;4051446;Preu\'dfenpark;2019;11;13;6;3;5;3;0;1;1;0;0;0;0;0;792911,9613;5824396,112;13,31511;52,4909\
200868;11;8;8030829;Gropiusstadt Nord;2019;10;15;6;2;5;3;0;0;1;0;1;0;0;0;803157,712;5818432,57;13,46015;52,43185\
200869;11;1;1011203;Unter den Linden S\'fcd;2019;10;18;2;3;1;5;2;1;1;0;0;0;0;1;798002,3069;5827389,997;13,39254;52,51498\
200870;11;9;9020501;Obersch\'f6neweide West;2019;10;8;5;3;5;2;0;1;1;0;0;0;0;0;806455,9138;5822104,697;13,51188;52,46292\
200871;11;4;4041136;Hagenplatz;2019;10;8;6;3;5;2;0;1;1;0;0;0;0;0;790732,265;5823473,343;13,28229;52,48379\
200872;11;11;11040925;Victoriastadt;2019;10;13;1;3;2;6;0;1;1;0;0;0;0;0;803868,9361;5826822,86;13,47822;52,50666\
200873;11;3;3030406;Alt-Karow;2019;10;6;2;3;5;2;0;1;1;0;0;0;0;0;803364,647;5838250,406;13,48125;52,60936\
200874;11;3;3010102;Buch;2019;10;10;5;3;0;1;0;0;1;0;0;0;0;0;804376,4145;5841199,153;13,49886;52,63522\
200875;11;7;7040401;Neu-Tempelhof;2019;10;7;6;3;6;2;0;0;1;1;0;0;0;0;797291,3477;5822595,909;13,37782;52,47239\
200876;11;5;5020625;Borkumer Stra\'dfe;2019;10;5;2;3;2;6;1;0;1;0;0;0;0;0;784713,4409;5828562,663;13,19826;52,53259\
200877;11;2;2010102;Mehringplatz;2019;10;19;5;3;1;5;2;1;0;0;0;0;1;0;798242,6948;5826010,181;13,39484;52,50248\
200878;11;7;7020204;Sch\'f6neberger Insel;2019;11;15;7;3;6;4;0;0;1;1;0;0;0;1;796533,8587;5823967,767;13,36792;52,4851\
200879;11;7;7010101;Wittenbergplatz/Viktoria-Luise-Platz;2019;10;14;7;3;0;5;0;1;0;0;1;0;0;0;794642,8383;5825743,445;13,34172;52,50204\
200880;11;3;3020307;Buchholz;2019;10;13;3;3;2;6;0;0;1;0;0;0;0;0;800193,878;5836563,441;13,43304;52,596\
200881;11;6;6010101;Fichtenberg;2019;11;10;6;3;2;6;0;0;1;0;0;0;0;0;793509,5507;5820610,857;13,32056;52,45664\
200882;11;5;5010314;Carl-Schurz-Stra\'dfe;2019;10;15;6;2;0;2;0;0;1;0;0;0;1;0;784783,2326;5828813,675;13,1995;52,5348\
200883;11;3;3071536;Teutoburger Platz;2019;10;17;2;3;5;3;2;0;1;0;0;0;0;1;799218,9776;5829267,878;13,41211;52,53114\
200884;11;6;6010209;Feuerbachstra\'dfe;2019;10;7;5;3;2;6;0;0;1;0;0;0;0;1;794053,9189;5821008,487;13,3289;52,45991\
200885;11;2;2010102;Mehringplatz;2019;10;1;1;3;5;2;2;0;1;0;0;0;0;0;798215,2303;5825860,673;13,3943;52,50115\
200886;11;9;9020701;Adlershof West;2019;10;15;4;3;5;2;0;0;1;0;0;0;0;0;807713,4615;5818118,863;13,52666;52,4265\
200887;11;7;7010103;Barbarossaplatz;2019;11;18;6;3;2;2;2;1;1;0;0;0;0;1;795221,9977;5824488,663;13,34912;52,49048\
200888;11;4;4041134;Bismarckallee;2019;10;0;7;2;1;5;2;1;1;0;0;0;0;0;790858,6792;5824502,071;13,28505;52,49294\
200889;11;4;4030726;Droysenstra\'dfe;2019;10;20;4;3;5;3;1;0;1;0;0;0;0;0;792090,9042;5825307,878;13,30385;52,49951\
200890;11;1;1033203;Humboldthain Nordwest;2019;11;20;6;3;5;3;2;0;1;0;0;0;0;1;796806,9472;5831270,429;13,37845;52,55041\
200891;11;7;7040404;Marienh\'f6he;2019;10;20;7;3;1;7;2;0;1;0;0;0;0;0;797083,0069;5820484,097;13,37288;52,45357\
200892;11;8;8020727;Buckow Mitte;2019;10;16;3;3;0;3;0;0;0;0;1;0;1;1;801514,4451;5817626,549;13,43532;52,42553\
200893;11;7;7020203;Kaiser-Wilhelm-Platz;2019;11;9;6;3;2;2;0;0;1;0;0;0;0;0;795434,7478;5824426,855;13,35219;52,48981\
200894;11;12;12214424;Scharnweberstra\'dfe;2019;10;14;6;3;5;7;0;0;1;0;1;0;0;0;793104,596;5832646,916;13,32521;52,56476\