OBJECTID;LAND;BEZ;LOR;STRASSE;UJAHR;UMONAT;USTUNDE;UWOCHENTAG;UKATEGORIE;UART;UTYP1;ULICHTVERH;IstRad;IstPKW;IstFuss;IstKrad;IstGkfz;IstSonstige;USTRZUSTAND;LINREFX;LINREFY;XGCSWGS84;YGCSWGS84\
200895;11;8;8010117;Schillerpromenade;2019;10;16;2;3;3;6;0;0;1;0;1;0;0;0;800523,1407;5823413,835;13,42599;52,47795\
200896;11;9;9010301;Baumschulenstra\'dfe;2019;10;10;5;3;3;6;0;0;1;0;0;0;0;0;804453,3185;5821832,963;13,48224;52,46161\
200897;11;8;8020625;Handwerker-Siedlung;2019;10;12;7;3;5;3;0;1;1;0;0;0;0;0;801509,0479;5819224,169;13,43668;52,43986\
200898;11;1;1011302;Oranienburger Stra\'dfe;2019;10;12;4;3;6;4;0;0;1;1;0;0;0;0;798689,5434;5828337,196;13,40349;52,52309\
200899;11;9;9031101;Gr\'fcnau;2019;10;17;4;2;0;6;2;0;0;0;1;0;1;0;810271,7156;5817601,982;13,56368;52,42042\
200900;11;2;2010104;Wassertorplatz;2019;11;23;6;3;2;6;2;0;1;0;0;0;0;1;799790,4627;5825718,124;13,41731;52,49901\
200901;11;10;10020517;Adele-Sandrock-Stra\'dfe;2019;10;12;7;3;0;5;0;0;1;0;1;0;0;0;812383,0188;5830461,381;13,60667;52,53445\
200902;11;6;6040804;Krumme Lanke;2019;10;8;3;3;5;3;0;1;1;0;0;0;0;1;787478,7932;5817705,579;13,22955;52,4338\
200903;11;4;4031032;Halensee;2019;10;17;5;3;6;4;2;0;1;1;0;0;0;0;791425,9044;5825065,636;13,29387;52,49769\
200904;11;3;3030405;Karow Nord;2019;10;7;6;3;7;7;1;0;0;0;1;0;0;0;803738,1755;5838767,043;13,48723;52,61378\
200905;11;10;10030727;Biesdorf S\'fcd;2019;10;9;2;3;5;2;0;0;1;0;1;0;0;0;809720,3354;5826204,999;13,56358;52,49783\
200906;11;1;1011204;Leipziger Stra\'dfe;2019;10;9;3;3;5;2;0;1;0;0;0;0;0;0;798619,3621;5826919,148;13,40119;52,51042\
200907;11;4;4030828;Savignyplatz;2019;10;9;5;3;1;5;0;1;1;0;0;0;0;0;793288,3397;5826150,346;13,32218;52,50642\
200908;11;10;10040933;Mahlsdorf S\'fcd;2019;10;16;6;3;0;1;0;1;0;0;0;0;0;0;813070,6194;5826639,624;13,61318;52,49981\
200909;11;8;8010510;Gewerbegebiet K\'f6llnische Heide;2019;10;11;2;3;3;6;0;0;1;0;0;0;0;0;802636,3606;5823041,539;13,45668;52,47345\
200910;11;10;10020414;Helle Mitte;2019;10;19;5;3;6;4;2;0;1;1;0;0;0;0;812033,074;5830790,045;13,60184;52,5376\
200911;11;3;3061228;Erich-Weinert-Stra\'dfe;2019;11;8;7;3;5;2;1;1;1;0;0;0;0;1;800321,1097;5831579,784;13,4304;52,55126\
200912;11;3;3050920;Wei\'dfer See;2019;10;17;7;3;1;5;0;1;1;0;0;0;0;0;802313,2779;5831899,236;13,45998;52,55302\
200913;11;9;9010302;Sp\'e4thsfelde;2019;10;10;4;3;4;7;0;0;1;0;0;0;1;0;805447,3099;5820488,705;13,4956;52,44901\
200914;11;7;7030303;Grazer Platz;2019;10;8;4;3;6;2;0;0;1;1;0;0;0;0;795239,1515;5822271,429;13,34741;52,47059\
200915;11;11;11020411;Malchower Weg;2019;11;22;6;2;5;3;2;0;1;0;1;0;0;1;805963,6403;5832532,43;13,51424;52,55666\
200916;11;10;10020517;Adele-Sandrock-Stra\'dfe;2019;10;18;6;3;2;6;1;0;1;0;0;0;0;0;813391,5313;5830122,898;13,62117;52,53084\
200917;11;6;6030607;Goerzwerke;2019;10;8;3;2;5;3;0;0;1;0;0;0;1;0;790867,7157;5815636,884;13,27746;52,41346\
200918;11;6;6020306;Lankwitz S\'fcd;2019;10;15;5;3;5;3;0;0;1;0;0;0;0;0;796239,8333;5817016,62;13,35744;52,42295\
200919;11;7;7020202;Volkspark (Rudolf-Wilde-Park);2019;10;7;6;3;2;6;0;0;1;0;0;0;0;0;795013,9041;5823241,555;13,34496;52,47941\
200920;11;12;12302110;Dannenwalder Weg;2019;10;8;2;3;2;6;0;0;1;0;0;0;0;0;794733,5274;5836284,457;13,35241;52,59648\
200921;11;10;10010310;Alt-Marzahn;2019;10;1;5;2;2;3;2;0;1;0;0;0;0;0;808495,3235;5831147,436;13,55018;52,54282\
200922;11;1;1022206;L\'fcneburger Stra\'dfe;2019;11;16;7;3;5;3;0;0;1;0;0;0;1;1;795726,5363;5828198,358;13,35982;52,52346\
200923;11;1;1022106;Elberfelder Stra\'dfe;2019;10;15;7;2;6;2;0;0;1;1;0;0;0;0;794210,0106;5828326,643;13,33765;52,52543\
200924;11;10;10020413;Gut Hellersdorf;2019;10;14;3;3;6;6;0;1;0;1;0;0;0;0;811674,311;5831506,565;13,59724;52,54423\
200925;11;8;8010117;Schillerpromenade;2019;10;19;5;2;5;5;2;0;1;0;1;0;0;0;800550,5975;5823327,892;13,42632;52,47717\
200926;11;4;4030828;Savignyplatz;2019;11;20;7;3;2;6;2;0;1;0;0;0;0;1;793379,9684;5826089,269;13,32348;52,50582\
200927;11;7;7010102;Nollendorfplatz;2019;10;16;7;3;6;7;0;1;0;1;0;0;0;0;795607,5901;5824986,034;13,35522;52,49473\
200928;11;3;3030716;M\'e4rchenland;2019;10;7;4;3;2;6;0;0;1;0;0;0;0;1;803576,5568;5833492,571;13,48001;52,5666\
200929;11;11;11040926;Weitlingstra\'dfe;2019;10;18;3;3;0;1;2;0;0;0;1;0;0;0;804905,98;5826256,179;13,49293;52,501\
200930;11;1;1011102;Gro\'dfer Tiergarten;2019;10;9;6;3;5;7;0;0;1;0;1;0;0;0;796671,3146;5827620,679;13,37319;52,51777\
200931;11;7;7040403;Manteuffelstra\'dfe;2019;11;15;6;3;5;3;0;1;1;0;0;0;0;0;797277,7836;5821223,949;13,3764;52,4601\
200932;11;9;9030903;K\'f6lner Viertel;2019;10;16;6;3;6;4;0;0;0;1;0;0;1;0;808721,9464;5815559,018;13,53908;52,40299\
200933;11;4;4020310;Park Ruhwald;2019;10;20;2;3;5;3;2;0;1;0;0;0;0;1;790354,2491;5827309,282;13,28009;52,51838\
200934;11;6;6030606;Hindenburgdamm;2019;10;13;5;3;5;3;0;1;1;0;0;0;0;0;793241,7988;5819537,451;13,31569;52,44716\
200935;11;5;5040936;J\'e4gerallee;2019;10;3;6;3;9;1;2;0;1;0;0;0;0;1;780636,472;5821693,056;13,13252;52,47311\
200936;11;7;7010102;Nollendorfplatz;2019;10;18;1;3;2;2;2;0;1;0;0;0;0;0;795444,0425;5824984,665;13,35282;52,49481\
200937;11;9;9041301;Kietzer Feld/Nachtheide;2019;10;6;4;3;5;3;2;1;1;0;0;0;0;0;812301,0049;5819155,929;13,59488;52,43319\
200938;11;2;2040502;Friedenstra\'dfe;2019;10;9;6;3;2;6;0;1;1;0;0;0;0;0;800751,5624;5828096,969;13,43358;52,5198\
200939;11;2;2050802;Boxhagener Platz;2019;11;12;7;3;5;3;0;0;1;0;0;0;0;1;802589,5722;5826886,097;13,45948;52,50793\
200940;11;4;4030725;Amtsgerichtsplatz;2019;10;21;7;3;0;1;2;0;0;0;0;0;1;0;791945,6644;5826112,864;13,30243;52,5068\
200941;11;1;1011202;Unter den Linden Nord;2019;10;11;3;3;5;3;0;1;0;0;1;0;0;0;798068,9871;5827870,391;13,39395;52,51925\
200942;11;2;2040701;Andreasviertel;2019;11;10;6;3;2;2;0;1;1;0;0;0;0;0;800514,0208;5827088,853;13,42917;52,5109\
200943;11;2;2030302;Lausitzer Platz;2019;10;14;6;3;2;7;0;1;1;0;0;0;0;0;801458,5014;5826068,898;13,44213;52,50124\
200944;11;7;7050501;Rathausstra\'dfe;2019;10;17;2;3;0;5;2;1;1;0;0;0;0;1;797665,3027;5819592,478;13,38063;52,44526\
200945;11;3;3061429;Greifswalder Stra\'dfe;2019;10;7;5;3;2;6;0;0;1;0;0;0;0;0;801609,2845;5830154,862;13,44805;52,53778\
200946;11;5;5010208;Germersheimer Platz;2019;10;15;6;3;2;6;0;0;1;0;0;0;0;0;783665,723;5829668,063;13,18379;52,54305\
200947;11;12;12214125;Waldidyll/Flughafensee;2019;11;11;6;3;2;6;0;0;0;0;0;0;1;0;791056,3127;5834262,912;13,2965;52,58034\
200948;11;4;4030930;George-Grosz-Platz;2019;10;15;6;3;5;3;0;1;1;0;0;0;0;0;793131,0654;5825593,727;13,31938;52,50151\
200949;11;2;2010101;Askanischer Platz;2019;10;18;2;3;2;6;2;0;1;0;0;0;0;1;797857,7792;5825639,013;13,38885;52,49936\
200950;11;3;3050919;Gustav-Adolf-Stra\'dfe;2019;10;7;5;3;5;3;0;1;1;0;0;0;0;0;801938,3654;5832579,454;13,45509;52,55932\
200951;11;4;4010101;Jungfernheide;2019;10;0;6;3;5;2;2;0;1;0;0;0;0;0;791217,139;5829730,951;13,29489;52,53963\
200952;11;1;1011401;Invalidenstra\'dfe;2019;10;11;1;3;0;1;0;0;0;0;1;0;0;1;797360,3124;5829139,864;13,38468;52,53101\
200953;11;4;4030931;Breitscheidplatz;2019;10;16;4;3;5;7;1;0;1;0;0;0;0;0;793526,1234;5825847,236;13,32541;52,50357\
200954;11;10;10020414;Helle Mitte;2019;10;17;5;2;1;4;1;1;1;1;0;0;0;0;812047,5876;5830713,696;13,60198;52,53691\
200955;11;1;1044203;Leopoldplatz;2019;11;19;6;3;2;6;2;0;1;0;0;0;0;1;795193,9415;5831363,78;13,35481;52,55213\
200956;11;4;4051551;Brabanter Platz;2019;10;12;7;3;5;7;0;0;1;0;0;0;0;0;793321,2682;5823546,891;13,32038;52,48306\
200957;11;4;4020311;Reichsstra\'dfe;2019;10;10;3;3;5;2;0;1;1;0;0;0;0;1;789118,0252;5826933,112;13,26159;52,51566\
200958;11;10;10040828;Kaulsdorf Nord;2019;10;21;5;3;5;3;2;0;1;0;0;0;0;0;811899,8992;5829748,123;13,5989;52,52834\
200959;11;3;3061441;Eldenaer Stra\'dfe;2019;11;7;6;3;5;2;1;1;1;0;0;0;0;0;802379,3675;5828837,982;13,45817;52,52555\
200960;11;1;1011203;Unter den Linden S\'fcd;2019;10;21;6;3;8;1;2;0;0;0;0;0;1;0;798181,3617;5827115,571;13,39493;52,51242\
200961;11;4;4030929;Hindemithplatz;2019;10;15;2;3;5;5;0;0;1;0;0;0;1;0;792717,6836;5825847,086;13,31353;52,50401\
200962;11;2;2010102;Mehringplatz;2019;10;7;5;3;5;2;0;1;1;0;0;0;0;0;798643,8087;5826461,002;13,40114;52,5063\
200963;11;9;9020701;Adlershof West;2019;10;18;5;3;5;2;0;1;1;0;0;0;0;0;809339,4675;5818507,65;13,55085;52,42906\
200964;11;8;8010118;Silbersteinstra\'dfe;2019;10;17;7;3;0;6;1;0;1;0;1;0;0;0;801070,5439;5821996,558;13,43275;52,46495\
200965;11;1;1033101;Soldiner Stra\'dfe;2019;10;11;4;3;5;3;0;1;1;0;0;0;0;0;797686,2746;5832849,581;13,39279;52,56409\
200966;11;10;10030724;Oberfeldstra\'dfe;2019;10;18;5;2;5;2;2;1;1;0;0;0;0;1;809584,7314;5828543,314;13,56376;52,51886\
200967;11;5;5010208;Germersheimer Platz;2019;10;13;4;2;5;2;0;1;1;0;0;0;0;0;783720,7456;5830619,093;13,18542;52,55155\
200968;11;1;1011203;Unter den Linden S\'fcd;2019;10;16;5;3;1;5;0;1;1;0;0;0;0;0;797748,9179;5827525,909;13,38894;52,51633\
200969;11;3;3040614;Pankow Zentrum;2019;10;16;5;2;3;5;0;1;1;0;0;0;0;0;798706,3727;5833105,259;13,40803;52,56582\
200970;11;2;2040502;Friedenstra\'dfe;2019;10;20;1;3;5;3;2;0;1;0;0;0;0;0;801249,1253;5827829,513;13,44064;52,51713\
200971;11;12;12231101;Hermsdorf;2019;10;14;4;3;2;6;0;0;1;0;0;0;0;0;790958,0077;5837963,688;13,29831;52,61357\
200972;11;12;12224230;Heiligensee;2019;10;16;5;3;2;6;0;0;1;0;0;0;1;0;787525,3191;5836370,421;13,24636;52,60111\
200973;11;9;9051901;Dammvorstadt;2019;10;15;5;3;3;6;0;0;0;0;0;0;1;0;811024,6439;5821818,266;13,57864;52,45778\
200974;11;4;4020310;Park Ruhwald;2019;11;17;6;3;3;6;2;0;1;0;0;0;0;1;790522,5933;5827329,191;13,28258;52,51847\
200975;11;8;8020625;Handwerker-Siedlung;2019;10;13;7;3;2;2;0;0;1;0;1;0;0;0;801385,5713;5819264,264;13,43491;52,44028\
200976;11;8;8041035;Blumenviertel;2019;10;7;3;3;5;3;0;1;1;0;0;0;0;1;803809,7628;5818819,131;13,47006;52,43495\
200977;11;9;9030903;K\'f6lner Viertel;2019;10;15;5;3;5;3;0;0;1;0;0;0;0;0;809246,2825;5815356,658;13,54658;52,40088\
200978;11;7;7030302;Cecilieng\'e4rten;2019;10;7;5;3;5;2;0;1;1;1;0;0;0;0;794419,1576;5821933,398;13,33507;52,46801\
200979;11;8;8010214;Glasower Stra\'dfe;2019;10;13;6;3;5;3;0;0;1;0;1;0;0;0;801344,4738;5822036,931;13,43681;52,46516\
200980;11;3;3030715;Heinersdorf;2019;10;10;2;3;6;4;0;1;0;1;0;0;0;0;800107,3341;5832746,795;13,42831;52,56184\
200981;11;6;6010206;Stadtpark;2019;10;18;5;3;1;5;2;1;1;0;0;0;0;0;794470,7685;5820130,043;13,33424;52,45181\
200982;11;4;4051551;Brabanter Platz;2019;11;5;7;3;0;1;2;0;1;0;0;0;0;1;792880,1241;5823287,539;13,31367;52,48097\
200983;11;3;3020209;Niedersch\'f6nhausen;2019;10;17;7;3;5;7;0;0;1;0;0;0;1;0;797545,409;5834854,877;13,39252;52,58214\
200984;11;11;11040926;Weitlingstra\'dfe;2019;10;8;4;3;2;6;0;1;1;0;0;0;0;0;804745,3357;5826516,906;13,49081;52,50343\
200985;11;8;8010303;Donaustra\'dfe;2019;10;22;3;3;5;7;2;0;1;0;0;0;0;0;800362,7307;5824342,815;13,42448;52,48637\
200986;11;4;4030828;Savignyplatz;2019;11;16;6;3;5;3;1;0;1;0;0;0;0;0;792859,5145;5826107,347;13,31585;52,50626\
200987;11;11;11010310;M\'fchlengrund;2019;10;17;6;3;2;6;0;0;1;0;0;0;0;0;805214,3543;5833155,121;13,50379;52,56266\
200988;11;7;7020204;Sch\'f6neberger Insel;2019;10;17;3;3;0;7;1;0;0;1;0;0;1;0;796314,4396;5823017,067;13,36385;52,4767\
200989;11;1;1011303;Alexanderplatzviertel;2019;10;14;5;3;5;5;0;1;1;0;0;0;0;0;798498,8585;5828173,863;13,40054;52,52173\
200990;11;8;8020625;Handwerker-Siedlung;2019;10;11;6;3;6;4;0;0;1;1;0;0;0;0;802184,2326;5818939,747;13,44633;52,43694\
200991;11;4;4051654;Wilhelmsaue;2019;11;16;7;3;6;4;0;0;1;1;0;0;0;0;793374,2648;5823924,124;13,32149;52,48642\
200992;11;8;8010214;Glasower Stra\'dfe;2019;11;20;6;3;8;1;2;0;1;0;0;0;0;1;801811,4199;5821965,896;13,4436;52,46427\
200993;11;6;6040807;Zehlendorf Eiche;2019;10;12;7;3;0;2;0;1;1;0;0;0;0;0;789609,727;5818715,281;13,26168;52,44173\
200994;11;8;8010214;Glasower Stra\'dfe;2019;11;22;7;3;5;3;2;0;1;0;0;0;0;1;801745,8974;5822047,767;13,44271;52,46504\
200995;11;10;10020623;Rotes Viertel;2019;10;13;3;2;6;2;0;0;1;1;0;0;0;0;811293,9887;5829137,05;13,58943;52,52321\
200996;11;4;4051551;Brabanter Platz;2019;11;22;7;3;5;2;2;0;1;0;0;0;0;1;793330,186;5823361,992;13,32034;52,4814\
200997;11;11;11051330;Karlshorst West;2019;10;16;5;3;2;6;2;0;1;0;0;0;0;0;807186,5496;5825592,975;13,52581;52,49378\
200998;11;3;3030406;Alt-Karow;2019;10;10;6;3;5;3;0;0;1;0;0;0;1;0;802352,8143;5838820,814;13,46688;52,61503\
200999;11;8;8020622;Parchimer Allee;2019;11;12;7;3;3;6;0;0;1;0;0;0;1;1;801378,9291;5819320,996;13,43486;52,4408\
201000;11;11;11041128;Sewanstra\'dfe;2019;11;12;7;3;5;3;0;1;1;0;0;0;0;0;806908,0905;5825961,361;13,52206;52,49723\
201001;11;2;2050802;Boxhagener Platz;2019;10;8;2;3;5;3;0;0;1;0;1;0;0;0;802080,238;5827361,373;13,45243;52,51248\
201002;11;7;7060603;Marienfelde Nordost;2019;10;16;5;2;5;3;0;1;1;0;0;0;0;0;798045,7981;5815806,829;13,38284;52,41112\
201003;11;12;12103218;Teichstra\'dfe;2019;11;11;7;2;5;7;0;0;1;0;1;0;0;1;794867,5928;5833751,858;13,35213;52,57371\
201004;11;9;9051901;Dammvorstadt;2019;11;11;7;2;3;2;0;0;1;0;0;0;1;0;810605,9524;5821049,194;13,57178;52,45112\
201005;11;12;12304313;Borsigwalde;2019;11;17;7;3;6;4;2;0;1;1;0;0;0;1;791922,7503;5834704,998;13,30964;52,58384\
201006;11;4;4030930;George-Grosz-Platz;2019;10;16;7;3;1;5;0;1;1;0;0;0;0;0;792770,8762;5825497,129;13,31401;52,50084\
201007;11;8;8041037;Alt-Rudow;2019;10;6;4;3;5;3;2;1;1;0;0;0;0;1;805585,5235;5818605,401;13,4959;52,43205\
201008;11;7;7010104;Dennewitzplatz;2019;11;11;7;3;0;2;0;0;1;0;1;0;0;1;796024,5437;5824497,214;13,36091;52,49012\
201009;11;12;12103117;Letteplatz;2019;10;17;3;3;0;3;2;0;1;0;1;0;1;0;796479,9708;5832475,367;13,37471;52,56139\
201010;11;3;3061131;Falkplatz;2019;11;11;7;3;0;2;0;1;1;0;0;0;0;1;799177,295;5831110,598;13,41316;52,54768\
201011;11;11;11030720;Herzbergstra\'dfe;2019;10;17;5;3;6;4;0;0;1;1;0;0;0;0;804884,9044;5829950,511;13,496;52,53412\
201012;11;6;6030609;Augustaplatz;2019;11;14;6;3;1;5;0;1;1;0;0;0;0;0;793196,5173;5818274,011;13,31391;52,43586\
201013;11;5;5010101;Hakenfelde Nord;2019;10;16;6;3;0;4;0;0;0;1;0;0;1;0;784409,3102;5831911,731;13,19665;52,56278\
201014;11;10;10020414;Helle Mitte;2019;11;10;7;3;5;3;0;0;1;0;0;0;0;1;812073,1226;5830620,412;13,60227;52,53606\
201015;11;3;3040508;Rosenthal;2019;10;19;2;3;5;3;2;1;1;0;0;0;0;0;795881,7358;5836453,646;13,36946;52,59738\
201016;11;11;11030721;R\'fcdigerstra\'dfe;2019;10;8;5;3;1;5;0;1;1;0;0;0;0;0;803442,4116;5828350,331;13,47334;52,52058\
201017;11;2;2030302;Lausitzer Platz;2019;10;10;6;3;1;5;0;0;1;0;0;0;0;0;800854,7898;5826248,451;13,43342;52,50318\
201018;11;12;12302109;Treuenbrietzener Stra\'dfe;2019;11;10;7;3;5;3;0;0;1;0;0;0;0;1;795592,5047;5837236,446;13,36591;52,60455\
201019;11;9;9020701;Adlershof West;2019;11;10;7;3;5;2;0;0;1;0;0;0;0;1;807225,3424;5818280,221;13,51965;52,42822\
201020;11;6;6040702;D\'fcppel;2019;10;16;1;3;0;3;0;1;1;0;0;0;0;1;787184,9471;5816769,894;13,22443;52,42556\
201021;11;6;6040804;Krumme Lanke;2019;10;18;4;3;5;2;2;0;1;0;0;0;0;1;788144,046;5818738,087;13,2402;52,44271\
201022;11;6;6040810;Dahlem;2019;11;10;7;3;0;3;0;0;0;0;1;0;1;1;792393,1478;5821145,686;13,30464;52,46203\
201023;11;1;1011301;Charit\'e9viertel;2019;10;15;5;3;1;5;0;1;1;0;0;0;0;0;797575,9622;5828573,973;13,38734;52,52582\
201024;11;1;1011201;Wilhelmstra\'dfe;2019;11;15;6;3;5;2;1;1;0;0;0;0;1;0;796966,4692;5826853,531;13,37685;52,51073\
201025;11;4;4041344;R\'fcdesheimer Platz;2019;10;20;7;3;0;7;1;0;1;0;0;0;0;0;792989,2383;5822294,731;13,3144;52,47202\
201026;11;2;2010102;Mehringplatz;2019;11;7;3;3;6;4;0;1;0;1;0;0;0;0;798327,0255;5825636,6;13,39574;52,49908\
201027;11;7;7040405;Rathaus Tempelhof;2019;11;6;3;2;1;7;1;0;1;0;0;0;1;0;798037,5756;5821128,032;13,38746;52,45883\
201028;11;6;6030504;Teltower Damm;2019;11;14;3;2;1;5;0;0;1;0;0;0;0;0;788994,3993;5816537,487;13,25077;52,42253\
201029;11;12;12214528;Tegeler Forst;2019;11;13;3;3;3;6;0;1;1;0;0;0;0;0;787806,4052;5835684,933;13,24991;52,59482\
201030;11;1;1011104;K\'f6rnerstra\'dfe;2019;11;13;3;3;0;2;0;1;1;0;0;0;0;0;796643,0025;5825782,296;13,37114;52,50131\
201031;11;1;1044102;Schillerpark;2019;11;11;3;3;5;7;0;0;1;0;0;0;0;0;794950,3856;5831346,616;13,35121;52,5521\
201032;11;1;1011204;Leipziger Stra\'dfe;2019;11;9;3;3;5;2;0;1;1;0;0;0;0;0;797837,5847;5826968,664;13,38975;52,51129\
201033;11;12;12103218;Teichstra\'dfe;2019;11;18;3;3;5;2;2;0;1;0;1;0;0;0;794815,0854;5833276,859;13,35094;52,56948\
201034;11;12;12214125;Waldidyll/Flughafensee;2019;11;18;3;3;2;6;2;0;1;0;0;0;1;0;791042,5408;5833865,552;13,29595;52,57679\
201035;11;10;10040830;Kaulsdorf S\'fcd;2019;11;18;3;3;5;2;2;1;1;0;0;0;0;0;810593,5743;5825392,901;13,57565;52,49006\
201036;11;9;9041601;M\'fcggelheim;2019;11;17;3;3;6;2;2;0;1;1;0;0;0;0;816565,5398;5817456,5;13,65579;52,41551\
201037;11;4;4010102;Pl\'f6tzensee;2019;11;17;3;3;0;6;2;0;1;0;0;0;1;0;793345,7133;5829701,34;13,32616;52,53822\
201038;11;7;7070703;John-Locke-Stra\'dfe;2019;11;16;3;3;5;2;2;0;1;0;0;0;0;0;799786,7283;5813976,67;13,40672;52,39377\
201039;11;1;1011204;Leipziger Stra\'dfe;2019;11;16;3;3;5;3;2;1;1;0;0;0;0;0;797876,1868;5826766,351;13,39013;52,50946\
201040;11;11;11020412;Hauptstra\'dfe;2019;11;15;3;3;2;6;0;0;1;0;0;0;0;0;805644,0738;5831643,292;13,50872;52,54887\
201041;11;1;1011301;Charit\'e9viertel;2019;11;15;2;3;2;6;0;1;1;0;0;0;0;0;796883,1648;5828165,613;13,37679;52,52254\
201042;11;9;9020802;K\'f6llnische Vorstadt;2019;11;15;2;3;0;6;0;1;0;1;0;0;0;0;810253,9479;5819676,942;13,56535;52,43902\
201043;11;3;3040614;Pankow Zentrum;2019;11;7;2;2;5;2;2;1;1;0;0;0;0;0;799981,5696;5835109,049;13,4286;52,58308\
201044;11;1;1011102;Gro\'dfer Tiergarten;2019;11;6;2;2;6;2;1;0;1;1;0;0;0;0;796511,2343;5827621,949;13,37084;52,51787\
201045;11;8;8020620;Tempelhofer Weg;2019;11;6;2;3;5;3;1;1;0;0;0;0;1;1;801235,4683;5819770,21;13,43316;52,4449\
201046;11;1;1022104;Emdener Stra\'dfe;2019;11;12;2;2;3;6;0;1;1;0;0;0;0;0;794370,1282;5828435,946;13,3401;52,52633\
201047;11;7;7060604;Marienfelde S\'fcd;2019;11;12;2;3;0;3;0;1;0;0;0;0;1;0;795865,6299;5815449,386;13,35056;52,4091\
201048;11;1;1011303;Alexanderplatzviertel;2019;11;11;2;3;2;6;0;0;1;0;0;0;0;0;798922,5228;5827792,321;13,40643;52,51808\
201049;11;12;12231102;Frohnau;2019;11;11;2;3;5;2;0;0;1;0;0;0;1;0;790288,7213;5840142,082;13,29036;52,63346\
201050;11;12;12224230;Heiligensee;2019;11;10;2;3;5;7;0;1;1;0;0;0;0;0;786712,2516;5837146,258;13,23506;52,6085\
201051;11;3;3071537;Kollwitzplatz;2019;11;10;2;3;5;2;0;1;0;0;0;1;0;0;799858,4097;5829810,586;13,422;52,53566\
201052;11;6;6040809;Thielallee;2019;11;9;2;2;5;2;0;1;0;0;0;1;0;0;792367,1162;5820767,916;13,30393;52,45866\
201053;11;1;1011102;Gro\'dfer Tiergarten;2019;11;19;2;3;2;6;2;0;1;0;1;0;0;0;795188,9669;5826854,7;13,35073;52,51171\
201054;11;11;11030619;Fennpfuhl Ost;2019;11;9;2;3;5;2;0;0;1;0;0;1;0;0;803660,4039;5829508,678;13,4776;52,53085\
201055;11;7;7020201;Bayerischer Platz;2019;11;18;2;3;2;3;2;0;1;0;0;0;0;0;794962,1976;5824321,135;13,34516;52,48912\
201056;11;2;2040502;Friedenstra\'dfe;2019;11;18;2;3;3;3;2;0;1;0;0;0;0;0;801248,424;5827823,23;13,44063;52,51708\
201057;11;3;3030711;Blankenburg;2019;11;17;2;3;5;3;2;1;1;0;0;0;0;0;802510,776;5836828,166;13,46738;52,59709\
201058;11;3;3050920;Wei\'dfer See;2019;11;17;2;3;3;6;2;0;1;0;0;0;1;0;801888,2978;5831713,76;13,45356;52,55159\
201059;11;3;3040818;Pankow S\'fcd;2019;11;15;2;3;5;3;0;0;1;0;0;0;0;0;800030,7457;5832021,805;13,42653;52,55538\
201060;11;6;6010207;Mittelstra\'dfe;2019;11;15;2;3;0;6;1;0;1;0;0;0;1;0;794240,2511;5820273,491;13,33098;52,45322\
201061;11;9;9010302;Sp\'e4thsfelde;2019;11;15;2;3;5;3;0;0;1;0;0;0;0;0;804938,9082;5820712,547;13,48834;52,4513\
201062;11;1;1022103;Westhafen;2019;11;15;2;3;5;2;0;1;1;0;0;0;0;0;794577,312;5829787,053;13,34434;52,53833\
201063;11;10;10030725;Buckower Ring;2019;11;15;2;3;5;3;0;1;1;0;0;0;0;0;809643,505;5828927,521;13,56499;52,52227\
201064;11;3;3061228;Erich-Weinert-Stra\'dfe;2019;11;15;2;3;5;2;0;1;1;0;0;0;0;0;800193,9661;5830930,274;13,42794;52,54551\
201065;11;10;10040932;Alt-Mahlsdorf;2019;11;13;2;3;2;2;0;0;1;0;1;0;0;0;813032,2089;5827682,596;13,6136;52,50918\
201066;11;9;9020802;K\'f6llnische Vorstadt;2019;11;13;2;3;2;6;0;0;1;0;0;0;0;0;810465,7068;5820310,748;13,56904;52,44458\
201067;11;5;5030833;Motardstra\'dfe;2019;11;12;2;3;5;3;0;0;1;0;0;0;0;0;789753,507;5828852,028;13,2726;52,53253\
201068;11;6;6010205;S\'fcdende;2019;11;21;1;3;5;3;2;0;1;0;0;0;0;1;795342,0816;5819978,977;13,34689;52,44999\
201069;11;1;1033102;Gesundbrunnen;2019;11;20;1;3;2;6;2;0;1;0;0;0;0;0;797124,2183;5831418,597;13,38324;52,55157\
201070;11;7;7020201;Bayerischer Platz;2019;11;19;1;2;0;7;2;0;0;1;0;0;1;0;794970,1046;5823982,719;13,34497;52,48608\
201071;11;6;6020411;Sch\'fctte-Lanz-Stra\'dfe;2019;11;17;1;3;5;2;2;0;1;0;1;0;0;0;793603,1797;5815904,78;13,3178;52,4144\
201072;11;8;8020625;Handwerker-Siedlung;2019;11;17;1;3;6;2;2;0;1;1;0;0;0;1;801372,6263;5819251,571;13,43471;52,44018\
201073;11;5;5010206;G\'fctersloher Weg;2019;11;14;1;3;5;2;0;1;1;0;0;0;0;0;782195,1399;5830532,432;13,1629;52,55156\
201074;11;12;12301203;Wittenau S\'fcd;2019;11;13;1;3;3;6;0;1;0;0;0;0;0;0;793107,6229;5835845,84;13,32809;52,59343\