OBJECTID;LAND;BEZ;LOR;STRASSE;UJAHR;UMONAT;USTUNDE;UWOCHENTAG;UKATEGORIE;UART;UTYP1;ULICHTVERH;IstRad;IstPKW;IstFuss;IstKrad;IstGkfz;IstSonstige;USTRZUSTAND;LINREFX;LINREFY;XGCSWGS84;YGCSWGS84\
201075;11;1;1011105;N\'f6rdlicher Landwehrkanal;2019;11;14;1;3;2;6;0;0;1;0;1;0;0;0;795832,9006;5826686,249;13,36004;52,50985\
201076;11;3;3040513;Sch\'f6nholz;2019;11;13;1;3;2;6;0;0;1;0;0;0;1;0;796824,5646;5833932,685;13,38109;52,57427\
201077;11;5;5010103;Amorbacher Weg;2019;11;13;1;2;0;2;0;0;1;0;0;0;1;0;784592,0584;5831084,026;13,19863;52,55526\
201078;11;2;2040703;Wriezener Bahnhof/Entwicklungsgebiet;2019;11;11;1;2;6;4;0;0;1;1;0;0;0;0;801185,7891;5827290,77;13,43923;52,51234\
201079;11;3;3050925;Komponistenviertel Wei\'dfensee;2019;11;11;1;3;5;3;0;0;1;0;0;0;0;0;802315,242;5831336,445;13,4595;52,54797\
201080;11;11;11010309;Zingster Stra\'dfe West;2019;11;10;1;2;0;1;0;0;0;0;1;0;0;1;804637,4801;5833418,418;13,49555;52,56534\
201081;11;1;1022104;Emdener Stra\'dfe;2019;11;7;1;3;2;6;0;0;1;0;0;0;0;0;794222,0056;5828443,14;13,33793;52,52647\
201082;11;7;7060601;Marienfelder Allee Nordwest;2019;11;5;1;3;6;7;2;0;1;1;1;0;0;1;795961,4677;5816391,104;13,3528;52,41749\
201083;11;3;3061131;Falkplatz;2019;11;0;1;3;0;5;2;0;0;0;1;0;1;1;798944,0631;5830383,827;13,40907;52,5413\
201084;11;11;11030721;R\'fcdigerstra\'dfe;2019;11;18;7;2;5;3;2;0;1;0;1;0;0;1;804999,475;5828429,571;13,49629;52,52043\
201085;11;4;4051549;Rathaus Wilmersdorf;2019;11;15;7;3;5;3;0;0;1;1;0;0;0;0;793302,8653;5823637,435;13,32019;52,48388\
201086;11;1;1011103;L\'fctzowstra\'dfe;2019;11;17;7;3;1;5;2;1;1;0;0;0;0;1;796060,8033;5825727,852;13,36254;52,50113\
201087;11;5;5030730;Zitadellenweg;2019;11;17;7;3;2;7;2;0;1;0;0;0;0;1;786669,3446;5829266,372;13,22762;52,53787\
201088;11;1;1033101;Soldiner Stra\'dfe;2019;11;17;7;3;2;2;2;0;1;0;0;0;0;1;797564,8748;5832745,714;13,39091;52,56322\
201089;11;8;8010404;Rixdorf;2019;11;16;7;3;5;2;2;1;1;0;0;0;0;1;801820,7531;5823620,622;13,44523;52,47909\
201090;11;4;4010101;Jungfernheide;2019;11;15;7;2;5;2;0;0;1;0;0;0;0;1;791284,958;5830676,183;13,29672;52,54807\
201091;11;11;11020412;Hauptstra\'dfe;2019;11;20;7;3;9;1;2;0;1;0;0;0;0;1;805623,9967;5831593,653;13,50838;52,54843\
201092;11;9;9020501;Obersch\'f6neweide West;2019;11;14;7;3;5;2;0;0;1;0;0;0;0;1;806583,5704;5822763,856;13,51435;52,46876\
201093;11;8;8010214;Glasower Stra\'dfe;2019;11;14;7;3;5;2;0;0;1;0;0;0;0;1;802065,7254;5821982,647;13,44734;52,46427\
201094;11;1;1011402;Arkonaplatz;2019;11;14;7;3;6;2;0;0;1;1;0;0;0;1;798241,1396;5829625,078;13,39806;52,53488\
201095;11;6;6030610;Lichterfelde West;2019;11;14;7;3;5;3;0;0;1;0;0;0;0;1;792698,8979;5818055,682;13,30642;52,43417\
201096;11;5;5010310;Eckschanze;2019;11;19;7;2;0;1;2;0;0;0;1;0;0;1;784303,6978;5830577,844;13,19396;52,55087\
201097;11;1;1011101;St\'fclerstra\'dfe;2019;11;14;7;3;0;1;0;0;0;0;1;0;0;1;794604,2655;5826142,62;13,34151;52,50564\
201098;11;8;8010211;Flughafenstra\'dfe;2019;11;14;7;3;6;2;0;0;1;1;0;0;0;1;800451,6321;5823644,417;13,42515;52,48006\
201099;11;1;1044201;Reinickendorfer Stra\'dfe;2019;11;14;7;3;2;6;0;0;1;0;0;0;1;1;796869,7945;5831905,156;13,37994;52,55607\
201100;11;1;1011303;Alexanderplatzviertel;2019;11;18;7;2;1;5;2;0;1;0;0;0;0;0;798498,856;5828173,913;13,40054;52,52173\
201101;11;12;12214424;Scharnweberstra\'dfe;2019;11;18;7;3;5;7;2;0;1;0;0;0;0;1;792769,3133;5832752,83;13,32038;52,56589\
201102;11;1;1011302;Oranienburger Stra\'dfe;2019;11;13;7;3;5;3;0;1;1;0;0;0;0;1;798353,8433;5828355,121;13,39857;52,52344\
201103;11;7;7030302;Cecilieng\'e4rten;2019;11;18;7;3;0;6;2;0;0;0;1;0;1;1;794953,1629;5822485,036;13,3434;52,47266\
201104;11;7;7040404;Marienh\'f6he;2019;11;13;7;3;4;7;0;0;1;0;0;0;0;1;796367,5545;5819725,284;13,36171;52,44716\
201105;11;8;8010301;Reuterkiez;2019;11;12;7;3;3;6;0;0;1;0;1;0;0;1;801076,7022;5824169,468;13,4348;52,48442\
201106;11;9;9020502;Obersch\'f6neweide Ost;2019;11;12;7;3;5;2;0;0;1;0;0;0;0;1;808323,0873;5821628,949;13,53883;52,45761\
201107;11;8;8020622;Parchimer Allee;2019;11;11;7;3;2;6;0;0;1;0;0;0;0;1;802484,4367;5820682,083;13,45231;52,45239\
201108;11;8;8010118;Silbersteinstra\'dfe;2019;11;11;7;3;2;6;0;0;1;0;0;0;0;1;801013,6127;5822138,14;13,43204;52,46625\
201109;11;5;5030731;Gartenfelder Stra\'dfe;2019;11;0;7;3;1;1;2;0;1;0;0;0;1;1;786889,3553;5830105,081;13,23158;52,54528\
201110;11;2;2040703;Wriezener Bahnhof/Entwicklungsgebiet;2019;11;0;7;3;0;1;2;1;0;0;0;0;0;1;801953,5809;5826797,987;13,45006;52,5075\
201111;11;6;6030610;Lichterfelde West;2019;11;23;7;3;5;2;2;0;1;0;0;0;0;1;792934,5674;5817747,022;13,30961;52,43128\
201112;11;1;1011306;Heine-Viertel Ost;2019;11;23;7;3;1;5;2;1;1;0;0;0;1;0;799793,6513;5826996,673;13,41851;52,51047\
201113;11;2;2050803;Stralauer Kiez;2019;11;22;7;3;5;2;2;1;1;0;0;0;0;1;803118,7159;5826178,995;13,46661;52,5013\
201114;11;12;12214125;Waldidyll/Flughafensee;2019;11;22;7;3;2;6;2;0;1;0;0;0;0;0;790331,0074;5833693,1;13,28533;52,57562\
201115;11;1;1033201;Brunnenstra\'dfe;2019;11;21;7;2;6;2;2;0;1;1;0;0;0;0;797899,0164;5830307,316;13,39364;52,54118\
201116;11;5;5020626;Adamstra\'dfe;2019;11;21;7;2;2;6;2;0;1;0;0;0;0;1;784730,143;5827537,938;13,19762;52,52339\
201117;11;2;2020206;Graefekiez;2019;11;21;7;3;2;6;2;0;1;0;0;0;0;1;799505,0538;5824517,584;13,41204;52,48841\
201118;11;1;1022206;L\'fcneburger Stra\'dfe;2019;11;18;7;3;0;1;2;1;0;0;0;0;0;1;796097,8628;5828420,433;13,36548;52,52525\
201119;11;1;1033203;Humboldthain Nordwest;2019;11;11;6;3;5;2;0;1;1;0;0;0;0;0;796300,4186;5830596,309;13,3704;52,54465\
201120;11;10;10020517;Adele-Sandrock-Stra\'dfe;2019;11;23;6;3;1;5;2;0;1;0;0;1;0;1;812348,2805;5830464,7;13,60617;52,5345\
201121;11;4;4030930;George-Grosz-Platz;2019;11;23;6;3;5;3;2;0;1;0;0;0;0;1;793139,2814;5825759,835;13,31965;52,503\
201122;11;2;2010104;Wassertorplatz;2019;11;22;6;3;2;6;2;0;1;0;0;0;0;1;799702,9609;5825677,672;13,41599;52,4987\
201123;11;10;10040933;Mahlsdorf S\'fcd;2019;11;22;6;2;4;6;2;0;1;0;0;0;0;1;812906,0506;5826024,812;13,61019;52,4944\
201124;11;5;5020521;D\'f6beritzer Weg;2019;11;21;6;3;5;2;2;0;1;0;0;0;0;1;779594,0451;5827829,955;13,12236;52,52867\
201125;11;9;9010202;K\'f6penicker Landstra\'dfe;2019;11;20;6;3;5;2;2;0;1;0;0;0;0;1;804100,3721;5823589,305;13,47866;52,47755\
201126;11;2;2020206;Graefekiez;2019;11;20;6;3;6;2;2;0;1;1;0;0;0;1;800273,0474;5824361,163;13,42318;52,48658\
201127;11;1;1033203;Humboldthain Nordwest;2019;11;19;6;2;6;4;2;0;1;1;0;0;0;1;796486,0067;5830109,171;13,37269;52,54018\
201128;11;5;5020625;Borkumer Stra\'dfe;2019;11;19;6;3;5;2;2;0;1;0;1;0;0;1;783787,4466;5828687,167;13,18475;52,53419\
201129;11;6;6010205;S\'fcdende;2019;11;18;6;3;5;3;2;0;1;0;0;0;0;1;796293,827;5819677,495;13,36059;52,44677\
201130;11;12;12301203;Wittenau S\'fcd;2019;11;18;6;3;5;3;2;0;1;0;1;0;0;0;793021,4875;5835689,067;13,32668;52,59207\
201131;11;12;12214424;Scharnweberstra\'dfe;2019;11;18;6;2;6;7;1;0;1;1;0;0;0;0;793211,0172;5832607,18;13,32674;52,56434\
201132;11;3;3040818;Pankow S\'fcd;2019;11;10;6;3;5;2;0;0;1;0;1;0;0;0;798883,545;5832696,67;13,41026;52,56206\
201133;11;2;2020204;Urbanstra\'dfe;2019;11;9;6;3;3;6;0;0;1;0;0;0;0;0;798878,0849;5825085,692;13,40334;52,49384\
201134;11;11;11020515;Landsberger Allee;2019;11;14;6;2;6;4;0;0;0;1;0;1;0;0;803356,6263;5830041,198;13,47363;52,53579\
201135;11;5;5020523;Maulbeerallee;2019;11;9;6;3;5;5;0;0;1;0;0;0;0;0;782716,6464;5827148,665;13,16769;52,52095\
201136;11;3;3040512;Wilhelmsruh;2019;11;14;6;3;5;3;0;0;1;0;0;0;0;0;796299,4538;5835140,527;13,37444;52,58538\
201137;11;8;8010117;Schillerpromenade;2019;11;13;6;3;5;2;0;1;1;0;0;0;0;0;800620,1589;5823111,122;13,42715;52,47519\
201138;11;12;12214422;Klixstra\'dfe;2019;11;8;6;3;1;5;0;0;1;0;0;0;0;0;791553,3695;5833009,621;13,30271;52,56884\
201139;11;8;8010212;Rollberg;2019;11;11;6;3;1;7;0;0;1;0;0;0;0;0;801135,4287;5823069,103;13,43467;52,47453\
201140;11;4;4030519;Kaiserin-Augusta-Allee;2019;11;11;6;3;5;3;0;0;1;0;1;0;0;0;792084,9635;5828429,938;13,30651;52,5275\
201141;11;2;2020206;Graefekiez;2019;11;11;6;3;2;6;0;0;1;0;0;0;0;0;800161,2545;5824413,026;13,42158;52,48711\
201142;11;2;2040502;Friedenstra\'dfe;2019;11;8;6;3;5;3;0;1;0;0;1;0;0;0;800454,1585;5828240,336;13,42934;52,52125\
201143;11;7;7070702;Alt-Lichtenrade/T\'f6pchiner Weg;2019;11;7;6;3;5;3;0;1;1;0;0;0;0;0;799994,8396;5814594,18;13,41032;52,39919\
201144;11;7;7060604;Marienfelde S\'fcd;2019;11;6;6;3;0;2;1;1;1;0;0;0;0;0;795882,6223;5816014,105;13,35131;52,41415\
201145;11;5;5010314;Carl-Schurz-Stra\'dfe;2019;11;6;6;3;9;1;2;0;1;0;0;0;0;0;784801,8195;5828811,554;13,19977;52,53478\
201146;11;11;11030618;Fennpfuhl West;2019;11;17;6;2;6;4;2;0;1;1;0;0;0;0;803852,3769;5828731,485;13,47972;52,52377\
201147;11;4;4030725;Amtsgerichtsplatz;2019;11;17;6;3;1;5;2;1;1;0;0;0;0;1;791795,4684;5826260,313;13,30035;52,50821\
201148;11;4;4020314;Messegel\'e4nde;2019;11;17;6;3;3;2;2;0;1;0;0;1;0;1;790429,1544;5825932,918;13,27999;52,506\
201149;11;8;8010303;Donaustra\'dfe;2019;11;17;6;3;6;4;2;0;0;1;0;0;1;0;801041,992;5823879,374;13,43403;52,48184\
201150;11;12;12304314;Ziekowstra\'dfe/Freie Scholle;2019;11;16;6;3;5;2;1;1;1;0;0;0;0;1;790240,5826;5835862,825;13,2859;52,59512\
201151;11;8;8010118;Silbersteinstra\'dfe;2019;11;16;6;3;1;5;2;1;1;0;0;0;0;0;801061,3401;5822020,669;13,43264;52,46517\
201152;11;8;8041036;Zittauer Stra\'dfe;2019;11;13;6;3;6;4;0;0;1;1;0;0;0;0;805181,6783;5817175,726;13,48868;52,41946\
201153;11;1;1033101;Soldiner Stra\'dfe;2019;11;16;6;3;6;4;1;0;1;1;0;0;0;1;796661,9049;5832021,06;13,37698;52,55722\
201154;11;5;5010314;Carl-Schurz-Stra\'dfe;2019;11;15;6;3;2;7;1;1;1;0;0;0;0;1;783601,6574;5829157,638;13,18242;52,5385\
201155;11;5;5020524;Weinmeisterhornweg;2019;11;16;6;3;6;2;1;0;1;1;0;0;0;1;782890,2733;5826890,297;13,17003;52,51854\
201156;11;2;2030302;Lausitzer Platz;2019;11;9;6;3;3;5;0;1;1;0;0;0;0;0;800897,051;5825927,218;13,43375;52,50028\
201157;11;3;3020209;Niedersch\'f6nhausen;2019;11;15;6;3;1;5;0;1;1;0;0;0;0;0;797873,8708;5835264,958;13,39772;52,58564\
201158;11;4;4031032;Halensee;2019;11;15;6;3;5;2;1;0;1;0;0;0;0;0;791451,4327;5825070,209;13,29425;52,49772\
201159;11;3;3061131;Falkplatz;2019;11;15;6;3;5;3;0;1;1;0;0;0;0;0;798892,7114;5830385,953;13,40832;52,54134\
201160;11;9;9051801;Rahnsdorf/Hessenwinkel;2019;11;15;6;3;5;3;0;1;1;0;0;0;0;0;818580,3739;5820448,514;13,68816;52,44115\
201161;11;1;1022106;Elberfelder Stra\'dfe;2019;11;15;6;3;2;6;0;1;1;0;0;0;0;2;794263,7875;5828140,431;13,33827;52,52373\
201162;11;4;4030930;George-Grosz-Platz;2019;11;15;6;3;5;2;0;1;0;0;1;0;0;0;793278,1215;5825411,644;13,32138;52,4998\
201163;11;2;2040701;Andreasviertel;2019;11;16;5;3;6;4;1;0;1;1;0;0;0;1;801066,2167;5827134,985;13,43733;52,51101\
201164;11;1;1011105;N\'f6rdlicher Landwehrkanal;2019;11;8;5;3;0;5;1;1;1;0;0;0;0;0;796831,3186;5826603,606;13,37464;52,50857\
201165;11;2;2010104;Wassertorplatz;2019;11;20;5;3;2;2;2;0;1;0;0;0;0;0;799859,4353;5825691,176;13,4183;52,49873\
201166;11;10;10010311;Landsberger Tor;2019;11;20;5;3;9;1;2;0;1;0;0;0;0;0;810682,357;5832013,312;13,58313;52,54933\
201167;11;12;12302107;Schorfheidestra\'dfe;2019;11;19;5;3;6;2;2;0;1;1;0;0;0;0;794398,811;5836235,235;13,34744;52,59622\
201168;11;8;8010212;Rollberg;2019;11;17;5;3;0;6;2;0;1;0;0;0;1;0;800755,7089;5823437,488;13,42943;52,47804\
201169;11;11;10010203;Gewerbegebiet Bitterfelder Stra\'dfe;2019;11;17;5;3;2;6;2;0;1;0;0;0;0;0;806923,6162;5832608,08;13,52842;52,55679\
201170;11;1;1033203;Humboldthain Nordwest;2019;11;17;5;3;6;2;2;0;1;1;0;0;0;0;796818,0285;5831272,817;13,37861;52,55043\
201171;11;6;6010102;Schlo\'dfstra\'dfe;2019;11;17;5;3;3;2;1;1;1;0;0;0;0;0;793359,9901;5821256,913;13,31893;52,46251\
201172;11;11;11051332;Karlshorst S\'fcd;2019;11;16;5;3;0;2;2;0;1;0;0;0;1;0;807234,095;5824085,002;13,52512;52,48024\
201173;11;2;2030301;Oranienplatz;2019;11;18;5;3;3;5;2;1;1;0;0;0;0;0;799875,2963;5825885,681;13,41871;52,50047\
201174;11;1;1011203;Unter den Linden S\'fcd;2019;11;15;5;3;2;2;0;1;1;0;0;0;0;0;798212,6297;5827423,525;13,39566;52,51516\
201175;11;1;1044202;Sparrplatz;2019;11;15;5;3;2;2;0;0;1;0;0;0;0;0;795999,9434;5830329,622;13,36574;52,54242\
201176;11;9;9020501;Obersch\'f6neweide West;2019;11;14;5;3;2;6;0;0;1;0;0;0;0;0;806255,3782;5822165,696;13,50899;52,46358\
201177;11;7;7010102;Nollendorfplatz;2019;11;17;5;3;5;2;2;0;1;0;1;0;0;0;794958,352;5825655,239;13,34628;52,50108\
201178;11;9;9031101;Gr\'fcnau;2019;11;17;5;3;5;2;2;0;1;0;0;0;1;0;812120,7606;5816649,088;13,5899;52,41083\
201179;11;3;3020209;Niedersch\'f6nhausen;2019;11;13;5;2;5;3;0;0;1;0;0;0;0;2;797871,133;5836026,165;13,39837;52,59246\
201180;11;6;6040804;Krumme Lanke;2019;11;17;5;2;1;5;2;1;1;0;0;0;0;1;787504,094;5817841,906;13,23004;52,43501\
201181;11;12;12304314;Ziekowstra\'dfe/Freie Scholle;2019;11;12;5;3;2;6;0;0;1;0;0;0;0;0;790580,3798;5835965,4;13,29099;52,59586\
201182;11;2;2040502;Friedenstra\'dfe;2019;11;12;5;3;4;6;0;1;0;0;0;0;1;0;800502,4139;5828451,689;13,43024;52,52312\
201183;11;4;4030519;Kaiserin-Augusta-Allee;2019;11;8;5;3;6;7;0;0;0;1;0;0;1;0;792429,2703;5828256,074;13,31141;52,52576\
201184;11;11;11030720;Herzbergstra\'dfe;2019;11;8;5;3;0;2;0;1;1;0;0;0;0;0;805112,9423;5829102,196;13,49858;52,52639\
201185;11;1;1011102;Gro\'dfer Tiergarten;2019;11;8;5;3;1;5;0;1;1;0;0;0;1;1;796675,3947;5827892,445;13,3735;52,5202\
201186;11;4;4041344;R\'fcdesheimer Platz;2019;11;7;5;3;5;3;0;1;1;0;0;0;0;0;793067,1138;5822164,334;13,31543;52,4708\
201187;11;3;3040513;Sch\'f6nholz;2019;11;7;5;3;2;1;0;0;1;0;0;0;0;1;796746,0904;5834025,182;13,38001;52,57514\
201188;11;7;7040403;Manteuffelstra\'dfe;2019;11;7;5;3;5;2;0;1;1;0;0;0;0;0;797261,1767;5820737,602;13,37572;52,45575\
201189;11;5;5010206;G\'fctersloher Weg;2019;11;5;5;3;6;4;2;0;0;1;0;0;1;1;781244,714;5830772,178;13,14912;52,5542\
201190;11;6;6030501;Berlepschstra\'dfe;2019;11;14;4;3;6;4;0;0;1;1;0;0;0;0;787679,8252;5816448,706;13,23142;52,42242\
201191;11;1;1011204;Leipziger Stra\'dfe;2019;11;8;4;3;5;3;0;1;1;0;0;0;0;1;798030,202;5826600,304;13,39225;52,50788\
201192;11;7;7050501;Rathausstra\'dfe;2019;11;8;4;2;0;5;0;0;1;0;0;0;1;1;796828,3353;5819571,926;13,36833;52,44554\
201193;11;1;1022207;Hansaviertel;2019;11;9;4;3;5;2;0;1;1;0;0;0;0;1;794264,5656;5827283,128;13,33753;52,51605\
201194;11;11;11020513;Orankesee;2019;11;8;4;3;6;4;0;0;1;1;0;0;0;1;802856,8305;5831360,804;13,46748;52,54789\
201195;11;8;8010117;Schillerpromenade;2019;11;8;4;3;3;6;0;0;1;0;0;1;0;1;800519,7025;5823425,441;13,42595;52,47806\
201196;11;10;10020415;Hellersdorfer Promenade;2019;11;8;4;3;5;2;0;0;1;0;0;0;812083,7893;Hellersdorfer Promenade;5831815,307;13,60354728;52,54675821;1\
201197;11;10;10030724;Oberfeldstra\'dfe;2019;11;7;4;3;6;2;1;0;1;1;0;0;0;1;809641,6151;5829674,516;13,56565;52,52897\
201198;11;3;3050920;Wei\'dfer See;2019;11;6;4;3;0;3;0;0;1;0;1;0;0;1;801941,4468;5832570,497;13,45512;52,55924\
201199;11;11;11020412;Hauptstra\'dfe;2019;11;6;4;3;5;2;2;1;1;0;0;0;0;1;805764,6651;5831835,64;13,51067;52,55052\
201200;11;4;4051551;Brabanter Platz;2019;11;1;4;3;5;2;2;0;1;0;0;0;1;1;792824,1521;5823228,332;13,3128;52,48047\
201201;11;6;6020409;K\'f6nigsberger Stra\'dfe;2019;11;23;4;3;8;1;2;0;1;0;0;0;0;0;793302,8212;5816962,259;13,31432;52,42404\
201202;11;7;7050505;Hundsteinweg;2019;11;18;4;3;0;2;2;0;1;0;1;0;0;1;799272,4137;5819056,058;13,40373;52,43958\
201203;11;4;4030725;Amtsgerichtsplatz;2019;11;20;4;3;0;5;2;0;1;0;1;0;0;1;791851,9266;5826101,299;13,30104;52,50675\
201204;11;1;1033202;Humboldthain S\'fcd;2019;11;6;4;3;0;5;2;0;1;0;0;0;1;1;797686,343;5829637,847;13,38991;52,5353\
201205;11;9;9020802;K\'f6llnische Vorstadt;2019;11;17;4;3;5;2;2;1;1;0;0;0;0;1;809796,3605;5820483,126;13,55938;52,44651\
201206;11;2;2030301;Oranienplatz;2019;11;16;4;3;0;5;1;1;1;0;0;0;0;1;800029,2933;5825521,607;13,42064;52,49712\
201207;11;1;1022201;Stephankiez;2019;11;18;4;3;6;7;2;0;0;1;0;0;1;1;795912,3403;5828853,251;13,36314;52,52923\
201208;11;3;3051017;Rennbahnstra\'dfe;2019;11;16;4;2;6;2;2;0;1;1;0;0;0;1;802909,9391;5833159,466;13,4699;52,56398\
201209;11;3;3040818;Pankow S\'fcd;2019;11;16;4;2;5;3;2;0;1;0;0;0;0;1;800023,4298;5832024,315;13,42642;52,55541\
201210;11;1;1033202;Humboldthain S\'fcd;2019;11;15;4;2;5;3;1;1;1;0;0;0;0;1;797759,2682;5829747,607;13,39108;52,53624\
201211;11;11;11041128;Sewanstra\'dfe;2019;11;15;4;3;5;3;0;1;1;0;0;0;0;1;806507,973;5825546,49;13,5158;52,49374\
201212;11;1;1011305;Heine-Viertel West;2019;11;19;4;3;5;2;2;0;1;0;0;0;1;1;799650,5687;5827044,16;13,41645;52,51097\
201213;11;1;1044203;Leopoldplatz;2019;11;15;4;3;2;6;0;0;1;0;0;0;0;1;795195,424;5831365,204;13,35483;52,55214\
201214;11;12;12214424;Scharnweberstra\'dfe;2019;11;15;4;3;5;3;0;0;1;0;0;0;0;1;793389,51;5832514,299;13,32929;52,56341\
201215;11;11;11040925;Victoriastadt;2019;11;14;4;3;5;3;0;1;1;0;0;0;0;1;803456,2488;5826558,441;13,47191;52,50452\
201216;11;2;2050802;Boxhagener Platz;2019;11;14;4;2;6;4;0;0;1;1;0;0;0;1;802046,3098;5826911,441;13,45152;52,50846\
201217;11;9;9020702;Adlershof Ost;2019;11;13;4;3;3;6;0;1;0;0;0;0;1;1;808959,2229;5819389,59;13,54609;52,43718\
201218;11;7;7040401;Neu-Tempelhof;2019;11;13;4;3;1;5;0;1;1;0;0;0;0;1;796932,8313;5823518,938;13,37338;52,48086\
201219;11;3;3040512;Wilhelmsruh;2019;11;13;4;3;5;3;0;0;1;0;0;0;0;1;796970,2816;5835826,704;13,38493;52,59116\
201220;11;11;11051330;Karlshorst West;2019;11;11;4;3;5;3;0;0;1;0;1;0;0;1;807312,3469;5825365,486;13,52745;52,49167\
201221;11;8;8010405;Hertzbergplatz;2019;11;11;4;3;5;3;0;1;1;0;0;0;0;1;802114,9938;5823638,89;13,44957;52,47909\
201222;11;6;6030605;Botanischer Garten;2019;11;10;4;3;2;6;0;0;1;0;1;0;0;1;792139,057;5819531,487;13,2995;52,4477\
201223;11;10;10040830;Kaulsdorf S\'fcd;2019;11;9;4;2;5;3;0;0;1;0;0;0;0;1;810562,2767;5825072,59;13,57489;52,4872\
201224;11;1;1011304;Karl-Marx-Allee;2019;11;8;4;3;5;2;0;1;1;0;0;0;0;1;799727,2583;5827762,843;13,41822;52,51737\
201225;11;1;1011301;Charit\'e9viertel;2019;11;16;4;3;0;1;2;0;0;0;1;0;0;1;797630,2891;5828236,028;13,38783;52,52276\
201226;11;6;6010210;Bismarckstra\'dfe;2019;11;9;3;3;6;7;0;0;1;1;0;0;0;0;795224,3218;5821146,867;13,34619;52,46052\
201227;11;2;2050801;Traveplatz;2019;11;17;3;3;0;7;2;0;0;0;1;0;0;1;802383,0087;5827444,913;13,45695;52,51306\
201228;11;1;1022104;Emdener Stra\'dfe;2019;11;21;3;3;1;5;2;1;1;0;0;0;0;0;794135,1221;5828462,447;13,33667;52,52669\
201229;11;7;7030303;Grazer Platz;2019;11;20;3;3;1;6;2;0;1;0;0;0;0;0;795117,4749;5821327,907;13,34479;52,4622\
201230;11;1;1011105;N\'f6rdlicher Landwehrkanal;2019;11;18;3;3;5;2;2;0;1;0;1;0;0;1;795583,4645;5826668,569;13,35636;52,50983\
201231;11;2;2030301;Oranienplatz;2019;11;19;3;2;6;4;2;0;1;1;0;0;0;1;800097,788;5825908,514;13,422;52,50055\
201232;11;11;11030619;Fennpfuhl Ost;2019;11;19;3;3;2;6;2;0;1;0;0;0;0;1;803606,1567;5829765,502;13,47704;52,53318\
201233;11;7;7040403;Manteuffelstra\'dfe;2019;11;22;3;3;5;2;2;0;1;0;1;0;0;0;797851,3891;5822205,669;13,38569;52,46859\
201234;11;12;12103117;Letteplatz;2019;11;21;3;3;6;2;2;0;1;1;0;0;0;1;796337,151;5832502,892;13,37264;52,56172\
201235;11;8;8010404;Rixdorf;2019;11;0;3;3;6;2;2;0;1;1;0;0;0;0;802163,9395;5823374,922;13,45004;52,4767\
201236;11;1;1011204;Leipziger Stra\'dfe;2019;11;11;3;3;6;7;0;0;1;1;0;0;0;1;798081,4189;5826800,689;13,39318;52,50965\
201237;11;6;6020302;Komponistenviertel Lankwitz;2019;11;10;3;3;2;2;0;0;1;0;0;0;1;0;795052,127;5819045,092;13,34181;52,44177\
201238;11;3;3010101;Bucher Forst;2019;11;10;3;3;0;3;0;0;1;0;1;0;0;1;804240,8336;5841815,087;13,49743;52,64082\
201239;11;8;8010301;Reuterkiez;2019;11;10;3;3;1;5;0;1;1;0;0;0;0;0;801480,4253;5823921,508;13,44051;52,48198\
201240;11;1;1011102;Gro\'dfer Tiergarten;2019;11;9;3;3;6;4;0;1;0;1;0;0;0;1;796537,7383;5827813,357;13,3714;52,51957\
201241;11;3;3030406;Alt-Karow;2019;11;9;3;2;0;2;0;0;1;0;0;0;1;0;803225,1865;5838044,899;13,47901;52,60759\
201242;11;3;3050923;Wei\'dfenseer Spitze;2019;11;9;3;3;0;1;0;0;0;0;1;0;0;0;800881,3613;5831615,146;13,43867;52,55127\
201243;11;8;8030831;Gropiusstadt Ost;2019;11;8;3;3;5;3;0;0;1;0;0;0;0;1;803357,677;5817393,021;13,46213;52,42242\
201244;11;3;3050923;Wei\'dfenseer Spitze;2019;11;8;3;2;0;3;0;1;1;0;0;0;0;1;800680,7677;5831567,299;13,43568;52,55095\
201245;11;6;6010206;Stadtpark;2019;11;8;3;2;6;4;0;0;1;1;0;0;0;1;795010,1833;5819657,662;13,34174;52,44729\
201246;11;7;7020203;Kaiser-Wilhelm-Platz;2019;11;7;3;3;6;4;0;0;1;1;0;0;0;0;795665,1163;5824476,74;13,35562;52,49013\
201247;11;1;1044201;Reinickendorfer Stra\'dfe;2019;11;8;3;3;0;4;0;0;0;1;1;0;0;1;796222,5112;5830762,874;13,3694;52,54618\
201248;11;2;2020203;Viktoriapark;2019;11;7;3;3;1;5;0;0;1;0;0;0;0;0;796995,1244;5824255,063;13,37495;52,48742\
201249;11;11;11010310;M\'fchlengrund;2019;11;7;3;3;5;2;0;1;0;0;0;0;1;0;805538,7203;5833408,496;13,5088;52,56475\
201250;11;11;11030618;Fennpfuhl West;2019;11;7;3;3;0;1;0;1;0;0;0;0;0;1;802899,8843;5829212,583;13,46616;52,52861\
201251;11;11;11030618;Fennpfuhl West;2019;11;6;3;3;5;2;1;1;0;0;0;0;0;0;803850,7161;5828776,416;13,47973;52,52418\
201252;11;3;3040614;Pankow Zentrum;2019;11;2;3;3;8;1;2;0;1;0;0;0;0;1;799521,3837;5833955,3;13,42078;52,57299\