OBJECTID;LAND;BEZ;LOR;STRASSE;UJAHR;UMONAT;USTUNDE;UWOCHENTAG;UKATEGORIE;UART;UTYP1;ULICHTVERH;IstRad;IstPKW;IstFuss;IstKrad;IstGkfz;IstSonstige;USTRZUSTAND;LINREFX;LINREFY;XGCSWGS84;YGCSWGS84\
201253;11;4;4010102;Pl\'f6tzensee;2019;11;18;3;3;0;1;2;1;0;0;0;0;0;0;792229,019;5830696,37;13,31062;52,54774\
201254;11;3;3040614;Pankow Zentrum;2019;11;17;3;3;0;1;1;0;0;0;1;0;0;1;799133,6344;5833866,376;13,415;52,57241\
201255;11;7;7020204;Sch\'f6neberger Insel;2019;11;17;3;3;0;1;2;0;0;0;1;0;0;1;796561,9071;5823810,98;13,36819;52,48368\
201256;11;12;12214125;Waldidyll/Flughafensee;2019;11;16;3;3;5;3;2;1;1;0;0;0;0;1;790737,3324;5833706,288;13,29132;52,57552\
201257;11;7;7020204;Sch\'f6neberger Insel;2019;11;16;3;3;3;6;0;0;1;0;1;0;0;1;796572,1307;5823846,104;13,36837;52,48399\
201258;11;11;11030721;R\'fcdigerstra\'dfe;2019;11;17;3;3;5;7;2;0;1;0;1;0;0;1;804271,0377;5827844,587;13,48506;52,51559\
201259;11;1;1011302;Oranienburger Stra\'dfe;2019;11;15;3;3;0;4;1;1;0;1;0;0;0;1;798755,6279;5828975,714;13,40504;52,52878\
201260;11;2;2040502;Friedenstra\'dfe;2019;11;15;3;3;5;2;1;1;1;0;0;0;0;1;801126,644;5828575,599;13,43952;52,52389\
201261;11;4;4041238;Kissinger Stra\'dfe;2019;11;15;3;3;5;2;0;1;1;0;0;0;0;1;791668,236;5823133,054;13,29574;52,48024\
201262;11;7;7050501;Rathausstra\'dfe;2019;11;15;3;3;1;5;0;0;1;0;0;0;0;0;797505,9035;5820130,965;13,37877;52,45018\
201263;11;2;2030301;Oranienplatz;2019;11;14;3;3;5;3;0;1;1;0;0;0;0;1;799912,0076;5825985,1;13,41934;52,50134\
201264;11;2;2020203;Viktoriapark;2019;11;14;3;2;5;2;0;1;1;0;0;0;0;1;797749,362;5824034,295;13,38583;52,48503\
201265;11;9;9010401;Johannisthal West;2019;11;16;3;3;2;6;2;0;1;0;0;0;0;0;806204,2505;5820292,678;13,50652;52,44683\
201266;11;1;1011203;Unter den Linden S\'fcd;2019;11;13;3;3;5;2;0;1;1;0;0;0;0;1;797775,827;5827350,948;13,38918;52,51475\
201267;11;1;1033201;Brunnenstra\'dfe;2019;11;12;3;3;5;3;0;0;1;0;1;0;0;0;797893,5844;5831001,197;13,39418;52,54741\
201268;11;6;6040810;Dahlem;2019;11;12;3;3;5;3;0;1;1;0;0;0;0;0;790574,1855;5819763,491;13,27674;52,45061\
201269;11;7;7010102;Nollendorfplatz;2019;11;12;3;3;0;1;0;0;0;0;1;0;0;1;795572,4943;5825157,458;13,35486;52,49629\
201270;11;3;3040614;Pankow Zentrum;2019;11;12;3;3;5;3;0;1;0;0;0;0;0;0;798695,6333;5833450,053;13,40818;52,56892\
201271;11;1;1022104;Emdener Stra\'dfe;2019;11;11;3;3;3;6;0;1;1;0;0;0;0;1;794513,3693;5828437,812;13,34221;52,52626\
201272;11;4;4041238;Kissinger Stra\'dfe;2019;11;5;3;3;1;5;2;1;1;0;0;0;0;0;791857,7281;5823626,719;13,29896;52,48456\
201273;11;1;1022201;Stephankiez;2019;11;22;2;3;0;1;2;0;0;0;1;0;0;1;795450,0132;5829550,365;13,35696;52,53573\
201274;11;1;1011305;Heine-Viertel West;2019;11;21;2;3;2;2;2;0;1;0;1;0;0;1;799457,329;5827067,3;13,41363;52,51129\
201275;11;1;1022207;Hansaviertel;2019;11;20;2;3;2;6;2;0;1;0;0;0;1;1;794201,4962;5827151,079;13,33648;52,5149\
201276;11;1;1044103;Westliche M\'fcllerstra\'dfe;2019;11;18;2;3;7;7;1;1;0;0;0;0;0;1;794721,0819;5830905,5;13,34745;52,54827\
201277;11;4;4030828;Savignyplatz;2019;11;19;2;3;6;4;2;0;1;1;0;0;0;1;792971,8323;5826025,483;13,31742;52,50547\
201278;11;1;1044202;Sparrplatz;2019;11;17;2;3;1;5;2;0;1;0;0;0;1;1;794793,1354;5829957,234;13,34767;52,53973\
201279;11;7;7050503;Eisenacher Stra\'dfe;2019;11;13;2;3;2;6;0;0;1;0;0;0;0;1;799196,2462;5820017,884;13,40347;52,44824\
201280;11;7;7010102;Nollendorfplatz;2019;11;14;2;3;6;4;0;0;1;1;0;0;0;0;794950,9521;5825382,271;13,34593;52,49864\
201281;11;12;12301205;Waidmannslust;2019;11;14;2;3;5;7;0;0;1;0;0;0;0;1;791450,8649;5836601,384;13,30436;52,60109\
201282;11;12;12103218;Teichstra\'dfe;2019;11;18;2;3;5;2;1;1;1;0;0;0;0;1;794845,7381;5833049,455;13,35119;52,56742\
201283;11;9;9051901;Dammvorstadt;2019;11;14;2;3;5;7;0;0;1;0;0;0;1;0;811202,1542;5821189,197;13,58066;52,45204\
201284;11;3;3050920;Wei\'dfer See;2019;11;14;2;3;6;4;0;0;1;1;0;0;0;1;802089,0595;5832462,103;13,4572;52,55819\
201285;11;12;12302107;Schorfheidestra\'dfe;2019;11;18;2;3;5;3;1;0;1;0;0;0;0;1;794374,32;5836231,585;13,34708;52,59621\
201286;11;4;4051448;Schaperstra\'dfe;2019;11;18;2;3;5;2;2;0;1;0;1;0;0;1;794203,5095;5824944,777;13,33456;52,49512\
201287;11;7;7050503;Eisenacher Stra\'dfe;2019;11;14;2;3;6;4;0;0;1;1;0;0;0;0;798112,3726;5819919,369;13,38748;52,44795\
201288;11;6;6030609;Augustaplatz;2019;11;18;2;3;5;2;2;1;1;0;0;0;0;1;793276,9057;5819084,813;13,3158;52,44308\
201289;11;5;5030730;Zitadellenweg;2019;11;18;2;3;2;6;2;0;1;0;0;0;0;1;786149,9491;5829143,192;13,21987;52,53704\
201290;11;2;2020203;Viktoriapark;2019;11;13;2;3;2;6;1;0;1;0;0;0;0;1;797117,7876;5824091,295;13,3766;52,48589\
201291;11;9;9010201;Am Treptower Park S\'fcd;2019;11;17;2;3;6;2;2;0;1;1;0;0;0;1;802657,269;5824415,366;13,45823;52,48575\
201292;11;1;1044203;Leopoldplatz;2019;11;13;2;3;0;3;0;0;1;0;1;0;0;1;795944,3268;5831560,657;13,36602;52,55348\
201293;11;7;7060603;Marienfelde Nordost;2019;11;13;2;3;1;5;0;0;1;0;0;0;0;0;797917,6226;5817153,796;13,38216;52,42327\
201294;11;3;3030406;Alt-Karow;2019;11;13;2;3;5;3;0;0;1;0;0;0;1;1;802868,9139;5838271,411;13,47397;52,60982\
201295;11;4;4051445;Eisenzahnstra\'dfe;2019;11;13;2;3;5;3;0;0;1;0;0;0;0;1;792194,0327;5824059,709;13,30427;52,48826\
201296;11;6;6020305;Gemeindepark Lankwitz;2019;11;12;2;2;5;3;0;1;1;0;0;0;0;1;796263,294;5817908,6;13,35857;52,43093\
201297;11;10;10040931;Mahlsdorf Nord;2019;11;12;2;3;0;3;0;0;1;0;0;0;0;1;813289,4941;5829072,118;13,61868;52,52148\
201298;11;1;1044203;Leopoldplatz;2019;11;16;2;3;6;4;2;0;1;1;0;0;0;1;795896,329;5831964,51;13,36567;52,55713\
201299;11;4;4020311;Reichsstra\'dfe;2019;11;15;4;2;6;7;0;0;1;1;0;0;0;0;789447,081;5826676,132;13,2662;52,51318\
201300;11;1;1022106;Elberfelder Stra\'dfe;2019;11;15;4;2;5;2;0;1;1;0;0;0;0;0;793680,171;5828001,177;13,32957;52,5228\
201301;11;12;12103218;Teichstra\'dfe;2019;11;16;2;3;1;5;1;1;0;0;0;0;1;0;794222,6294;5833326,462;13,34226;52,57025\
201302;11;8;8010508;Wei\'dfe Siedlung;2019;11;10;2;2;5;2;0;1;0;0;0;1;0;1;802753,7184;5822970,341;13,45833;52,47275\
201303;11;6;6030605;Botanischer Garten;2019;11;15;2;3;5;2;0;0;0;0;1;1;0;0;791751,3599;5819295,888;13,29361;52,44579\
201304;11;8;8010213;K\'f6rnerpark;2019;11;15;4;3;6;4;0;0;1;1;0;0;0;0;800993,9406;5822642,419;13,43221;52,47078\
201305;11;5;5030833;Motardstra\'dfe;2019;11;10;2;3;4;6;0;0;1;0;0;0;0;1;788076,7564;5829040,783;13,24812;52,53511\
201306;11;4;4030724;Lietzensee;2019;11;10;4;3;2;6;0;1;1;0;0;0;0;0;790600,6267;5825985,259;13,28255;52,50638\
201307;11;9;9020801;Spindlersfeld;2019;11;9;2;3;3;6;0;0;1;0;0;0;0;1;809743,8708;5820764,23;13,55887;52,44906\
201308;11;1;1022104;Emdener Stra\'dfe;2019;11;6;2;3;6;2;1;0;1;1;0;0;0;0;794554,5777;5829071,775;13,34337;52,53193\
201309;11;8;8010510;Gewerbegebiet K\'f6llnische Heide;2019;11;8;4;3;0;3;0;0;1;0;0;0;1;0;802549,3359;5822124,636;13,45457;52,46528\
201310;11;8;8041036;Zittauer Stra\'dfe;2019;11;8;2;3;5;3;0;1;1;0;0;0;0;1;805278,6227;5817252,071;13,49017;52,42009\
201311;11;6;6040810;Dahlem;2019;11;7;2;3;5;2;0;1;1;0;0;0;0;1;792369,4341;5820812,05;13,304;52,45906\
201312;11;9;9010302;Sp\'e4thsfelde;2019;11;7;2;3;2;6;0;0;1;0;0;0;0;1;803492,0184;5820687,938;13,4671;52,45188\
201313;11;12;12103117;Letteplatz;2019;11;8;4;3;5;2;0;0;1;0;0;0;0;0;795786,906;5832580,132;13,36461;52,56271\
201314;11;11;11041128;Sewanstra\'dfe;2019;11;6;2;3;5;2;1;0;1;0;1;0;0;1;806067,5933;5825805,775;13,50957;52,49631\
201315;11;1;1033203;Humboldthain Nordwest;2019;11;7;2;3;0;6;1;1;1;0;0;0;0;1;797298,573;5831152,484;13,38557;52,54909\
201316;11;11;11051330;Karlshorst West;2019;11;7;4;3;5;3;0;1;1;0;0;0;0;0;807228,0229;5824304,402;13,52523;52,4822\
201317;11;5;5020627;Tiefwerder;2019;11;7;2;3;5;2;0;0;1;0;0;0;1;1;785632,9421;5828030,249;13,21132;52,52734\
201318;11;10;10020622;Kaulsdorf Nord I;2019;11;6;4;2;5;2;2;0;1;0;1;0;0;0;811165,8587;5828366,984;13,58683;52,51638\
201319;11;7;7040402;Lindenhofsiedlung;2019;11;6;2;3;6;2;1;0;1;1;0;0;0;1;796809,0666;5821977,858;13,37019;52,46711\
201320;11;11;11040925;Victoriastadt;2019;11;6;2;3;6;4;2;0;0;1;1;0;0;1;803811,5301;5826269,52;13,47687;52,50173\
201321;11;1;1011102;Gro\'dfer Tiergarten;2019;11;8;4;3;2;3;0;1;0;0;0;0;0;0;795155,563;5827075,522;13,35044;52,51371\
201322;11;3;3061430;Volkspark Prenzlauer Berg;2019;11;16;4;3;5;2;2;1;0;0;0;0;1;0;801884,7892;5829850,555;13,45182;52,5349\
201323;11;12;12304314;Ziekowstra\'dfe/Freie Scholle;2019;11;13;1;3;0;7;0;0;0;0;1;0;0;1;790697,6335;5835383,492;13,2922;52,59058\
201324;11;12;12302109;Treuenbrietzener Stra\'dfe;2019;11;5;1;2;1;5;2;0;1;0;0;0;0;1;795866,4958;5836893,976;13,36963;52,60133\
201325;11;9;9010402;Johannisthal Ost;2019;11;11;3;3;5;7;0;0;0;0;0;0;1;0;806011,1572;5819743,788;13,50319;52,44201\
201326;11;1;1022106;Elberfelder Stra\'dfe;2019;11;10;3;3;2;2;0;0;1;0;0;0;0;0;793673,1709;5828112,642;13,32957;52,5238\
201327;11;2;2050802;Boxhagener Platz;2019;11;3;1;3;0;1;2;1;0;1;0;0;0;1;802658,9711;5826992,062;13,4606;52,50885\
201328;11;3;3020210;Herthaplatz;2019;11;1;1;3;2;6;2;0;1;0;1;0;0;1;800072,4531;5835852,374;13,43061;52,58969\
201329;11;8;8020622;Parchimer Allee;2019;11;17;1;3;2;7;2;0;1;0;0;0;0;1;802187,6865;5819292,75;13,4467;52,4401\
201330;11;2;2050801;Traveplatz;2019;11;10;3;3;5;2;0;1;0;0;0;0;1;0;803466,787;5827006,257;13,47248;52,50852\
201331;11;9;9041501;Altstadt Kietz;2019;11;17;1;3;0;1;2;1;0;0;0;0;0;1;810807,183;5820377,396;13,57411;52,44499\
201332;11;1;1033202;Humboldthain S\'fcd;2019;11;8;3;3;5;2;0;1;1;0;0;0;0;0;797530,2797;5829429,61;13,38743;52,53352\
201333;11;1;1033102;Gesundbrunnen;2019;11;15;1;3;5;3;0;1;1;0;0;0;0;1;797698,973;5831738,172;13,39198;52,55412\
201334;11;1;1044201;Reinickendorfer Stra\'dfe;2019;11;15;1;3;2;6;0;0;1;0;0;0;0;0;796440,3565;5831973,494;13,37368;52,55691\
201335;11;11;11051331;Karlshorst Nord;2019;11;8;3;3;5;3;0;0;1;0;0;0;1;0;807999,0728;5825553,25;13,5377;52,49296\
201336;11;3;3040513;Sch\'f6nholz;2019;11;15;1;3;5;3;0;1;1;0;0;0;0;1;797412,3571;5833971,488;13,38977;52,57429\
201337;11;5;5030833;Motardstra\'dfe;2019;11;14;1;3;0;7;0;0;0;0;1;0;0;1;789192,9262;5829306,21;13,26476;52,5369\
201338;11;1;1033101;Soldiner Stra\'dfe;2019;11;15;1;3;5;3;0;0;1;0;0;0;0;0;796410,011;5832009,174;13,37327;52,55725\
201339;11;5;5010339;Freiheit;2019;11;8;3;3;5;7;0;0;1;0;0;0;0;0;786810,6871;5828194,821;13,22877;52,52819\
201340;11;2;2040502;Friedenstra\'dfe;2019;11;8;3;3;2;6;0;0;1;0;0;0;0;0;800408,0264;5828006,175;13,42845;52,51918\
201341;11;3;3051017;Rennbahnstra\'dfe;2019;11;14;1;3;0;1;0;1;0;0;0;0;0;1;802252,3381;5833053,074;13,46014;52,5634\
201342;11;2;2050802;Boxhagener Platz;2019;11;6;1;3;1;5;2;0;1;0;0;0;0;1;802440,908;5826786,87;13,45721;52,50713\
201343;11;1;1011301;Charit\'e9viertel;2019;11;8;3;2;5;2;0;1;1;0;0;0;0;0;796898,817;5828889,314;13,37767;52,52902\
201344;11;6;6040807;Zehlendorf Eiche;2019;11;21;1;3;2;7;2;0;1;0;0;0;0;1;789829,8996;5818697,995;13,2649;52,44145\
201345;11;4;4030726;Droysenstra\'dfe;2019;11;19;5;3;6;2;2;0;1;1;0;0;0;1;792321,4281;5825370,776;13,30729;52,49995\
201346;11;5;5020523;Maulbeerallee;2019;11;18;5;3;5;3;2;0;0;0;1;0;0;1;782762,9652;5827471,63;13,16865;52,52382\
201347;11;12;12214424;Scharnweberstra\'dfe;2019;11;18;5;3;6;4;2;0;1;1;0;0;0;1;793204,9502;5832390,59;13,32646;52,5624\
201348;11;9;9010302;Sp\'e4thsfelde;2019;11;7;5;3;2;6;0;0;1;0;0;1;0;0;804015,5772;5821191,457;13,47523;52,4561\
201349;11;8;8020727;Buckow Mitte;2019;11;6;5;3;6;4;1;0;1;1;0;0;0;0;800686,5408;5816195,272;13,4219;52,41316\
201350;11;3;3061126;Arnimplatz;2019;11;5;5;3;6;4;2;0;1;1;0;0;0;1;798435,6999;5831740,81;13,40282;52,55374\
201351;11;5;5010314;Carl-Schurz-Stra\'dfe;2019;11;7;5;3;5;2;0;0;1;0;0;0;1;0;784819,226;5829147,346;13,20031;52,53778\
201352;11;3;3020307;Buchholz;2019;11;8;4;3;0;2;0;1;1;0;0;0;0;1;800154,6978;5836464,77;13,43237;52,59514\
201353;11;2;2040701;Andreasviertel;2019;11;21;4;3;5;3;2;0;1;0;0;0;0;1;800458,1783;5827591,768;13,42881;52,51544\
201354;11;11;11010310;M\'fchlengrund;2019;11;19;4;3;6;4;2;0;1;1;0;0;0;0;805340,102;5833267,724;13,50575;52,5636\
201355;11;3;3030406;Alt-Karow;2019;11;19;4;3;5;3;2;0;1;0;0;0;0;1;803468,0251;5838537,195;13,48304;52,61187\
201356;11;2;2020206;Graefekiez;2019;11;17;4;3;4;7;2;1;0;0;0;0;0;1;799690,4506;5825221,335;13,41539;52,49461\
201357;11;1;1033202;Humboldthain S\'fcd;2019;11;17;4;3;5;3;2;1;1;0;0;0;0;1;796971,3284;5830138,937;13,37985;52,54018\
201358;11;10;10040828;Kaulsdorf Nord;2019;11;17;4;3;5;3;2;0;1;0;0;1;0;1;812129,434;5828311,568;13,60093;52,51533\
201359;11;10;10010309;Springpfuhl;2019;11;17;4;3;5;2;2;1;1;0;0;0;0;1;808531,2864;5829984,174;13,54962;52,53237\
201360;11;5;5030731;Gartenfelder Stra\'dfe;2019;11;16;4;3;5;3;2;0;1;0;0;0;0;0;787940,2308;5830042,034;13,24698;52,54416\
201361;11;9;9010301;Baumschulenstra\'dfe;2019;11;22;4;3;0;1;2;0;0;0;0;0;1;0;804293,7782;5822764,649;13,48075;52,47005\
201362;11;8;8010118;Silbersteinstra\'dfe;2019;11;22;4;3;0;7;2;0;1;0;1;0;0;0;801044,9064;5822061,404;13,43243;52,46554\
201363;11;2;2020203;Viktoriapark;2019;11;19;4;3;0;2;2;0;1;0;1;0;0;1;797471,968;5824553,361;13,38222;52,48984\
201364;11;4;4051445;Eisenzahnstra\'dfe;2019;11;21;4;3;5;3;2;0;1;0;0;0;0;0;792435,4243;5824093,489;13,30785;52,48844\
201365;11;9;9020701;Adlershof West;2019;11;12;4;3;5;3;0;0;1;0;0;0;0;1;807818,2944;5818416,066;13,52847;52,4291\
201366;11;7;7060604;Marienfelde S\'fcd;2019;11;11;4;3;9;1;0;0;1;0;0;0;0;1;797581,119;5815565,231;13,37581;52,40921\
201367;11;8;8010404;Rixdorf;2019;11;10;4;3;2;6;0;1;1;0;0;0;0;1;802439,0736;5823196,956;13,45392;52,47495\
201368;11;1;1011202;Unter den Linden Nord;2019;11;10;4;2;2;6;0;1;1;0;0;0;0;1;797529,2153;5827586,68;13,38577;52,517\
201369;11;2;2050802;Boxhagener Platz;2019;11;10;4;3;5;7;0;1;1;0;0;0;0;1;802887,7992;5826678,811;13,46367;52,50591\
201370;11;8;8010301;Reuterkiez;2019;11;10;4;3;0;6;0;0;1;0;1;0;0;1;801628,0099;5824130,121;13,44286;52,48376\
201371;11;7;7050505;Hundsteinweg;2019;11;9;4;3;4;7;0;1;0;0;0;0;0;0;799073,3551;5818818,691;13,40059;52,43756\
201372;11;11;11020514;Gro\'dfe-Leege-Stra\'dfe;2019;11;9;4;3;6;4;0;0;1;1;0;0;0;1;804188,8522;5830668,246;13,48643;52,54094\
201373;11;5;5010101;Hakenfelde Nord;2019;11;8;4;3;0;1;0;0;0;0;1;0;0;1;785185,9736;5831351,745;13,2076;52,55735\
201374;11;4;4020313;K\'f6nigin-Elisabeth-Stra\'dfe;2019;11;8;4;2;6;4;0;0;0;1;1;0;0;1;790335,9028;5826677,885;13,27927;52,51273\
201375;11;4;4051446;Preu\'dfenpark;2019;11;8;4;2;6;2;0;0;0;1;0;1;0;1;792830,7101;5824334,191;13,31386;52,49038\
201376;11;4;4030827;Karl-August-Platz;2019;11;8;4;3;2;6;0;0;1;0;0;0;0;1;792015,3363;5825978,74;13,30333;52,50556\
201377;11;4;4030621;Spreestadt;2019;11;6;4;3;6;4;1;0;1;1;0;0;0;1;794162,1609;5827016,237;13,33579;52,51371\
201378;11;6;6030610;Lichterfelde West;2019;11;7;4;2;5;2;0;1;1;0;0;0;0;1;792761,353;5817958,289;13,30725;52,43326\
201379;11;7;7060604;Marienfelde S\'fcd;2019;11;7;4;3;3;6;2;0;1;0;0;1;0;1;797357,2763;5815535,572;13,37251;52,40907\
201380;11;4;4030518;Tegeler Weg;2019;11;7;4;3;5;2;0;0;1;0;0;0;1;1;791475,4752;5828279,733;13,29742;52,52648\
201381;11;9;9010302;Sp\'e4thsfelde;2019;11;16;4;2;5;3;2;1;1;0;0;0;0;0;805033,9719;5820664,822;13,4897;52,45081\
201382;11;4;4030931;Breitscheidplatz;2019;11;15;4;3;6;4;1;1;0;1;0;0;0;0;793942,3317;5825896,636;13,33157;52,50379\
201383;11;12;12214527;Alt-Tegel;2019;11;14;4;3;0;1;0;0;1;0;1;0;0;1;790554,811;5834541,909;13,28936;52,58311\
201384;11;11;11020514;Gro\'dfe-Leege-Stra\'dfe;2019;11;14;4;3;6;4;0;0;0;1;0;0;1;1;804591,754;5831059,06;13,49271;52,54422\
201385;11;8;8020727;Buckow Mitte;2019;11;13;4;3;4;6;0;0;1;0;0;0;0;1;801297,0415;5817483,584;13,432;52,42437\
201386;11;5;5020523;Maulbeerallee;2019;11;7;4;3;5;2;0;0;1;0;1;0;0;1;782233,6755;5827613,418;13,16099;52,52537\
201387;11;4;4030931;Breitscheidplatz;2019;11;7;4;3;0;3;1;1;1;0;0;0;0;1;794552,6692;5826005,746;13,34063;52,50444\
201388;11;4;4030415;Schlo\'dfgarten;2019;11;6;4;3;6;2;2;0;1;1;0;0;0;1;790787,13;5827381,817;13,28651;52,5188\
201389;11;1;1011302;Oranienburger Stra\'dfe;2019;11;9;4;3;3;6;0;1;1;0;0;0;0;1;798270,6094;5828838,563;13,39778;52,52781\
201390;11;5;5030731;Gartenfelder Stra\'dfe;2019;11;6;4;3;7;7;2;1;0;0;0;0;0;1;787852,6913;5829367,507;13,2451;52,53816\
201391;11;1;1033203;Humboldthain Nordwest;2019;11;5;4;2;5;2;2;1;1;0;0;0;0;1;796624,0888;5829798,597;13,37444;52,53732\
201392;11;1;1011402;Arkonaplatz;2019;11;4;4;3;0;1;2;0;0;0;0;0;1;1;798667,9164;5829439,915;13,40416;52,53299\
201393;11;3;3071537;Kollwitzplatz;2019;11;13;3;3;6;4;0;0;1;1;0;0;0;1;799478,3364;5829106,72;13,41578;52,52956\
201394;11;1;1033102;Gesundbrunnen;2019;11;22;3;3;5;2;2;0;1;0;0;0;1;1;796989,1207;5831491,733;13,38132;52,5523\
201395;11;1;1011302;Oranienburger Stra\'dfe;2019;11;22;3;2;6;4;2;0;0;1;1;0;0;1;798027,7951;5828916,918;13,39429;52,52865\
201396;11;4;4030518;Tegeler Weg;2019;11;23;3;3;2;6;2;0;1;0;0;0;0;1;791525,4013;5828059,33;13,29796;52,52448\
201397;11;11;11010103;Dorf Falkenberg;2019;11;21;3;3;5;3;2;1;1;0;0;0;0;1;807997,922;5833894,418;13,54541;52,56772\
201398;11;7;7040406;Germaniagarten;2019;11;19;3;3;1;5;2;0;1;0;0;0;1;0;800203,122;5821228,524;13,41933;52,45854\
201399;11;1;1011202;Unter den Linden Nord;2019;11;19;3;3;6;7;2;0;1;1;0;0;0;1;797677,2795;5827911,846;13,38824;52,51983\
201400;11;5;5010206;G\'fctersloher Weg;2019;11;19;3;3;6;2;2;0;1;1;0;0;0;1;781830,8224;5830216,768;13,15727;52,54892\
201401;11;7;7020203;Kaiser-Wilhelm-Platz;2019;11;20;3;2;6;2;2;0;1;1;0;0;0;1;795383,5339;5824017,92;13,35107;52,48617\
201402;11;3;3061126;Arnimplatz;2019;11;18;3;3;6;4;2;0;1;1;0;0;0;1;798431,721;5831801,412;13,40281;52,55428\
201403;11;10;10010204;Wuhletalstra\'dfe;2019;11;17;3;3;2;6;2;0;1;0;0;0;0;0;809333,0434;5832727,959;13,56396;52,55651\
201404;11;7;7040403;Manteuffelstra\'dfe;2019;11;17;3;3;6;2;2;0;1;1;0;0;0;0;797290,3461;5821379,545;13,37672;52,46149\
201405;11;8;8020622;Parchimer Allee;2019;11;17;3;2;6;4;1;0;1;1;0;0;0;0;802381,5316;5819176,281;13,44944;52,43895\
201406;11;8;8020620;Tempelhofer Weg;2019;11;16;3;3;2;6;2;0;1;0;0;1;0;0;800566,0819;5820560,307;13,42405;52,45235\
201407;11;11;11041022;Rosenfelder Ring;2019;11;16;3;3;5;2;2;1;1;0;0;0;0;0;806577,5673;5827759,133;13,51886;52,51353\
201408;11;4;4020310;Park Ruhwald;2019;11;15;3;3;5;2;0;0;1;0;0;0;1;0;790068,3567;5827332,837;13,27591;52,51874\
201409;11;4;4030623;Ernst-Reuter-Platz;2019;11;14;3;3;5;3;0;1;1;0;0;0;0;0;793687,2508;5826349,208;13,32822;52,50799\
201410;11;5;5010314;Carl-Schurz-Stra\'dfe;2019;11;15;3;2;0;4;1;0;0;1;1;0;0;0;785050,8371;5829397,024;13,20393;52,5399\
201411;11;7;7070704;Nahariyastra\'dfe;2019;11;19;3;2;1;7;2;0;1;0;0;0;0;0;800596,2101;5814147,322;13,41873;52,39485\
201412;11;7;7020203;Kaiser-Wilhelm-Platz;2019;11;14;3;3;5;7;0;0;1;0;0;0;0;0;795878,778;5824525,617;13,3588;52,49046\
201413;11;9;9041401;Allende I;2019;11;14;3;3;2;6;0;0;1;0;0;0;0;0;812035,6125;5820032,99;13,5918;52,4412\
201414;11;4;4010102;Pl\'f6tzensee;2019;11;14;3;3;5;2;0;0;1;0;0;0;0;0;793341,4269;5829716,178;13,32611;52,53836\
201415;11;4;4010101;Jungfernheide;2019;11;15;3;3;2;6;0;0;1;0;0;0;0;0;791251,6529;5829731,114;13,2954;52,53961\
201416;11;1;1033203;Humboldthain Nordwest;2019;11;11;3;3;1;5;0;0;1;0;0;0;0;0;796436,2411;5830101,442;13,37195;52,54014\
201417;11;11;11030720;Herzbergstra\'dfe;2019;11;11;3;3;2;6;0;0;1;0;0;0;0;0;804934,7984;5829954,273;13,49674;52,53413\
201418;11;7;7040403;Manteuffelstra\'dfe;2019;11;9;3;3;1;5;0;1;1;0;0;0;0;0;796976,501;5820982,142;13,37176;52,4581\
201419;11;9;9020802;K\'f6llnische Vorstadt;2019;11;10;3;2;6;7;0;0;1;1;0;0;0;0;810378,0267;5820333,648;13,56778;52,44484\
201420;11;2;2050601;Hausburgviertel;2019;11;6;3;3;5;2;2;1;1;0;0;0;0;0;801950,5779;5829055,516;13,45206;52,52773\
201421;11;8;8010510;Gewerbegebiet K\'f6llnische Heide;2019;11;9;3;3;5;3;0;0;1;0;0;0;1;0;802234,4112;5822478,782;13,45027;52,46863\
201422;11;8;8010404;Rixdorf;2019;11;9;3;3;0;7;0;0;1;0;0;0;0;0;801749,0313;5822595,309;13,44325;52,46994\
201423;11;4;4051446;Preu\'dfenpark;2019;11;8;3;3;5;2;0;1;1;0;0;0;0;0;792948,3233;5825292,443;13,31643;52,49891\
201424;11;1;1011402;Arkonaplatz;2019;11;8;3;3;5;3;0;1;1;0;0;0;0;0;798815,7773;5829376,955;13,40628;52,53234\
201425;11;7;7040405;Rathaus Tempelhof;2019;11;8;3;3;5;3;0;0;1;0;0;0;0;0;798284,7479;5820981,802;13,39096;52,45738\
201426;11;9;9010401;Johannisthal West;2019;11;7;3;3;2;2;0;1;1;0;0;0;0;1;806152,0595;5820168,516;13,50564;52,44574\
201427;11;2;2030402;Wrangelkiez;2019;11;7;3;3;8;1;1;1;0;0;0;0;0;1;801435,8948;5825665,59;13,44143;52,49763\
201428;11;3;3030715;Heinersdorf;2019;11;7;3;2;6;2;0;0;0;1;0;1;0;0;800840,2585;5833477,497;13,43975;52,56798\
201429;11;5;5010314;Carl-Schurz-Stra\'dfe;2019;11;8;2;3;5;2;0;1;1;0;0;0;0;0;785043,8548;5829397,788;13,20383;52,53991\
201430;11;8;8020625;Handwerker-Siedlung;2019;11;17;2;3;6;2;2;0;1;1;0;0;0;1;801392,3592;5819274,678;13,43502;52,44037\
201431;11;9;9031001;Bohnsdorf;2019;11;18;2;3;5;2;2;1;0;0;0;1;0;1;808820,4374;5814861,534;13,53988;52,39668\
201432;11;4;4051655;Babelsberger Stra\'dfe;2019;11;18;2;3;2;7;2;0;1;0;0;0;0;1;793897,6156;5823106,64;13,32845;52,47881\
201433;11;1;1022206;L\'fcneburger Stra\'dfe;2019;11;17;2;3;0;1;2;1;0;0;0;0;0;1;795485,3498;5827928,011;13,35604;52,52117\