OBJECTID;LAND;BEZ;LOR;STRASSE;UJAHR;UMONAT;USTUNDE;UWOCHENTAG;UKATEGORIE;UART;UTYP1;ULICHTVERH;IstRad;IstPKW;IstFuss;IstKrad;IstGkfz;IstSonstige;USTRZUSTAND;LINREFX;LINREFY;XGCSWGS84;YGCSWGS84\
201434;11;6;6040810;Dahlem;2019;11;16;2;3;5;3;2;0;1;0;0;0;0;1;790544,6683;5820806,461;13,27722;52,45998\
201435;11;3;3061126;Arnimplatz;2019;11;17;2;3;5;2;2;1;1;0;0;0;0;1;798652,4323;5831486,952;13,40578;52,55134\
201436;11;2;2050802;Boxhagener Platz;2019;11;18;2;3;0;7;2;1;0;0;0;0;0;0;802333,6273;5827096,643;13,45591;52,50996\
201437;11;1;1011301;Charit\'e9viertel;2019;11;16;2;3;6;2;1;0;1;1;0;0;0;1;796671,5017;5828256,215;13,37376;52,52347\
201438;11;12;12103117;Letteplatz;2019;11;16;2;3;6;6;2;0;1;1;0;0;0;1;796680,2267;5832831,898;13,37798;52,56448\
201439;11;11;11030618;Fennpfuhl West;2019;11;16;2;3;0;3;2;0;1;0;0;0;1;1;802949,8521;5829190,496;13,46687;52,52839\
201440;11;4;4051448;Schaperstra\'dfe;2019;11;17;2;3;5;3;2;0;1;0;0;0;0;1;794157,6106;5825333,357;13,33423;52,49863\
201441;11;9;9030901;Dorf Altglienicke;2019;11;17;2;2;6;4;2;0;1;1;0;0;0;1;807558,5802;5815389,046;13,52188;52,40212\
201442;11;10;10010309;Springpfuhl;2019;11;15;2;3;5;2;0;1;1;0;0;0;0;1;807911,9759;5830177,709;13,5407;52,53446\
201443;11;1;1011202;Unter den Linden Nord;2019;11;17;2;3;6;4;2;1;0;1;0;0;0;1;797133,6846;5827775,028;13,38012;52,5189\
201444;11;2;2040701;Andreasviertel;2019;11;15;2;3;5;3;0;1;0;0;0;0;1;1;800580,2547;5827008,28;13,43008;52,51014\
201445;11;3;3020209;Niedersch\'f6nhausen;2019;11;13;2;2;5;3;1;1;1;0;0;0;0;1;798342,175;5834830,075;13,40422;52,58148\
201446;11;7;7040401;Neu-Tempelhof;2019;11;17;2;2;6;2;2;0;1;1;0;0;0;1;798342,1013;5823947,405;13,39445;52,48393\
201447;11;12;12304314;Ziekowstra\'dfe/Freie Scholle;2019;11;13;2;3;5;3;0;0;1;0;0;0;0;1;791240,003;5836664,237;13,30131;52,60177\
201448;11;4;4051551;Brabanter Platz;2019;11;13;2;3;2;3;0;1;1;0;0;0;0;1;793093,0227;5822997,539;13,31654;52,47826\
201449;11;5;5020627;Tiefwerder;2019;11;17;2;3;2;6;2;0;1;0;0;0;1;1;785139,2184;5828332,419;13,20432;52,5303\
201450;11;12;12302211;L\'fcbarser Stra\'dfe;2019;11;17;2;3;6;2;2;0;0;1;0;0;1;1;792920,4925;5837069,227;13,32642;52,6045\
201451;11;12;12214422;Klixstra\'dfe;2019;11;12;2;2;5;2;0;1;0;0;0;1;0;0;792185,4295;5832956,495;13,31197;52,56803\
201452;11;10;10040931;Mahlsdorf Nord;2019;11;19;2;3;1;5;2;0;1;0;1;0;0;1;813204,3675;5828907,529;13,61728;52,52006\
201453;11;1;1022106;Elberfelder Stra\'dfe;2019;11;12;2;2;5;2;0;0;1;0;1;0;0;1;794556,4402;5828348,398;13,34276;52,52544\
201454;11;1;1011302;Oranienburger Stra\'dfe;2019;11;19;2;3;2;6;2;0;1;0;1;0;0;1;798603,1404;5829069,096;13,40288;52,5297\
201455;11;4;4010101;Jungfernheide;2019;11;10;2;3;5;2;0;0;1;0;0;0;1;1;791287,883;5830670,435;13,29675;52,54801\
201456;11;5;5020521;D\'f6beritzer Weg;2019;11;9;2;2;5;2;0;0;1;0;0;0;0;0;780070,8961;5827690,35;13,12926;52,52717\
201457;11;6;6010207;Mittelstra\'dfe;2019;11;9;2;3;2;2;0;0;1;0;0;0;0;1;794267,9047;5820262,018;13,33138;52,45311\
201458;11;3;3040614;Pankow Zentrum;2019;11;9;2;3;6;4;0;0;1;1;0;0;0;0;797873,8896;5833063,372;13,39574;52,5659\
201459;11;9;9020601;Schnellerstra\'dfe;2019;11;8;2;2;6;4;0;0;1;1;0;0;0;1;806506,016;5821467,725;13,51203;52,45719\
201460;11;9;9051901;Dammvorstadt;2019;11;8;2;3;5;2;0;1;1;0;0;0;0;1;810475,9952;5821194,308;13,57001;52,4525\
201461;11;1;1022104;Emdener Stra\'dfe;2019;11;8;2;3;5;2;0;1;0;0;0;0;1;0;794542,7963;5829072,984;13,3432;52,53194\
201462;11;1;1011301;Charit\'e9viertel;2019;11;8;2;3;0;1;0;1;0;0;0;0;0;1;797303,9626;5829025,118;13,38374;52,53001\
201463;11;7;7050501;Rathausstra\'dfe;2019;11;7;2;3;2;6;0;0;1;0;1;0;0;1;797121,2908;5819459,109;13,37253;52,44436\
201464;11;8;8010301;Reuterkiez;2019;11;7;2;3;1;5;0;1;1;0;0;0;1;1;800997,5171;5824808,742;13,43422;52,4902\
201465;11;6;6020409;K\'f6nigsberger Stra\'dfe;2019;11;7;2;3;6;4;0;0;1;1;0;0;0;1;793806,638;5818010,137;13,32263;52,43317\
201466;11;12;12214125;Waldidyll/Flughafensee;2019;11;6;2;2;5;2;2;0;1;0;0;0;1;1;792614,3976;5832068,916;13,31749;52,55984\
201467;11;2;2040703;Wriezener Bahnhof/Entwicklungsgebiet;2019;11;16;1;2;6;4;2;0;1;1;0;0;0;1;801413,899;5826411,347;13,44178;52,50433\
201468;11;12;12103219;Sch\'e4fersee;2019;11;15;1;3;0;3;0;0;1;0;1;0;0;1;795225,1057;5832472,284;13,35625;52,56205\
201469;11;3;3050925;Komponistenviertel Wei\'dfensee;2019;11;15;1;3;5;3;0;1;1;0;0;0;0;1;802703,2938;5831775,814;13,4656;52,5517\
201470;11;9;9020802;K\'f6llnische Vorstadt;2019;11;14;1;3;1;7;0;1;0;0;0;0;1;1;810692,847;5819595,206;13,57171;52,43804\
201471;11;9;9051801;Rahnsdorf/Hessenwinkel;2019;11;13;1;3;0;7;0;0;0;0;1;0;0;1;821418,6346;5819147,139;13,72853;52,42783\
201472;11;2;2010101;Askanischer Platz;2019;11;10;1;3;5;3;0;0;1;0;0;0;0;1;797592,1078;5825950,103;13,38523;52,50229\
201473;11;6;6030504;Teltower Damm;2019;11;9;1;3;5;3;0;0;1;0;0;0;0;1;789600,3742;5817095,781;13,26014;52,42721\
201474;11;12;12231101;Hermsdorf;2019;11;8;1;3;5;3;0;0;1;0;1;0;0;1;792121,0396;5838486,812;13,3159;52,61764\
201475;11;8;8010118;Silbersteinstra\'dfe;2019;11;17;1;2;6;4;2;0;1;1;0;0;0;1;800517,2792;5822031,778;13,42466;52,46557\
201476;11;2;2020203;Viktoriapark;2019;11;2;1;3;1;5;2;1;1;0;0;0;0;0;797105,5454;5824371,178;13,37667;52,48841\
201477;11;1;1033102;Gesundbrunnen;2019;11;23;1;3;5;3;2;0;1;0;0;0;0;1;797168,9172;5831918,629;13,38435;52,55603\
201478;11;12;12301203;Wittenau S\'fcd;2019;11;6;1;3;8;1;2;0;1;0;0;0;0;1;793155,2306;5835888,465;13,32883;52,59379\
201479;11;11;11040925;Victoriastadt;2019;11;21;1;3;4;1;2;0;1;0;0;0;0;1;803447,7862;5826640,274;13,47186;52,50525\
201480;11;3;3061228;Erich-Weinert-Stra\'dfe;2019;11;20;1;3;5;2;2;1;1;0;0;0;0;1;800291,9274;5831596,393;13,42998;52,55142\
201481;11;8;8020726;Buckow West;2019;11;20;1;2;6;3;2;0;1;1;0;0;0;1;799592,9784;5816418,451;13,40607;52,41576\
201482;11;8;8010117;Schillerpromenade;2019;11;17;1;3;6;4;2;0;1;1;0;0;0;1;800470,4354;5823610,849;13,4254;52,47975\
201483;11;9;9010301;Baumschulenstra\'dfe;2019;11;17;1;2;5;2;2;0;1;0;0;0;0;1;805016,7916;5822703,753;13,49131;52,4691\
201484;11;7;7020203;Kaiser-Wilhelm-Platz;2019;11;15;1;3;1;7;1;0;1;0;0;0;1;1;795507,301;5823842,732;13,35274;52,48454\
201485;11;12;12301206;L\'fcbars;2019;11;7;1;3;9;1;2;0;1;0;0;0;0;1;794727,227;5838578,838;13,35436;52,61705\
201486;11;2;2010102;Mehringplatz;2019;11;5;7;3;5;3;2;0;1;0;0;0;0;1;798213,2961;5826240,774;13,39461;52,50456\
201487;11;10;10020412;Alte Hellersdorfer Stra\'dfe;2019;11;14;7;3;5;2;0;0;1;0;0;0;0;0;811351,1369;5831956,271;13,59291;52,54844\
201488;11;8;8010117;Schillerpromenade;2019;11;22;7;3;2;6;2;0;1;0;0;0;0;0;800596,702;5823190,784;13,42687;52,47591\
201489;11;6;6030608;Schweizer Viertel;2019;11;19;7;3;6;2;2;0;1;1;0;0;0;0;792760,9856;5817474,72;13,30682;52,42893\
201490;11;2;2010103;Moritzplatz;2019;11;18;7;3;2;6;2;0;1;0;0;0;0;0;799704,3009;5825792,791;13,41611;52,49973\
201491;11;1;1033203;Humboldthain Nordwest;2019;11;18;7;3;2;6;2;0;1;0;0;0;0;0;796900,6599;5831389,635;13,37993;52,55143\
201492;11;1;1044103;Westliche M\'fcllerstra\'dfe;2019;11;14;7;3;5;2;0;0;1;0;0;0;0;1;794506,9306;5830649,916;13,34407;52,5461\
201493;11;1;1011301;Charit\'e9viertel;2019;11;0;7;2;1;5;2;0;1;0;0;0;1;0;797534,4732;5828459,259;13,38663;52,52482\
201494;11;5;5020419;Magistratsweg;2019;11;9;7;3;5;2;0;0;1;0;0;0;0;1;781304,426;5828384,764;13,14798;52,53277\
201495;11;10;10010308;Marzahner Chaussee;2019;11;7;7;3;0;1;2;0;0;0;1;0;0;1;806477,2319;5830220,046;13,51966;52,53564\
201496;11;6;6020409;K\'f6nigsberger Stra\'dfe;2019;11;6;7;3;5;3;2;1;1;0;0;0;0;1;793658,7237;5817265,071;13,31981;52,42657\
201497;11;7;7030303;Grazer Platz;2019;11;20;7;3;2;6;2;0;1;0;0;0;0;0;794662,995;5821785,936;13,33852;52,46655\
201498;11;6;6040809;Thielallee;2019;11;5;7;2;9;1;2;0;1;1;0;0;0;0;791275,564;5819857,489;13,28712;52,45108\
201499;11;2;2020203;Viktoriapark;2019;11;20;7;3;5;2;2;0;1;0;0;0;0;0;797824,2355;5824931,06;13,38773;52,49303\
201500;11;3;3040614;Pankow Zentrum;2019;11;19;7;3;0;3;2;0;1;0;1;0;0;0;797781,008;5832958,85;13,39428;52,56501\
201501;11;2;2040703;Wriezener Bahnhof/Entwicklungsgebiet;2019;11;18;7;3;2;6;2;0;1;0;0;0;0;0;801708,1062;5826161,843;13,44588;52,50193\
201502;11;9;9010202;K\'f6penicker Landstra\'dfe;2019;11;13;7;3;5;2;0;0;1;0;0;0;0;0;803992,4256;5823070,491;13,47661;52,47296\
201503;11;4;4051655;Babelsberger Stra\'dfe;2019;11;13;7;3;5;7;0;0;1;0;0;0;0;0;794159,0114;5824046,89;13,33312;52,48709\
201504;11;4;4041238;Kissinger Stra\'dfe;2019;11;12;7;3;6;7;0;0;1;1;0;0;0;0;791058,023;5823011,514;13,28667;52,47947\
201505;11;1;1011303;Alexanderplatzviertel;2019;11;2;7;3;0;2;2;0;1;0;0;0;0;0;799479,819;5828830,293;13,41555;52,52708\
201506;11;11;11030619;Fennpfuhl Ost;2019;11;12;7;3;2;6;0;0;1;0;0;0;0;1;804099,477;5829827,462;13,48435;52,53346\
201507;11;1;1044103;Westliche M\'fcllerstra\'dfe;2019;11;10;7;2;0;5;0;0;1;0;1;0;0;1;795027,6977;5830902,193;13,35195;52,54808\
201508;11;1;1022104;Emdener Stra\'dfe;2019;11;11;6;3;6;4;0;0;1;1;0;0;0;0;794275,1147;5829266,55;13,33944;52,53382\
201509;11;2;2020206;Graefekiez;2019;11;22;6;3;0;3;2;1;1;0;0;0;0;0;799611,2535;5824523,314;13,4136;52,4884\
201510;11;11;11020515;Landsberger Allee;2019;11;7;6;3;6;4;2;0;1;1;0;0;0;1;804725,5632;5830609,271;13,49427;52,54011\
201511;11;7;7030301;Friedenau;2019;11;19;6;3;5;2;2;1;1;0;0;0;0;0;793990,631;5821564,091;13,32846;52,46493\
201512;11;4;4051448;Schaperstra\'dfe;2019;11;17;6;3;0;5;2;1;1;0;0;0;0;0;794003,2069;5825127,668;13,33178;52,49687\
201513;11;12;12214424;Scharnweberstra\'dfe;2019;11;17;6;3;2;6;2;0;1;0;0;0;0;0;793510,5798;5832412,683;13,33098;52,56244\
201514;11;1;1011201;Wilhelmstra\'dfe;2019;11;13;1;3;5;3;0;0;1;0;1;0;0;0;796970,231;5826857,932;13,3769;52,51077\
201515;11;11;11041027;Tierpark;2019;11;12;1;3;5;3;0;1;1;0;0;0;0;0;807403,6923;5827435,602;13,5307;52,51017\
201516;11;7;7040401;Neu-Tempelhof;2019;11;17;6;3;3;6;2;0;1;0;0;1;0;0;797283,2637;5822715,262;13,37781;52,47346\
201517;11;4;4020313;K\'f6nigin-Elisabeth-Stra\'dfe;2019;11;12;1;3;3;6;0;0;1;0;0;0;1;0;790466,7463;5826727,737;13,28123;52,5131\
201518;11;4;4020310;Park Ruhwald;2019;11;16;6;3;2;6;0;0;1;0;0;0;1;0;789728,3592;5827431,812;13,271;52,51981\
201519;11;7;7020203;Kaiser-Wilhelm-Platz;2019;11;11;1;3;0;5;0;1;1;0;0;0;0;0;795998,9348;5824088,127;13,36017;52,48647\
201520;11;3;3030406;Alt-Karow;2019;11;10;1;3;5;3;0;0;1;0;0;0;0;0;802876,5307;5838280,708;13,47409;52,6099\
201521;11;1;1033202;Humboldthain S\'fcd;2019;11;16;6;3;0;1;0;1;0;0;0;0;0;1;796973,2246;5830136,228;13,37988;52,54015\
201522;11;4;4010101;Jungfernheide;2019;11;1;1;3;1;1;2;0;1;0;0;0;0;0;790964,5082;5829482,828;13,29096;52,53754\
201523;11;4;4041241;Breite Stra\'dfe;2019;11;16;1;3;6;2;2;0;1;1;0;0;0;0;791918,8202;5822381,672;13,29876;52,47337\
201524;11;9;9020802;K\'f6llnische Vorstadt;2019;11;2;1;3;0;1;2;1;0;0;0;0;0;1;809832,0395;5820239,525;13,55968;52,44431\
201525;11;2;2040701;Andreasviertel;2019;11;14;6;3;5;3;0;1;1;0;0;0;0;0;801242,6851;5827686,68;13,44042;52,51586\
201526;11;3;3050919;Gustav-Adolf-Stra\'dfe;2019;11;14;6;3;5;3;0;1;1;0;0;0;0;0;801007,2546;5832192,395;13,44104;52,55637\
201527;11;7;7050501;Rathausstra\'dfe;2019;11;19;1;2;6;4;2;0;1;1;0;0;0;0;797232,4115;5818631,57;13,37343;52,43689\
201528;11;1;1022204;Thomasiusstra\'dfe;2019;11;17;1;3;0;1;2;0;0;0;0;0;1;0;795321,1725;5828215,851;13,35388;52,52384\
201529;11;10;10030724;Oberfeldstra\'dfe;2019;11;15;6;2;5;3;0;1;1;0;0;0;0;0;808914,2209;5828162,46;13,55356;52,51583\
201530;11;11;11030720;Herzbergstra\'dfe;2019;11;17;7;3;2;6;2;0;1;0;0;0;0;0;805990,8302;5830120,47;13,51242;52,53502\
201531;11;1;1011301;Charit\'e9viertel;2019;11;17;7;2;0;1;2;1;0;0;0;0;0;0;796989,6182;5828921,424;13,37903;52,52926\
201532;11;7;7060604;Marienfelde S\'fcd;2019;11;15;6;3;5;3;1;0;1;0;0;0;0;0;797652,3845;5815482,483;13,37678;52,40843\
201533;11;4;4030724;Lietzensee;2019;11;14;6;3;5;3;0;0;1;0;0;0;0;0;790793,499;5826011,639;13,28541;52,50651\
201534;11;1;1044103;Westliche M\'fcllerstra\'dfe;2019;11;15;7;3;6;4;0;0;1;1;0;0;0;0;794839,0343;5830601,188;13,34891;52,54548\
201535;11;11;11030619;Fennpfuhl Ost;2019;11;13;7;3;2;6;0;0;1;0;0;0;0;0;804246,8065;5828708,479;13,48549;52,52335\
201536;11;3;3061227;Humannplatz;2019;11;14;6;3;2;6;0;0;1;0;0;0;0;0;799375,6633;5831789,829;13,41668;52,55366\
201537;11;2;2040703;Wriezener Bahnhof/Entwicklungsgebiet;2019;11;14;6;3;2;2;0;0;0;0;1;0;1;0;800925,8289;5826867,148;13,43502;52,50868\
201538;11;3;3050925;Komponistenviertel Wei\'dfensee;2019;11;12;7;3;0;5;0;0;1;0;0;0;0;0;802659,8456;5831603,916;13,46481;52,55018\
201539;11;7;7060604;Marienfelde S\'fcd;2019;11;12;7;3;3;6;0;1;1;0;0;0;0;0;796038,54;5815367,612;13,35303;52,40827\
201540;11;11;11030721;R\'fcdigerstra\'dfe;2019;11;22;7;3;0;2;2;1;1;0;0;0;0;0;805170,5463;5827714,537;13,49815;52,51392\
201541;11;7;7040401;Neu-Tempelhof;2019;11;12;6;3;6;7;0;0;1;1;0;0;0;0;798742,2845;5823946,892;13,40033;52,48371\
201542;11;10;10010311;Landsberger Tor;2019;11;20;7;2;6;4;2;0;1;1;0;0;0;0;810330,6144;5831826,811;13,57779;52,54786\
201543;11;4;4030620;Alt-Lietzow;2019;11;14;6;3;0;7;0;1;1;0;0;0;0;0;792682,231;5827414,733;13,31439;52,51808\
201544;11;1;1033101;Soldiner Stra\'dfe;2019;11;19;7;3;0;5;2;0;1;0;0;0;0;0;796202,0671;5832318,254;13,37049;52,56013\
201545;11;6;6020409;K\'f6nigsberger Stra\'dfe;2019;11;20;7;2;4;6;2;0;1;0;0;0;0;0;793509,1143;5817397,784;13,31773;52,42784\
201546;11;1;1022102;Beusselkiez;2019;11;13;6;2;0;6;0;0;1;0;1;0;0;0;793531,5441;5828191,942;13,32756;52,52459\
201547;11;10;10020413;Gut Hellersdorf;2019;11;19;7;3;0;1;2;0;0;0;1;0;0;0;811302,6608;5831243,532;13,59153;52,54208\
201548;11;12;12301203;Wittenau S\'fcd;2019;11;10;7;3;2;6;0;0;1;0;0;0;0;0;793455,5948;5836101,883;13,33344;52,59554\
201549;11;4;4030415;Schlo\'dfgarten;2019;11;10;7;3;5;2;0;0;1;0;0;0;0;0;791659,4716;5827534,024;13,29947;52,5197\
201550;11;11;11020411;Malchower Weg;2019;11;13;6;3;6;7;0;0;1;1;0;0;0;0;805660,7136;5831946,92;13,50924;52,55158\
201551;11;1;1011303;Alexanderplatzviertel;2019;11;13;6;2;0;2;0;1;1;0;0;0;0;0;799108,7869;5828466,04;13,40977;52,52402\
201552;11;8;8010211;Flughafenstra\'dfe;2019;11;7;7;3;0;1;2;1;0;0;0;0;0;0;800472,7873;5823727,852;13,42554;52,4808\
201553;11;11;11020412;Hauptstra\'dfe;2019;11;2;7;3;9;1;2;0;1;0;0;0;0;1;805643,3827;5831768,539;13,50882;52,54999\
201554;11;1;1033101;Soldiner Stra\'dfe;2019;11;12;6;3;0;2;0;1;1;0;0;0;0;0;797709,7892;5832893,588;13,39318;52,56447\
201555;11;4;4041241;Breite Stra\'dfe;2019;11;12;6;3;1;5;0;1;1;0;0;0;0;0;792099,5669;5822057,274;13,30113;52,47036\
201556;11;12;12302110;Dannenwalder Weg;2019;11;9;6;3;5;3;0;1;1;0;0;0;0;1;794872,0664;5835831,688;13,35405;52,59235\
201557;11;8;8020622;Parchimer Allee;2019;11;17;6;3;6;2;2;0;1;1;0;0;0;0;801265,3413;5819668,016;13,43351;52,44397\
201558;11;1;1033203;Humboldthain Nordwest;2019;11;12;6;3;3;6;0;0;1;0;1;0;0;0;796522,5638;5829892,22;13,37303;52,53821\
201559;11;12;12214527;Alt-Tegel;2019;11;21;6;3;5;3;2;0;1;0;0;0;0;0;790303,9039;5834952,338;13,28603;52,58693\
201560;11;1;1033102;Gesundbrunnen;2019;11;20;6;3;6;7;2;0;1;1;0;0;0;0;797722,9681;5831842,192;13,39243;52,55504\
201561;11;1;1011305;Heine-Viertel West;2019;11;10;6;3;5;5;0;1;0;0;0;0;1;0;799496,9021;5827092,059;13,41424;52,51149\
201562;11;5;5010339;Freiheit;2019;11;10;6;3;5;7;0;0;1;0;1;0;0;0;787955,479;5828206,125;13,24561;52,52769\
201563;11;8;8020619;Buschkrugallee Nord;2019;11;19;6;3;5;2;2;0;1;0;0;0;0;0;801551,8005;5820650,691;13,4386;52,45262\
201564;11;2;2020205;Chamissokiez;2019;11;23;6;3;0;7;2;1;0;0;0;0;0;0;798827,6493;5824523,636;13,4021;52,48883\
201565;11;6;6040809;Thielallee;2019;11;19;6;2;1;7;2;0;1;0;0;0;0;1;791994,4925;5820117,758;13,29789;52,45303\
201566;11;3;3071536;Teutoburger Platz;2019;11;9;6;3;1;5;0;1;1;0;0;0;0;0;799005,5426;5829155,12;13,40887;52,53025\
201567;11;4;4041137;Flinsberger Platz;2019;11;19;6;3;3;5;2;0;1;0;1;0;0;1;791369,2041;5823439,941;13,29162;52,48315\
201568;11;5;5020417;Staakener Stra\'dfe;2019;11;10;6;2;0;7;0;0;1;0;0;0;1;0;782743,611;5828424,266;13,16917;52,53238\
201569;11;1;1011202;Unter den Linden Nord;2019;11;18;6;3;5;2;2;1;1;0;0;0;0;0;797203,928;5827496,81;13,38091;52,51637\
201570;11;2;2040701;Andreasviertel;2019;11;18;6;3;1;5;2;1;1;0;0;0;1;1;800862,6063;5826860,884;13,43409;52,50866\
201571;11;9;9010301;Baumschulenstra\'dfe;2019;11;8;6;3;2;6;0;0;1;0;0;0;0;0;804361,8156;5821762,935;13,48084;52,46103\
201572;11;1;1022206;L\'fcneburger Stra\'dfe;2019;11;8;6;3;5;2;0;0;1;0;0;0;0;0;795953,2321;5828336,411;13,36328;52,52458\
201573;11;3;3050925;Komponistenviertel Wei\'dfensee;2019;11;18;6;3;0;5;2;0;1;0;0;0;0;0;801854,6571;5831260,591;13,45266;52,54755\
201574;11;11;11030618;Fennpfuhl West;2019;11;6;6;3;0;6;1;0;1;0;1;0;0;0;802728,9727;5829377,741;13,4638;52,53019\
201575;11;3;3061131;Falkplatz;2019;11;17;6;3;2;6;2;0;1;0;0;0;0;0;799178,028;5830843,983;13,41293;52,54529\
201576;11;3;3061126;Arnimplatz;2019;11;17;6;3;1;5;2;1;1;0;0;0;0;0;799031,2762;5831444,712;13,41131;52,55076\
201577;11;3;3050924;Behaimstra\'dfe;2019;11;8;6;3;6;7;0;1;0;1;0;0;0;0;801473,6855;5831873,453;13,44761;52,55325\
201578;11;5;5010339;Freiheit;2019;11;6;6;2;6;4;2;0;1;1;0;0;0;0;786377,3654;5828222,617;13,22243;52,52867\
201579;11;8;8041035;Blumenviertel;2019;11;17;6;3;2;6;2;0;1;0;0;0;0;1;804804,0119;5817830,847;13,48374;52,42554\
201580;11;5;5020625;Borkumer Stra\'dfe;2019;11;17;6;2;0;1;2;1;0;0;0;0;0;0;784774,5123;5828598,279;13,19918;52,53288\
201581;11;1;1022103;Westhafen;2019;11;8;6;3;3;6;0;0;1;0;0;1;0;0;793636,5507;5829857,457;13,33057;52,53946\
201582;11;5;5020522;Pillnitzer Weg;2019;11;5;6;2;6;4;2;0;0;1;0;0;1;0;781903,2119;5827174,917;13,15576;52,52161\
201583;11;9;9010402;Johannisthal Ost;2019;11;17;6;3;0;7;2;1;0;0;0;0;0;0;806255,9312;5819251,812;13,50633;52,43747\
201584;11;9;9020702;Adlershof Ost;2019;11;17;6;3;6;7;2;0;1;1;0;0;0;0;808265,1386;5819689,981;13,53619;52,44027\
201585;11;10;10020413;Gut Hellersdorf;2019;11;7;6;2;5;3;1;1;1;0;0;0;0;0;811312,7601;5831178,176;13,59162;52,54149\
201586;11;10;10030724;Oberfeldstra\'dfe;2019;11;17;6;3;0;5;2;0;1;0;0;0;0;0;809576,8259;5828347,857;13,56347;52,51711\
201587;11;7;7060604;Marienfelde S\'fcd;2019;11;16;5;3;6;2;1;0;0;1;0;0;1;0;795802,4421;5816035,174;13,35016;52,41439\
201588;11;6;6020411;Sch\'fctte-Lanz-Stra\'dfe;2019;11;11;6;3;5;3;0;0;1;0;0;0;0;1;794564,577;5816321,257;13,33226;52,41762\
201589;11;9;9030901;Dorf Altglienicke;2019;11;10;6;3;8;7;0;0;1;0;0;0;0;1;809849,657;5816529,373;13,5565;52,41105\
201590;11;4;4030931;Breitscheidplatz;2019;11;19;5;3;6;7;2;0;0;1;0;0;1;0;794525,9974;5825937,102;13,34018;52,50384\
201591;11;12;12103117;Letteplatz;2019;11;7;5;3;3;6;2;0;1;0;0;0;0;0;796673,0673;5832743,009;13,37779;52,56369\
201592;11;2;2030401;Reichenberger Stra\'dfe;2019;11;16;6;3;1;5;1;1;1;0;0;0;0;0;801092,7663;5824994,766;13,43578;52,49181\
201593;11;10;10040932;Alt-Mahlsdorf;2019;11;15;6;3;1;5;1;0;1;0;0;0;0;0;813017,5716;5827641,409;13,61334;52,50882\
201594;11;12;12231102;Frohnau;2019;11;7;5;3;5;3;0;1;1;0;0;0;0;0;789628,1232;5840182,931;13,28066;52,63418\
201595;11;6;6020410;Oberhofer Platz;2019;11;9;5;3;6;2;0;0;1;1;0;0;0;0;794979,141;5816232,575;13,33826;52,4166\
201596;11;4;4030620;Alt-Lietzow;2019;11;15;6;3;5;2;0;0;1;0;0;0;1;0;791859,7009;5827450,362;13,30234;52,51884\
201597;11;7;7040401;Neu-Tempelhof;2019;11;13;6;3;0;6;0;1;1;0;0;0;0;0;797475,6634;5822858,988;13,38076;52,47465\
201598;11;4;4030518;Tegeler Weg;2019;11;1;5;3;5;2;2;0;1;0;0;1;0;0;791743,5902;5828604,73;13,30164;52,52925\
201599;11;9;9020802;K\'f6llnische Vorstadt;2019;11;19;5;3;4;6;2;0;1;0;0;0;0;0;810694,7062;5819544,714;13,57169;52,43759\
201600;11;11;11010310;M\'fchlengrund;2019;11;13;6;3;6;4;0;0;1;1;0;0;0;0;805280,5882;5833199,238;13,50481;52,56302\
201601;11;2;2050602;Samariterviertel;2019;11;9;6;3;5;2;0;1;1;0;0;0;0;1;802769,5184;5827688,03;13,46285;52,51502\
201602;11;11;11020412;Hauptstra\'dfe;2019;11;9;6;3;5;2;0;0;1;0;0;0;0;0;805836,434;5831865,077;13,51175;52,55075\
201603;11;10;10020517;Adele-Sandrock-Stra\'dfe;2019;11;19;5;2;1;5;2;0;1;0;0;0;1;0;813072,8657;5830185,282;13,61655;52,53158\
201604;11;11;11010310;M\'fchlengrund;2019;11;18;5;2;6;4;2;0;0;1;0;0;1;0;805175,1643;5833129,017;13,50319;52,56245\
201605;11;3;3061227;Humannplatz;2019;11;9;6;3;5;3;0;0;1;0;0;0;0;0;800111,9357;5831694,933;13,42743;52,55241\
201606;11;10;10040931;Mahlsdorf Nord;2019;11;13;6;3;5;3;0;0;1;0;0;0;0;0;812925,8633;5828342,647;13,61266;52,51516\
201607;11;1;1044201;Reinickendorfer Stra\'dfe;2019;11;17;5;3;2;6;2;0;1;0;0;0;0;0;796654,216;5831920,005;13,37678;52,55632\
201608;11;10;10020413;Gut Hellersdorf;2019;11;15;5;3;5;3;0;1;1;0;0;0;0;0;811310,0182;5831194,54;13,59159;52,54164\
201609;11;1;1033203;Humboldthain Nordwest;2019;11;8;6;3;2;6;0;0;1;0;1;0;0;1;796370,2572;5830089,899;13,37097;52,54007\
201610;11;2;2050804;Stralauer Halbinsel;2019;11;7;6;3;0;6;1;0;1;0;1;0;0;1;803168,183;5825761,513;13,46696;52,49753\
201611;11;7;7040403;Manteuffelstra\'dfe;2019;11;15;5;3;5;2;0;1;1;0;0;0;0;0;796845,7709;5821250,566;13,37008;52,46057\