OBJECTID;LAND;BEZ;LOR;STRASSE;UJAHR;UMONAT;USTUNDE;UWOCHENTAG;UKATEGORIE;UART;UTYP1;ULICHTVERH;IstRad;IstPKW;IstFuss;IstKrad;IstGkfz;IstSonstige;USTRZUSTAND;LINREFX;LINREFY;XGCSWGS84;YGCSWGS84\
202153;11;9;9010301;Baumschulenstra\'dfe;2019;12;7;4;3;4;5;0;1;1;0;0;0;0;0;805009,2227;5822035,321;13,49058;52,46311\
202154;11;3;3061332;Helmholtzplatz;2019;12;16;4;3;0;6;1;1;1;0;0;0;0;0;799838,7745;5830337,211;13,42218;52,54039\
202155;11;8;8010303;Donaustra\'dfe;2019;12;20;4;3;0;2;2;1;0;0;0;0;1;0;801016,2015;5823909,127;13,43368;52,48212\
202156;11;12;12301204;Wittenau Nord;2019;12;20;4;3;1;1;2;0;1;0;0;0;0;2;792799,7067;5836645,112;13,32426;52,60076\
202157;11;3;3051017;Rennbahnstra\'dfe;2019;12;17;4;3;4;6;1;0;1;0;1;0;0;0;803002,7901;5832693,683;13,47084;52,55976\
202158;11;1;1022104;Emdener Stra\'dfe;2019;12;17;4;3;5;2;2;1;1;0;0;0;0;0;794557,1467;5828963,718;13,34332;52,53096\
202159;11;6;6020410;Oberhofer Platz;2019;12;16;4;3;5;3;0;0;1;0;0;0;0;0;794572,3198;5817030,661;13,333;52,42397\
202160;11;9;9020702;Adlershof Ost;2019;12;16;4;3;6;4;2;0;1;1;0;0;0;0;809147,7501;5819247,428;13,54873;52,4358\
202161;11;11;11010205;Falkenberg West;2019;12;16;4;3;5;2;2;0;1;0;0;0;0;0;806311,6164;5833876,903;13,5206;52,56851\
202162;11;1;1033203;Humboldthain Nordwest;2019;12;15;4;3;5;3;0;0;1;0;0;0;0;1;796704,7573;5829874,17;13,3757;52,53795\
202163;11;10;10010310;Alt-Marzahn;2019;12;15;4;3;2;2;1;0;1;0;0;0;0;0;809926,702;5831594,073;13,57163;52,54601\
202164;11;4;4030930;George-Grosz-Platz;2019;12;15;4;3;0;6;0;0;1;0;0;0;1;0;793113,9467;5825588,312;13,31913;52,50147\
202165;11;5;5030730;Zitadellenweg;2019;12;15;4;2;9;1;0;0;1;0;0;0;0;0;786354,6241;5829174,468;13,22291;52,53722\
202166;11;5;5020523;Maulbeerallee;2019;12;14;4;2;5;2;0;0;1;0;0;0;0;0;782380,0651;5827031,903;13,16265;52,52008\
202167;11;7;7040404;Marienh\'f6he;2019;12;13;4;3;6;4;0;0;1;1;0;0;0;0;796246,7188;5820460,356;13,36059;52,45381\
202168;11;4;4030417;Schlo\'dfstra\'dfe;2019;12;13;4;3;0;4;0;1;0;1;0;0;0;0;790963,2384;5826754,292;13,28855;52,51308\
202169;11;1;1011305;Heine-Viertel West;2019;12;12;4;3;5;2;0;1;1;0;0;0;0;0;799652,4733;5827049,726;13,41648;52,51102\
202170;11;8;8020622;Parchimer Allee;2019;12;12;4;3;0;2;0;0;1;0;0;0;1;0;801301,8421;5819612,392;13,43399;52,44345\
202171;11;3;3030715;Heinersdorf;2019;12;7;4;3;0;6;1;0;1;0;0;0;1;0;801257,2119;5833176,71;13,44561;52,56506\
202172;11;9;9020701;Adlershof West;2019;12;7;4;3;2;2;1;0;1;0;0;0;0;0;808256,1505;5818783,447;13,53523;52,43215\
202173;11;4;4051655;Babelsberger Stra\'dfe;2019;12;6;4;3;6;2;2;0;1;1;0;0;0;0;794037,9551;5823920,699;13,33123;52,48603\
202174;11;12;12302107;Schorfheidestra\'dfe;2019;12;22;4;2;6;4;2;0;0;1;1;0;0;0;793876,3257;5836161,332;13,33968;52,59584\
202175;11;1;1044201;Reinickendorfer Stra\'dfe;2019;12;19;4;3;2;6;2;0;1;0;0;0;0;0;797027,7083;5831894,73;13,38225;52,55589\
202176;11;1;1011204;Leipziger Stra\'dfe;2019;12;17;4;3;6;2;2;1;0;1;0;0;0;0;798933,7885;5827028,491;13,40591;52,51123\
202177;11;4;4030415;Schlo\'dfgarten;2019;12;15;4;1;5;3;0;1;1;0;0;0;0;0;791668,6984;5827715,837;13,29976;52,52132\
202178;11;9;9031001;Bohnsdorf;2019;12;17;3;3;6;6;2;0;1;1;0;0;0;0;811098,4004;5814752,763;13,57315;52,39442\
202179;11;12;12214125;Waldidyll/Flughafensee;2019;12;7;3;3;2;6;0;0;1;0;0;0;0;0;791157,6689;5830953,359;13,29509;52,55062\
202180;11;1;1011203;Unter den Linden S\'fcd;2019;12;14;3;3;3;2;0;1;0;0;0;0;1;0;797624,154;5827015,504;13,38665;52,51183\
202181;11;12;12214125;Waldidyll/Flughafensee;2019;12;11;3;2;6;7;0;0;1;1;0;1;1;0;790948,9186;5831297,816;13,29232;52,55382\
202182;11;7;7060601;Marienfelder Allee Nordwest;2019;12;16;3;3;6;7;2;0;0;1;0;0;1;0;796969,6893;5817198,859;13,3683;52,42419\
202183;11;4;4041134;Bismarckallee;2019;12;15;3;3;2;6;1;0;1;0;0;0;1;0;790857,3676;5824367,407;13,28491;52,49174\
202184;11;12;12231101;Hermsdorf;2019;12;15;3;3;2;2;1;0;1;0;0;0;0;0;791416,601;5838760,567;13,30576;52,62047\
202185;11;1;1022201;Stephankiez;2019;12;23;3;3;5;2;2;0;1;0;1;0;0;0;795136,5291;5829256,66;13,35209;52,53327\
202186;11;7;7070705;Franziusweg/Rohrbachstra\'dfe;2019;12;14;3;3;5;3;0;1;1;0;0;0;0;0;798504,5128;5814424,923;13,38833;52,39849\
202187;11;4;4041137;Flinsberger Platz;2019;12;13;3;3;5;3;0;0;1;0;0;0;0;0;791500,2995;5823584,673;13,29367;52,48438\
202188;11;7;7040403;Manteuffelstra\'dfe;2019;12;13;3;3;6;2;0;0;1;1;0;0;0;0;796909,9744;5822270,471;13,37193;52,46968\
202189;11;11;11030720;Herzbergstra\'dfe;2019;12;13;3;3;2;6;0;0;1;0;0;0;0;0;805466,1852;5830046,333;13,50464;52,53465\
202190;11;11;11020412;Hauptstra\'dfe;2019;12;12;3;3;1;5;0;1;1;0;0;0;0;1;805065,5499;5831264,545;13,49987;52,5458\
202191;11;9;9020701;Adlershof West;2019;12;12;3;3;5;2;0;1;1;0;0;0;0;1;808195,1017;5819624,28;13,53511;52,43972\
202192;11;1;1022104;Emdener Stra\'dfe;2019;12;12;3;3;5;2;0;1;1;0;0;0;0;2;794560,926;5828649,015;13,34309;52,52813\
202193;11;5;5020626;Adamstra\'dfe;2019;12;11;3;3;1;5;0;0;1;0;1;0;0;0;784731,7563;5827528,153;13,19764;52,52331\
202194;11;2;2020205;Chamissokiez;2019;12;10;3;3;1;5;0;0;1;0;0;0;0;1;798404,3908;5824235,123;13,39562;52,48648\
202195;11;2;2030402;Wrangelkiez;2019;12;10;3;3;6;7;0;0;1;1;0;0;0;0;801446,3196;5825783,902;13,44169;52,49869\
202196;11;4;4051446;Preu\'dfenpark;2019;12;9;3;2;5;2;0;1;1;0;0;0;0;0;792856,9563;5824324,29;13,31424;52,49028\
202197;11;5;5010314;Carl-Schurz-Stra\'dfe;2019;12;10;3;3;2;6;0;0;1;0;0;0;0;1;785279,3079;5829297,45;13,20721;52,53888\
202198;11;3;3040513;Sch\'f6nholz;2019;12;9;3;3;1;5;0;0;1;0;0;0;1;0;796533,8556;5834281,079;13,37712;52,57755\
202199;11;10;10040932;Alt-Mahlsdorf;2019;12;8;3;3;7;7;0;1;0;0;0;0;0;0;813514,2539;5827712,331;13,62071;52,50917\
202200;11;2;2020203;Viktoriapark;2019;12;22;3;3;5;3;2;1;1;0;0;0;0;1;797274,0707;5824525,628;13,37929;52,4897\
202201;11;1;1022101;Huttenkiez;2019;12;20;3;3;5;2;2;0;1;0;0;0;0;0;793531,2317;5829122,974;13,32838;52,53294\
202202;11;9;9020702;Adlershof Ost;2019;12;20;3;3;5;2;2;0;1;0;0;0;0;1;809591,4453;5818925,247;13,55493;52,43266\
202203;11;2;2020204;Urbanstra\'dfe;2019;12;19;3;3;6;4;2;0;1;1;0;0;0;0;798579,6693;5825333,125;13,39918;52,49622\
202204;11;5;5010312;Kurstra\'dfe;2019;12;19;3;3;1;5;2;0;1;0;0;0;0;0;785419,7596;5829254,915;13,20923;52,53843\
202205;11;7;7040401;Neu-Tempelhof;2019;12;19;3;3;1;5;2;0;1;0;0;0;0;0;797258,8816;5823155,629;13,37784;52,47743\
202206;11;1;1011105;N\'f6rdlicher Landwehrkanal;2019;12;19;3;3;5;3;2;0;1;0;1;0;0;0;796638,8341;5826891,645;13,37207;52,51125\
202207;11;3;3040818;Pankow S\'fcd;2019;12;18;3;3;2;6;2;0;1;0;0;0;0;0;799078,8515;5833211,976;13,4136;52,56657\
202208;11;4;4030931;Breitscheidplatz;2019;12;17;3;3;1;5;2;1;1;0;0;0;0;1;793651,9682;5825790,761;13,32721;52,503\
202209;11;6;6030502;Zehlendorf S\'fcd;2019;12;17;3;3;6;2;2;0;1;1;0;0;0;0;790225,7656;5815099,419;13,26758;52,40898\
202210;11;1;1022104;Emdener Stra\'dfe;2019;12;17;3;3;1;5;2;1;1;0;0;0;1;0;794555,5099;5828999,789;13,34332;52,53128\
202211;11;8;8030829;Gropiusstadt Nord;2019;12;16;3;2;5;3;2;0;1;0;0;0;0;0;803517,2571;5818209,165;13,46521;52,42965\
202212;11;6;6020301;Alt-Lankwitz;2019;12;16;3;3;5;3;1;1;1;0;0;0;0;0;796782,6489;5818442,923;13,36666;52,43544\
202213;11;4;4020208;Kranzallee;2019;12;7;3;2;0;1;2;1;0;0;0;0;0;2;786899,8174;5825765,393;13,22799;52,50636\
202214;11;7;7030301;Friedenau;2019;12;6;3;3;5;2;2;0;1;0;0;0;0;1;794244,893;5822030,269;13,3326;52,46897\
202215;11;11;11020412;Hauptstra\'dfe;2019;12;4;3;3;0;2;2;1;0;0;0;0;1;1;806402,5552;5831228,444;13,51949;52,54472\
202216;11;2;2040503;Richard-Sorge-Viertel;2019;12;16;3;3;6;4;2;0;1;1;0;0;0;0;801789,4375;5828403,545;13,4491;52,52198\
202217;11;11;11030618;Fennpfuhl West;2019;12;0;3;2;9;1;2;0;1;0;0;0;0;1;802421,806;5828884,684;13,45883;52,52594\
202218;11;1;1022104;Emdener Stra\'dfe;2019;12;8;3;3;0;2;0;0;0;1;0;0;1;0;794587,3054;5828457,314;13,34331;52,5264\
202219;11;6;6040810;Dahlem;2019;12;8;3;3;0;1;0;1;0;0;0;0;0;2;791835,7099;5821375,656;13,29666;52,46439\
202220;11;4;4041137;Flinsberger Platz;2019;12;7;3;3;5;2;0;0;1;0;0;0;0;1;791263,8555;5823331,682;13,28998;52,48223\
202221;11;3;3030406;Alt-Karow;2019;12;7;3;3;6;7;0;1;0;1;0;0;0;0;802771,2616;5837403,236;13,47174;52,6021\
202222;11;4;4030415;Schlo\'dfgarten;2019;12;7;3;3;5;2;1;0;1;0;0;0;0;0;791662,2627;5827531,511;13,2995;52,51967\
202223;11;12;12214125;Waldidyll/Flughafensee;2019;12;7;3;2;5;3;2;0;1;0;0;1;0;1;791934,0356;5831490,409;13,30698;52,55502\
202224;11;12;12301203;Wittenau S\'fcd;2019;12;20;2;3;2;6;2;0;1;0;0;0;0;1;792879,4304;5835203,895;13,32416;52,5878\
202225;11;9;9041402;Siedlung K\'e4mmereiheide;2019;12;17;2;3;6;6;0;1;0;1;0;0;0;0;812169,7256;5820407,454;13,59412;52,44448\
202226;11;1;1011201;Wilhelmstra\'dfe;2019;12;9;2;3;5;3;0;1;1;0;0;0;0;1;797156,7426;5826452,326;13,37928;52,50703\
202227;11;8;8020622;Parchimer Allee;2019;12;12;2;3;5;3;0;1;1;0;0;0;0;0;801498,8549;5820182,099;13,4374;52,44845\
202228;11;5;5040936;J\'e4gerallee;2019;12;15;2;3;2;6;1;0;1;0;0;0;0;1;780537,6697;5820677,081;13,13021;52,46405\
202229;11;12;12214527;Alt-Tegel;2019;12;21;2;3;6;4;2;0;1;1;0;0;0;1;789937,3655;5834933,351;13,28062;52,58695\
202230;11;6;6010204;Munsterdamm;2019;12;20;2;3;0;7;2;1;1;0;0;0;0;1;795771,3135;5820232,715;13,35341;52,45203\
202231;11;11;11030720;Herzbergstra\'dfe;2019;12;19;2;3;3;6;2;0;1;0;0;0;0;1;805489,7928;5830034,126;13,50497;52,53453\
202232;11;2;2020203;Viktoriapark;2019;12;19;2;3;6;2;2;0;1;1;0;0;0;1;797524,6395;5824016,367;13,38251;52,485\
202233;11;7;7040403;Manteuffelstra\'dfe;2019;12;19;2;3;6;2;2;0;1;1;0;0;0;1;797856,102;5821887,806;13,38548;52,46574\
202234;11;5;5030730;Zitadellenweg;2019;12;20;2;3;2;6;0;0;1;0;0;0;0;1;785753,5601;5829284,845;13,21417;52,53852\
202235;11;9;9020502;Obersch\'f6neweide Ost;2019;12;19;2;3;5;2;2;0;1;0;1;0;0;1;807093,507;5821912,882;13,52105;52,46085\
202236;11;2;2050602;Samariterviertel;2019;12;5;2;3;0;6;2;0;1;0;1;0;0;1;802215,6652;5827742,066;13,45477;52,51581\
202237;11;3;3071537;Kollwitzplatz;2019;12;18;4;3;5;3;2;1;1;0;0;0;0;0;799723,33;5830079,385;13,42025;52,53814\
202238;11;7;7060601;Marienfelder Allee Nordwest;2019;12;18;2;3;6;2;2;0;1;1;0;0;0;1;797292,8614;5817293,395;13,37312;52,42486\
202239;11;12;12214421;Reinickes Hof;2019;12;18;2;2;6;2;2;0;0;1;0;0;1;1;793384,2665;5833150,017;13,32977;52,56912\
202240;11;6;6010205;S\'fcdende;2019;12;17;4;3;5;2;2;0;1;0;0;0;0;0;795329,8552;5819980,902;13,34671;52,45001\
202241;11;8;8010301;Reuterkiez;2019;12;17;4;3;5;2;2;1;1;0;0;0;0;0;800912,8102;5824454,712;13,43265;52,48707\
202242;11;12;12302108;M\'e4rkisches Zentrum;2019;12;18;2;2;6;2;2;0;1;1;0;0;0;1;793947,0428;5836638,71;13,34115;52,60009\
202243;11;8;8010301;Reuterkiez;2019;12;18;2;3;6;4;2;0;1;1;0;0;0;1;800788,5364;5824329,815;13,43072;52,48602\
202244;11;3;3071536;Teutoburger Platz;2019;12;17;4;2;9;1;2;0;1;0;0;0;0;0;799221,0843;5829275,631;13,41215;52,53121\
202245;11;7;7030303;Grazer Platz;2019;12;17;4;3;5;2;2;1;1;0;0;0;0;0;794664,6966;5821802,186;13,33856;52,4667\
202246;11;6;6020409;K\'f6nigsberger Stra\'dfe;2019;12;17;2;3;5;2;2;0;1;0;0;0;0;1;793834,7012;5817555,716;13,32264;52,42908\
202247;11;4;4030931;Breitscheidplatz;2019;12;13;4;3;2;6;0;1;1;0;0;0;1;0;794393,8737;5825715,429;13,33804;52,50192\
202248;11;8;8030830;Gropiusstadt S\'fcd;2019;12;17;2;3;5;2;2;0;1;0;0;0;1;1;802367,0667;5817759,78;13,44794;52,42626\
202249;11;4;4020311;Reichsstra\'dfe;2019;12;11;4;3;2;6;0;0;1;0;0;0;0;0;789033,737;5827002,942;13,26041;52,51633\
202250;11;9;9030902;Wohngebiet II;2019;12;10;4;3;5;3;0;0;1;0;0;0;0;0;808171,4997;5815764,214;13,5312;52,40514\
202251;11;7;7060603;Marienfelde Nordost;2019;12;17;2;2;2;2;2;0;1;0;0;1;0;1;798664,0895;5816173,758;13,39223;52,41407\
202252;11;7;7010102;Nollendorfplatz;2019;12;17;2;3;5;3;2;0;1;0;0;0;1;1;794975,077;5825092,064;13,34603;52,49602\
202253;11;9;9051901;Dammvorstadt;2019;12;10;4;3;6;7;0;0;1;1;0;0;0;1;811007,6184;5821782,102;13,57836;52,45746\
202254;11;5;5020419;Magistratsweg;2019;12;9;4;3;0;1;0;0;0;0;1;0;0;0;781822,2934;5828434,944;13,15564;52,53295\
202255;11;6;6020409;K\'f6nigsberger Stra\'dfe;2019;12;17;2;3;2;6;2;0;1;0;0;0;0;1;794058,7438;5818770,204;13,327;52,43984\
202256;11;1;1011101;St\'fclerstra\'dfe;2019;12;23;3;3;2;6;2;0;1;0;0;0;0;0;795255,9593;5826623,408;13,35151;52,5096\
202257;11;8;8010301;Reuterkiez;2019;12;23;3;2;6;4;2;0;1;1;0;0;0;0;800972,5976;5824759,314;13,43381;52,48977\
202258;11;3;3051022;Hansastra\'dfe;2019;12;16;2;2;5;2;2;0;1;0;1;0;0;1;803000,61;5832007,154;13,47019;52,55361\
202259;11;3;3020307;Buchholz;2019;12;16;2;3;5;3;2;0;1;0;0;0;1;1;799473,9816;5837476,866;13,42327;52,60458\
202260;11;9;9010401;Johannisthal West;2019;12;20;3;3;5;2;2;1;1;0;0;0;0;0;806271,103;5820979,265;13,50813;52,45294\
202261;11;6;6040808;H\'fcttenweg;2019;12;19;3;3;2;2;2;0;1;0;0;0;0;0;790146,4542;5819658,216;13,27037;52,4499\
202262;11;5;5020523;Maulbeerallee;2019;12;19;3;3;5;2;2;1;1;0;0;0;0;0;782383,2309;5827031,024;13,16269;52,52007\
202263;11;10;10020622;Kaulsdorf Nord I;2019;12;17;3;3;2;6;2;1;1;0;0;0;0;0;811181,1966;5829153,071;13,58779;52,52342\
202264;11;4;4041137;Flinsberger Platz;2019;12;16;3;3;2;6;2;0;1;0;0;0;0;0;791660,1125;5823712,92;13,29613;52,48544\
202265;11;4;4030622;Richard-Wagner-Stra\'dfe;2019;12;15;2;3;1;5;1;1;1;0;0;0;0;1;791927,2357;5827194,875;13,3031;52,51651\
202266;11;8;8041036;Zittauer Stra\'dfe;2019;12;16;2;3;6;2;2;0;1;1;0;0;0;1;804868,9026;5817569,233;13,48445;52,42316\
202267;11;1;1011305;Heine-Viertel West;2019;12;16;3;3;5;3;2;1;1;0;0;0;0;0;799131,1392;5827129,004;13,40889;52,51202\
202268;11;10;10020622;Kaulsdorf Nord I;2019;12;16;2;3;2;6;2;0;1;0;0;0;0;1;811203,6465;5828909,677;13,58789;52,52122\
202269;11;6;6020306;Lankwitz S\'fcd;2019;12;16;3;3;5;3;2;0;1;0;0;0;0;1;796880,8037;5817491,449;13,36726;52,42686\
202270;11;4;4030725;Amtsgerichtsplatz;2019;12;15;2;3;5;3;1;1;1;0;0;0;0;1;791761,8948;5826439,524;13,30001;52,50983\
202271;11;4;4051447;Ludwigkirchplatz;2019;12;15;2;3;5;3;0;0;1;0;0;0;0;0;793289,235;5824602,429;13,32083;52,49254\
202272;11;5;5010208;Germersheimer Platz;2019;12;16;3;2;6;4;2;0;1;1;0;0;0;0;784009,3788;5830505,634;13,18956;52,55038\
202273;11;2;2050801;Traveplatz;2019;12;13;2;3;5;2;0;0;1;0;1;0;0;0;803426,9667;5826923,135;13,47182;52,5078\
202274;11;1;1011302;Oranienburger Stra\'dfe;2019;12;13;2;3;1;5;0;1;0;0;0;1;0;0;798951,1119;5828949,217;13,40789;52,52843\
202275;11;1;1022103;Westhafen;2019;12;12;2;3;2;6;0;0;1;0;0;0;1;0;793505,6406;5829361,697;13,32821;52,53509\
202276;11;10;10010308;Marzahner Chaussee;2019;12;10;3;2;0;7;1;1;0;0;0;0;0;0;806554,6955;5830221,092;13,5208;52,53561\
202277;11;12;12103218;Teichstra\'dfe;2019;12;5;3;3;6;2;2;0;1;1;0;0;0;0;794947,1876;5833094,492;13,35272;52,56777\
202278;11;8;8030831;Gropiusstadt Ost;2019;12;11;2;3;0;3;0;0;1;0;1;0;0;1;803350,5371;5817401,044;13,46204;52,4225\
202279;11;4;4051551;Brabanter Platz;2019;12;11;2;3;2;6;0;0;1;0;1;0;0;0;793349,4737;5823003,373;13,32031;52,47817\
202280;11;7;7020201;Bayerischer Platz;2019;12;15;3;3;5;2;0;1;1;0;0;0;0;0;794934,4837;5824320,312;13,34475;52,48913\
202281;11;10;10040932;Alt-Mahlsdorf;2019;12;11;2;2;5;3;0;0;1;0;0;0;0;0;812270,0629;5827748,525;13,60247;52,51021\
202282;11;3;3040508;Rosenthal;2019;12;9;2;2;4;6;0;0;1;0;0;0;0;0;795926,0107;5836461,342;13,37012;52,59742\
202283;11;7;7070704;Nahariyastra\'dfe;2019;12;15;3;3;5;2;0;1;1;0;0;0;0;0;799931,2509;5814007,693;13,40887;52,39397\
202284;11;7;7070705;Franziusweg/Rohrbachstra\'dfe;2019;12;13;3;3;5;3;0;1;1;0;0;0;0;1;799251,7202;5812641,973;13,39769;52,3821\
202285;11;2;2010102;Mehringplatz;2019;12;9;2;3;5;2;0;1;1;0;0;0;0;0;798401,5808;5826418,732;13,39754;52,50605\
202286;11;9;9041302;Wendenschlo\'df;2019;12;9;2;3;1;5;0;0;1;0;0;0;0;0;812153,7452;5817822,522;13,59147;52,42133\
202287;11;6;6040703;Nikolassee;2019;12;13;3;3;0;1;0;1;0;0;0;0;0;1;786768,0943;5817058,025;13,21857;52,42837\
202288;11;10;10020413;Gut Hellersdorf;2019;12;13;3;3;5;3;0;1;1;0;0;0;0;0;811113,234;5831265,985;13,58877;52,54239\
202289;11;3;3030715;Heinersdorf;2019;12;7;2;2;5;3;1;1;0;0;0;0;1;1;800812,6694;5833502,985;13,43937;52,56823\
202290;11;4;4041344;R\'fcdesheimer Platz;2019;12;7;2;3;5;3;2;1;1;0;0;0;0;0;793378,2099;5821960,191;13,31982;52,46881\
202291;11;8;8010302;Bouch\'e9stra\'dfe;2019;12;6;2;3;5;3;1;1;0;0;0;0;1;0;801396,7215;5824766,876;13,44004;52,4896\
202292;11;4;4051550;Leon-Jessel-Platz;2019;12;13;3;3;5;3;0;1;0;0;0;0;0;0;793018,4882;5824224,464;13,31653;52,4893\
202293;11;8;8010405;Hertzbergplatz;2019;12;6;2;3;5;3;2;1;1;0;0;0;0;0;802116,7599;5823637,627;13,44959;52,47908\
202294;11;4;4031032;Halensee;2019;12;12;3;3;5;2;0;0;1;0;0;0;0;0;790960,3925;5824830,286;13,28683;52,49583\
202295;11;9;9051901;Dammvorstadt;2019;12;6;2;3;5;2;2;1;0;0;0;0;1;1;809660,8491;5821507,81;13,55835;52,45577\
202296;11;11;11020412;Hauptstra\'dfe;2019;12;6;2;3;5;3;2;0;1;0;0;0;0;0;805619,8521;5831775,87;13,50849;52,55007\
202297;11;2;2010101;Askanischer Platz;2019;12;12;3;3;0;2;0;1;1;0;0;0;0;0;797766,0186;5826038,61;13,38786;52,50299\
202298;11;3;3030711;Blankenburg;2019;12;15;2;3;5;3;1;0;1;0;0;0;1;1;801612,6072;5836130,641;13,45353;52,59133\
202299;11;1;1044203;Leopoldplatz;2019;12;20;1;3;2;6;2;0;1;0;0;0;1;1;795356,2155;5831471,996;13,35729;52,55301\
202300;11;1;1044201;Reinickendorfer Stra\'dfe;2019;12;18;1;3;3;6;2;0;1;0;0;0;0;1;795685,2011;5830919,635;13,36164;52,54788\
202301;11;5;5030832;Rohrdamm;2019;12;11;3;2;6;7;0;0;1;1;0;0;0;0;789557,4838;5829274,423;13,27009;52,53642\
202302;11;11;11040926;Weitlingstra\'dfe;2019;12;11;3;3;5;3;0;1;1;0;0;0;0;0;806133,5019;5826708,193;13,51137;52,50436\
202303;11;7;7010102;Nollendorfplatz;2019;12;18;1;3;2;6;2;0;1;0;0;0;0;1;794982,5379;5825666,213;13,34664;52,50117\
202304;11;8;8010211;Flughafenstra\'dfe;2019;12;18;1;3;5;7;2;0;1;0;0;0;1;0;800427,9307;5823790,276;13,42494;52,48138\
202305;11;4;4020312;Branitzer Platz;2019;12;9;3;3;5;3;0;0;1;0;0;0;0;1;789790,5298;5827130,704;13,27165;52,51708\
202306;11;8;8020727;Buckow Mitte;2019;12;9;3;3;5;2;0;0;1;0;0;0;0;1;801025,6085;5817070,168;13,42765;52,42082\
202307;11;3;3040614;Pankow Zentrum;2019;12;17;1;3;6;4;2;0;1;1;0;0;0;1;798075,0079;5833617,85;13,3992;52,57076\
202308;11;1;1011104;K\'f6rnerstra\'dfe;2019;12;16;1;3;5;3;2;0;1;0;0;0;0;1;796361,2234;5826128,432;13,36731;52,50456\
202309;11;9;9030901;Dorf Altglienicke;2019;12;9;3;3;5;3;0;1;1;0;0;0;0;1;807475,517;5817763,674;13,52284;52,42345\
202310;11;5;5010314;Carl-Schurz-Stra\'dfe;2019;12;16;1;3;3;6;2;0;1;0;0;0;0;1;784965,0468;5829420,677;13,20269;52,54015\
202311;11;6;6040804;Krumme Lanke;2019;12;16;1;3;1;5;2;0;1;0;0;0;0;1;787545,1608;5817948,633;13,23073;52,43594\
202312;11;4;4030929;Hindemithplatz;2019;12;8;3;3;0;2;0;0;1;0;1;0;0;1;792628,7063;5825452,597;13,31188;52,50052\
202313;11;8;8010404;Rixdorf;2019;12;7;3;3;6;2;2;0;1;1;0;0;0;1;802575,2636;5823075,119;13,45581;52,47378\
202314;11;3;3030406;Alt-Karow;2019;12;15;1;3;5;3;1;0;1;0;0;0;0;1;802746,0143;5839064,296;13,47289;52,617\
202315;11;6;6040703;Nikolassee;2019;12;15;1;3;3;6;0;0;1;0;0;0;0;1;787136,364;5817205,235;13,2241;52,42949\
202316;11;4;4030415;Schlo\'dfgarten;2019;12;13;1;3;5;5;0;0;1;0;0;0;0;1;790894,4118;5827398,827;13,2881;52,51889\
202317;11;8;8020727;Buckow Mitte;2019;12;8;3;3;6;4;0;0;1;1;0;0;0;1;801399,6034;5816472,148;13,4326;52,41525\
202318;11;7;7040406;Germaniagarten;2019;12;14;1;3;3;6;0;0;1;0;0;0;0;1;799941,1212;5821288,483;13,41554;52,45922\
202319;11;12;12302109;Treuenbrietzener Stra\'dfe;2019;12;7;3;3;2;2;0;0;1;0;1;0;0;1;795748,4464;5837039,458;13,36803;52,6027\
202320;11;5;5020626;Adamstra\'dfe;2019;12;3;1;2;9;1;2;0;1;0;0;0;0;1;783343,6931;5827676,568;13,17736;52,52536\
202321;11;8;8010118;Silbersteinstra\'dfe;2019;12;3;1;3;9;1;2;0;1;0;0;0;0;0;800986,1042;5822152,949;13,43165;52,4664\
202322;11;10;10040933;Mahlsdorf S\'fcd;2019;12;7;3;3;5;2;0;0;1;0;0;0;1;1;812367,08;5823889,438;13,60027;52,47557\
202323;11;9;9010402;Johannisthal Ost;2019;12;7;3;3;6;4;2;0;1;1;0;0;0;1;806310,3664;5819359,833;13,50722;52,43841\
202324;11;3;3071638;Winsstra\'dfe;2019;12;7;1;3;0;7;0;0;0;0;1;0;1;1;799927,4026;5829773,176;13,42298;52,53528\
202325;11;10;10040828;Kaulsdorf Nord;2019;12;6;3;3;4;6;2;1;1;0;0;0;0;1;810803,0001;5827999,807;13,58115;52,5133\
202326;11;12;12231101;Hermsdorf;2019;12;0;1;2;6;4;2;0;1;1;0;0;0;1;791323,9478;5838650,71;13,3043;52,61953\
202327;11;7;7060604;Marienfelde S\'fcd;2019;12;17;7;2;5;2;2;0;1;0;0;0;0;0;796580,0896;5815865,638;13,36141;52,41245\
202328;11;7;7040401;Neu-Tempelhof;2019;12;9;3;2;6;3;0;0;0;1;0;0;1;0;797669,2802;5823706,617;13,38436;52,48214\
202329;11;11;11030619;Fennpfuhl Ost;2019;12;16;3;1;6;4;2;0;1;1;0;0;0;0;803670,0861;5829760,393;13,47798;52,5331\
202330;11;5;5030730;Zitadellenweg;2019;12;17;7;2;1;5;2;0;1;0;0;0;0;1;786573,5141;5829238,387;13,22618;52,53767\
202331;11;7;7070703;John-Locke-Stra\'dfe;2019;12;17;7;3;6;4;2;0;1;1;0;0;0;1;799785,6457;5813184,283;13,406;52,38666\
202332;11;12;12224230;Heiligensee;2019;12;11;3;1;9;1;0;0;1;0;0;0;0;0;785293,5202;5837213,182;13,21423;52,60985\